f_table_catalog,f_table_schema,f_table_name,f_geometry_column,styleName,styleQML,styleSLD,useAsDefault,description,owner,ui,update_time
,,hotspots_zoom_1,geom,hotspots_zoom_1,"<!DOCTYPE qgis PUBLIC 'http://mrcc.com/qgis.dtd' 'SYSTEM'>
<qgis styleCategories=""AllStyleCategories"" minScale=""100000000"" version=""3.16.14-Hannover"" simplifyDrawingTol=""1"" simplifyLocal=""1"" simplifyAlgorithm=""0"" readOnly=""0"" simplifyMaxScale=""1"" hasScaleBasedVisibilityFlag=""1"" labelsEnabled=""0"" simplifyDrawingHints=""0"" maxScale=""20000000"">
 <flags>
  <Identifiable>1</Identifiable>
  <Removable>1</Removable>
  <Searchable>1</Searchable>
 </flags>
 <temporal endField="""" startExpression="""" accumulate=""0"" enabled=""0"" mode=""0"" durationUnit=""min"" startField="""" endExpression="""" durationField="""" fixedDuration=""0"">
  <fixedRange>
   <start></start>
   <end></end>
  </fixedRange>
 </temporal>
 <renderer-v2 enableorderby=""1"" type=""graduatedSymbol"" graduatedMethod=""GraduatedColor"" attr=""if(  (&quot;sig_time&quot; &lt;=0.01) AND (&quot;certainty&quot; = 'good'), rate_time, 0)"" symbollevels=""0"" forceraster=""0"">
  <ranges>
   <range label=""&lt; -5.0 m / year coastline retreat"" symbol=""0"" render=""true"" lower=""-50.000000000000000"" upper=""-5.000000000000000""/>
   <range label=""   -5.0 to -3.0 m / year"" symbol=""1"" render=""true"" lower=""-5.000000000000000"" upper=""-3.000000000000000""/>
   <range label=""   -3.0 to -1.0 m / year"" symbol=""2"" render=""true"" lower=""-3.000000000000000"" upper=""-1.000000000000000""/>
   <range label=""   -1.0 to -0.5 m / year"" symbol=""3"" render=""true"" lower=""-1.000000000000000"" upper=""-0.500000000000000""/>
   <range label=""   -0.5 to -0.3 m / year"" symbol=""4"" render=""true"" lower=""-0.500000000000000"" upper=""-0.300000000000000""/>
   <range label=""   -0.3 to -0.15 m / year"" symbol=""5"" render=""true"" lower=""-0.300000000000000"" upper=""-0.150000000000000""/>
   <range label=""   -0.15 m to 0 m / year"" symbol=""6"" render=""true"" lower=""-0.150000000000000"" upper=""-0.010000000000000""/>
   <range label=""No significant change or low certainty"" symbol=""7"" render=""true"" lower=""-0.010000000000000"" upper=""0.010000000000000""/>
   <range label=""    0.0 to 0.15 m / year"" symbol=""8"" render=""true"" lower=""0.010000000000000"" upper=""0.150000000000000""/>
   <range label=""    0.15 to 0.3 m / year"" symbol=""9"" render=""true"" lower=""0.150000000000000"" upper=""0.300000000000000""/>
   <range label=""    0.3 to 0.5 m / year"" symbol=""10"" render=""true"" lower=""0.300000000000000"" upper=""0.500000000000000""/>
   <range label=""    0.5 to 1.0 m / year"" symbol=""11"" render=""true"" lower=""0.500000000000000"" upper=""1.000000000000000""/>
   <range label=""    1.0 to 3.0 m / year"" symbol=""12"" render=""true"" lower=""1.000000000000000"" upper=""3.000000000000000""/>
   <range label=""    3.0 to 5.0 m / year"" symbol=""13"" render=""true"" lower=""3.000000000000000"" upper=""5.000000000000000""/>
   <range label="" > 5.0 m / year coastline growth"" symbol=""14"" render=""true"" lower=""5.000000000000000"" upper=""50.000000000000000""/>
  </ranges>
  <symbols>
   <symbol alpha=""1"" clip_to_extent=""1"" type=""marker"" name=""0"" force_rhr=""0"">
    <layer class=""SimpleMarker"" enabled=""1"" locked=""0"" pass=""0"">
     <prop k=""angle"" v=""0""/>
     <prop k=""color"" v=""189,0,32,255""/>
     <prop k=""horizontal_anchor_point"" v=""1""/>
     <prop k=""joinstyle"" v=""bevel""/>
     <prop k=""name"" v=""circle""/>
     <prop k=""offset"" v=""0,0""/>
     <prop k=""offset_map_unit_scale"" v=""3x:0,0,0,0,0,0""/>
     <prop k=""offset_unit"" v=""MM""/>
     <prop k=""outline_color"" v=""255,255,255,0""/>
     <prop k=""outline_style"" v=""solid""/>
     <prop k=""outline_width"" v=""0""/>
     <prop k=""outline_width_map_unit_scale"" v=""3x:0,0,0,0,0,0""/>
     <prop k=""outline_width_unit"" v=""MM""/>
     <prop k=""scale_method"" v=""diameter""/>
     <prop k=""size"" v=""3.2""/>
     <prop k=""size_map_unit_scale"" v=""3x:0,0,0,0,0,0""/>
     <prop k=""size_unit"" v=""MM""/>
     <prop k=""vertical_anchor_point"" v=""1""/>
     <data_defined_properties>
      <Option type=""Map"">
       <Option type=""QString"" name=""name"" value=""""/>
       <Option name=""properties""/>
       <Option type=""QString"" name=""type"" value=""collection""/>
      </Option>
     </data_defined_properties>
    </layer>
   </symbol>
   <symbol alpha=""1"" clip_to_extent=""1"" type=""marker"" name=""1"" force_rhr=""0"">
    <layer class=""SimpleMarker"" enabled=""1"" locked=""0"" pass=""0"">
     <prop k=""angle"" v=""0""/>
     <prop k=""color"" v=""202,0,32,255""/>
     <prop k=""horizontal_anchor_point"" v=""1""/>
     <prop k=""joinstyle"" v=""bevel""/>
     <prop k=""name"" v=""circle""/>
     <prop k=""offset"" v=""0,0""/>
     <prop k=""offset_map_unit_scale"" v=""3x:0,0,0,0,0,0""/>
     <prop k=""offset_unit"" v=""MM""/>
     <prop k=""outline_color"" v=""255,255,255,0""/>
     <prop k=""outline_style"" v=""solid""/>
     <prop k=""outline_width"" v=""0""/>
     <prop k=""outline_width_map_unit_scale"" v=""3x:0,0,0,0,0,0""/>
     <prop k=""outline_width_unit"" v=""MM""/>
     <prop k=""scale_method"" v=""diameter""/>
     <prop k=""size"" v=""2.8""/>
     <prop k=""size_map_unit_scale"" v=""3x:0,0,0,0,0,0""/>
     <prop k=""size_unit"" v=""MM""/>
     <prop k=""vertical_anchor_point"" v=""1""/>
     <data_defined_properties>
      <Option type=""Map"">
       <Option type=""QString"" name=""name"" value=""""/>
       <Option name=""properties""/>
       <Option type=""QString"" name=""type"" value=""collection""/>
      </Option>
     </data_defined_properties>
    </layer>
   </symbol>
   <symbol alpha=""1"" clip_to_extent=""1"" type=""marker"" name=""10"" force_rhr=""0"">
    <layer class=""SimpleMarker"" enabled=""1"" locked=""0"" pass=""0"">
     <prop k=""angle"" v=""0""/>
     <prop k=""color"" v=""155,202,225,255""/>
     <prop k=""horizontal_anchor_point"" v=""1""/>
     <prop k=""joinstyle"" v=""bevel""/>
     <prop k=""name"" v=""circle""/>
     <prop k=""offset"" v=""0,0""/>
     <prop k=""offset_map_unit_scale"" v=""3x:0,0,0,0,0,0""/>
     <prop k=""offset_unit"" v=""MM""/>
     <prop k=""outline_color"" v=""255,255,255,0""/>
     <prop k=""outline_style"" v=""solid""/>
     <prop k=""outline_width"" v=""0""/>
     <prop k=""outline_width_map_unit_scale"" v=""3x:0,0,0,0,0,0""/>
     <prop k=""outline_width_unit"" v=""MM""/>
     <prop k=""scale_method"" v=""diameter""/>
     <prop k=""size"" v=""1.6""/>
     <prop k=""size_map_unit_scale"" v=""3x:0,0,0,0,0,0""/>
     <prop k=""size_unit"" v=""MM""/>
     <prop k=""vertical_anchor_point"" v=""1""/>
     <data_defined_properties>
      <Option type=""Map"">
       <Option type=""QString"" name=""name"" value=""""/>
       <Option name=""properties""/>
       <Option type=""QString"" name=""type"" value=""collection""/>
      </Option>
     </data_defined_properties>
    </layer>
   </symbol>
   <symbol alpha=""1"" clip_to_extent=""1"" type=""marker"" name=""11"" force_rhr=""0"">
    <layer class=""SimpleMarker"" enabled=""1"" locked=""0"" pass=""0"">
     <prop k=""angle"" v=""0""/>
     <prop k=""color"" v=""107,174,210,255""/>
     <prop k=""horizontal_anchor_point"" v=""1""/>
     <prop k=""joinstyle"" v=""bevel""/>
     <prop k=""name"" v=""circle""/>
     <prop k=""offset"" v=""0,0""/>
     <prop k=""offset_map_unit_scale"" v=""3x:0,0,0,0,0,0""/>
     <prop k=""offset_unit"" v=""MM""/>
     <prop k=""outline_color"" v=""255,255,255,0""/>
     <prop k=""outline_style"" v=""solid""/>
     <prop k=""outline_width"" v=""0""/>
     <prop k=""outline_width_map_unit_scale"" v=""3x:0,0,0,0,0,0""/>
     <prop k=""outline_width_unit"" v=""MM""/>
     <prop k=""scale_method"" v=""diameter""/>
     <prop k=""size"" v=""2""/>
     <prop k=""size_map_unit_scale"" v=""3x:0,0,0,0,0,0""/>
     <prop k=""size_unit"" v=""MM""/>
     <prop k=""vertical_anchor_point"" v=""1""/>
     <data_defined_properties>
      <Option type=""Map"">
       <Option type=""QString"" name=""name"" value=""""/>
       <Option name=""properties""/>
       <Option type=""QString"" name=""type"" value=""collection""/>
      </Option>
     </data_defined_properties>
    </layer>
   </symbol>
   <symbol alpha=""1"" clip_to_extent=""1"" type=""marker"" name=""12"" force_rhr=""0"">
    <layer class=""SimpleMarker"" enabled=""1"" locked=""0"" pass=""0"">
     <prop k=""angle"" v=""0""/>
     <prop k=""color"" v=""56,144,193,255""/>
     <prop k=""horizontal_anchor_point"" v=""1""/>
     <prop k=""joinstyle"" v=""bevel""/>
     <prop k=""name"" v=""circle""/>
     <prop k=""offset"" v=""0,0""/>
     <prop k=""offset_map_unit_scale"" v=""3x:0,0,0,0,0,0""/>
     <prop k=""offset_unit"" v=""MM""/>
     <prop k=""outline_color"" v=""255,255,255,0""/>
     <prop k=""outline_style"" v=""solid""/>
     <prop k=""outline_width"" v=""0""/>
     <prop k=""outline_width_map_unit_scale"" v=""3x:0,0,0,0,0,0""/>
     <prop k=""outline_width_unit"" v=""MM""/>
     <prop k=""scale_method"" v=""diameter""/>
     <prop k=""size"" v=""2.4""/>
     <prop k=""size_map_unit_scale"" v=""3x:0,0,0,0,0,0""/>
     <prop k=""size_unit"" v=""MM""/>
     <prop k=""vertical_anchor_point"" v=""1""/>
     <data_defined_properties>
      <Option type=""Map"">
       <Option type=""QString"" name=""name"" value=""""/>
       <Option name=""properties""/>
       <Option type=""QString"" name=""type"" value=""collection""/>
      </Option>
     </data_defined_properties>
    </layer>
   </symbol>
   <symbol alpha=""1"" clip_to_extent=""1"" type=""marker"" name=""13"" force_rhr=""0"">
    <layer class=""SimpleMarker"" enabled=""1"" locked=""0"" pass=""0"">
     <prop k=""angle"" v=""0""/>
     <prop k=""color"" v=""5,113,176,255""/>
     <prop k=""horizontal_anchor_point"" v=""1""/>
     <prop k=""joinstyle"" v=""bevel""/>
     <prop k=""name"" v=""circle""/>
     <prop k=""offset"" v=""0,0""/>
     <prop k=""offset_map_unit_scale"" v=""3x:0,0,0,0,0,0""/>
     <prop k=""offset_unit"" v=""MM""/>
     <prop k=""outline_color"" v=""255,255,255,0""/>
     <prop k=""outline_style"" v=""solid""/>
     <prop k=""outline_width"" v=""0""/>
     <prop k=""outline_width_map_unit_scale"" v=""3x:0,0,0,0,0,0""/>
     <prop k=""outline_width_unit"" v=""MM""/>
     <prop k=""scale_method"" v=""diameter""/>
     <prop k=""size"" v=""2.8""/>
     <prop k=""size_map_unit_scale"" v=""3x:0,0,0,0,0,0""/>
     <prop k=""size_unit"" v=""MM""/>
     <prop k=""vertical_anchor_point"" v=""1""/>
     <data_defined_properties>
      <Option type=""Map"">
       <Option type=""QString"" name=""name"" value=""""/>
       <Option name=""properties""/>
       <Option type=""QString"" name=""type"" value=""collection""/>
      </Option>
     </data_defined_properties>
    </layer>
   </symbol>
   <symbol alpha=""1"" clip_to_extent=""1"" type=""marker"" name=""14"" force_rhr=""0"">
    <layer class=""SimpleMarker"" enabled=""1"" locked=""0"" pass=""0"">
     <prop k=""angle"" v=""0""/>
     <prop k=""color"" v=""4,105,163,255""/>
     <prop k=""horizontal_anchor_point"" v=""1""/>
     <prop k=""joinstyle"" v=""bevel""/>
     <prop k=""name"" v=""circle""/>
     <prop k=""offset"" v=""0,0""/>
     <prop k=""offset_map_unit_scale"" v=""3x:0,0,0,0,0,0""/>
     <prop k=""offset_unit"" v=""MM""/>
     <prop k=""outline_color"" v=""255,255,255,0""/>
     <prop k=""outline_style"" v=""solid""/>
     <prop k=""outline_width"" v=""0""/>
     <prop k=""outline_width_map_unit_scale"" v=""3x:0,0,0,0,0,0""/>
     <prop k=""outline_width_unit"" v=""MM""/>
     <prop k=""scale_method"" v=""diameter""/>
     <prop k=""size"" v=""3.2""/>
     <prop k=""size_map_unit_scale"" v=""3x:0,0,0,0,0,0""/>
     <prop k=""size_unit"" v=""MM""/>
     <prop k=""vertical_anchor_point"" v=""1""/>
     <data_defined_properties>
      <Option type=""Map"">
       <Option type=""QString"" name=""name"" value=""""/>
       <Option name=""properties""/>
       <Option type=""QString"" name=""type"" value=""collection""/>
      </Option>
     </data_defined_properties>
    </layer>
   </symbol>
   <symbol alpha=""1"" clip_to_extent=""1"" type=""marker"" name=""2"" force_rhr=""0"">
    <layer class=""SimpleMarker"" enabled=""1"" locked=""0"" pass=""0"">
     <prop k=""angle"" v=""0""/>
     <prop k=""color"" v=""218,60,67,255""/>
     <prop k=""horizontal_anchor_point"" v=""1""/>
     <prop k=""joinstyle"" v=""bevel""/>
     <prop k=""name"" v=""circle""/>
     <prop k=""offset"" v=""0,0""/>
     <prop k=""offset_map_unit_scale"" v=""3x:0,0,0,0,0,0""/>
     <prop k=""offset_unit"" v=""MM""/>
     <prop k=""outline_color"" v=""255,255,255,0""/>
     <prop k=""outline_style"" v=""solid""/>
     <prop k=""outline_width"" v=""0""/>
     <prop k=""outline_width_map_unit_scale"" v=""3x:0,0,0,0,0,0""/>
     <prop k=""outline_width_unit"" v=""MM""/>
     <prop k=""scale_method"" v=""diameter""/>
     <prop k=""size"" v=""2.4""/>
     <prop k=""size_map_unit_scale"" v=""3x:0,0,0,0,0,0""/>
     <prop k=""size_unit"" v=""MM""/>
     <prop k=""vertical_anchor_point"" v=""1""/>
     <data_defined_properties>
      <Option type=""Map"">
       <Option type=""QString"" name=""name"" value=""""/>
       <Option name=""properties""/>
       <Option type=""QString"" name=""type"" value=""collection""/>
      </Option>
     </data_defined_properties>
    </layer>
   </symbol>
   <symbol alpha=""1"" clip_to_extent=""1"" type=""marker"" name=""3"" force_rhr=""0"">
    <layer class=""SimpleMarker"" enabled=""1"" locked=""0"" pass=""0"">
     <prop k=""angle"" v=""0""/>
     <prop k=""color"" v=""233,120,103,255""/>
     <prop k=""horizontal_anchor_point"" v=""1""/>
     <prop k=""joinstyle"" v=""bevel""/>
     <prop k=""name"" v=""circle""/>
     <prop k=""offset"" v=""0,0""/>
     <prop k=""offset_map_unit_scale"" v=""3x:0,0,0,0,0,0""/>
     <prop k=""offset_unit"" v=""MM""/>
     <prop k=""outline_color"" v=""255,255,255,0""/>
     <prop k=""outline_style"" v=""solid""/>
     <prop k=""outline_width"" v=""0""/>
     <prop k=""outline_width_map_unit_scale"" v=""3x:0,0,0,0,0,0""/>
     <prop k=""outline_width_unit"" v=""MM""/>
     <prop k=""scale_method"" v=""diameter""/>
     <prop k=""size"" v=""2""/>
     <prop k=""size_map_unit_scale"" v=""3x:0,0,0,0,0,0""/>
     <prop k=""size_unit"" v=""MM""/>
     <prop k=""vertical_anchor_point"" v=""1""/>
     <data_defined_properties>
      <Option type=""Map"">
       <Option type=""QString"" name=""name"" value=""""/>
       <Option name=""properties""/>
       <Option type=""QString"" name=""type"" value=""collection""/>
      </Option>
     </data_defined_properties>
    </layer>
   </symbol>
   <symbol alpha=""1"" clip_to_extent=""1"" type=""marker"" name=""4"" force_rhr=""0"">
    <layer class=""SimpleMarker"" enabled=""1"" locked=""0"" pass=""0"">
     <prop k=""angle"" v=""0""/>
     <prop k=""color"" v=""245,173,141,255""/>
     <prop k=""horizontal_anchor_point"" v=""1""/>
     <prop k=""joinstyle"" v=""bevel""/>
     <prop k=""name"" v=""circle""/>
     <prop k=""offset"" v=""0,0""/>
     <prop k=""offset_map_unit_scale"" v=""3x:0,0,0,0,0,0""/>
     <prop k=""offset_unit"" v=""MM""/>
     <prop k=""outline_color"" v=""255,255,255,0""/>
     <prop k=""outline_style"" v=""solid""/>
     <prop k=""outline_width"" v=""0""/>
     <prop k=""outline_width_map_unit_scale"" v=""3x:0,0,0,0,0,0""/>
     <prop k=""outline_width_unit"" v=""MM""/>
     <prop k=""scale_method"" v=""diameter""/>
     <prop k=""size"" v=""1.6""/>
     <prop k=""size_map_unit_scale"" v=""3x:0,0,0,0,0,0""/>
     <prop k=""size_unit"" v=""MM""/>
     <prop k=""vertical_anchor_point"" v=""1""/>
     <data_defined_properties>
      <Option type=""Map"">
       <Option type=""QString"" name=""name"" value=""""/>
       <Option name=""properties""/>
       <Option type=""QString"" name=""type"" value=""collection""/>
      </Option>
     </data_defined_properties>
    </layer>
   </symbol>
   <symbol alpha=""1"" clip_to_extent=""1"" type=""marker"" name=""5"" force_rhr=""0"">
    <layer class=""SimpleMarker"" enabled=""1"" locked=""0"" pass=""0"">
     <prop k=""angle"" v=""0""/>
     <prop k=""color"" v=""246,203,183,255""/>
     <prop k=""horizontal_anchor_point"" v=""1""/>
     <prop k=""joinstyle"" v=""bevel""/>
     <prop k=""name"" v=""circle""/>
     <prop k=""offset"" v=""0,0""/>
     <prop k=""offset_map_unit_scale"" v=""3x:0,0,0,0,0,0""/>
     <prop k=""offset_unit"" v=""MM""/>
     <prop k=""outline_color"" v=""255,255,255,0""/>
     <prop k=""outline_style"" v=""solid""/>
     <prop k=""outline_width"" v=""0""/>
     <prop k=""outline_width_map_unit_scale"" v=""3x:0,0,0,0,0,0""/>
     <prop k=""outline_width_unit"" v=""MM""/>
     <prop k=""scale_method"" v=""diameter""/>
     <prop k=""size"" v=""1.3""/>
     <prop k=""size_map_unit_scale"" v=""3x:0,0,0,0,0,0""/>
     <prop k=""size_unit"" v=""MM""/>
     <prop k=""vertical_anchor_point"" v=""1""/>
     <data_defined_properties>
      <Option type=""Map"">
       <Option type=""QString"" name=""name"" value=""""/>
       <Option name=""properties""/>
       <Option type=""QString"" name=""type"" value=""collection""/>
      </Option>
     </data_defined_properties>
    </layer>
   </symbol>
   <symbol alpha=""1"" clip_to_extent=""1"" type=""marker"" name=""6"" force_rhr=""0"">
    <layer class=""SimpleMarker"" enabled=""1"" locked=""0"" pass=""0"">
     <prop k=""angle"" v=""0""/>
     <prop k=""color"" v=""247,232,226,255""/>
     <prop k=""horizontal_anchor_point"" v=""1""/>
     <prop k=""joinstyle"" v=""bevel""/>
     <prop k=""name"" v=""circle""/>
     <prop k=""offset"" v=""0,0""/>
     <prop k=""offset_map_unit_scale"" v=""3x:0,0,0,0,0,0""/>
     <prop k=""offset_unit"" v=""MM""/>
     <prop k=""outline_color"" v=""255,255,255,0""/>
     <prop k=""outline_style"" v=""solid""/>
     <prop k=""outline_width"" v=""0""/>
     <prop k=""outline_width_map_unit_scale"" v=""3x:0,0,0,0,0,0""/>
     <prop k=""outline_width_unit"" v=""MM""/>
     <prop k=""scale_method"" v=""diameter""/>
     <prop k=""size"" v=""1""/>
     <prop k=""size_map_unit_scale"" v=""3x:0,0,0,0,0,0""/>
     <prop k=""size_unit"" v=""MM""/>
     <prop k=""vertical_anchor_point"" v=""1""/>
     <data_defined_properties>
      <Option type=""Map"">
       <Option type=""QString"" name=""name"" value=""""/>
       <Option name=""properties""/>
       <Option type=""QString"" name=""type"" value=""collection""/>
      </Option>
     </data_defined_properties>
    </layer>
   </symbol>
   <symbol alpha=""1"" clip_to_extent=""1"" type=""marker"" name=""7"" force_rhr=""0"">
    <layer class=""SimpleMarker"" enabled=""1"" locked=""0"" pass=""0"">
     <prop k=""angle"" v=""0""/>
     <prop k=""color"" v=""255,255,255,255""/>
     <prop k=""horizontal_anchor_point"" v=""1""/>
     <prop k=""joinstyle"" v=""bevel""/>
     <prop k=""name"" v=""circle""/>
     <prop k=""offset"" v=""0,0""/>
     <prop k=""offset_map_unit_scale"" v=""3x:0,0,0,0,0,0""/>
     <prop k=""offset_unit"" v=""MM""/>
     <prop k=""outline_color"" v=""255,255,255,88""/>
     <prop k=""outline_style"" v=""solid""/>
     <prop k=""outline_width"" v=""0""/>
     <prop k=""outline_width_map_unit_scale"" v=""3x:0,0,0,0,0,0""/>
     <prop k=""outline_width_unit"" v=""MM""/>
     <prop k=""scale_method"" v=""diameter""/>
     <prop k=""size"" v=""0.5""/>
     <prop k=""size_map_unit_scale"" v=""3x:0,0,0,0,0,0""/>
     <prop k=""size_unit"" v=""MM""/>
     <prop k=""vertical_anchor_point"" v=""1""/>
     <data_defined_properties>
      <Option type=""Map"">
       <Option type=""QString"" name=""name"" value=""""/>
       <Option name=""properties""/>
       <Option type=""QString"" name=""type"" value=""collection""/>
      </Option>
     </data_defined_properties>
    </layer>
   </symbol>
   <symbol alpha=""1"" clip_to_extent=""1"" type=""marker"" name=""8"" force_rhr=""0"">
    <layer class=""SimpleMarker"" enabled=""1"" locked=""0"" pass=""0"">
     <prop k=""angle"" v=""0""/>
     <prop k=""color"" v=""229,238,243,255""/>
     <prop k=""horizontal_anchor_point"" v=""1""/>
     <prop k=""joinstyle"" v=""bevel""/>
     <prop k=""name"" v=""circle""/>
     <prop k=""offset"" v=""0,0""/>
     <prop k=""offset_map_unit_scale"" v=""3x:0,0,0,0,0,0""/>
     <prop k=""offset_unit"" v=""MM""/>
     <prop k=""outline_color"" v=""255,255,255,0""/>
     <prop k=""outline_style"" v=""solid""/>
     <prop k=""outline_width"" v=""0""/>
     <prop k=""outline_width_map_unit_scale"" v=""3x:0,0,0,0,0,0""/>
     <prop k=""outline_width_unit"" v=""MM""/>
     <prop k=""scale_method"" v=""diameter""/>
     <prop k=""size"" v=""1""/>
     <prop k=""size_map_unit_scale"" v=""3x:0,0,0,0,0,0""/>
     <prop k=""size_unit"" v=""MM""/>
     <prop k=""vertical_anchor_point"" v=""1""/>
     <data_defined_properties>
      <Option type=""Map"">
       <Option type=""QString"" name=""name"" value=""""/>
       <Option name=""properties""/>
       <Option type=""QString"" name=""type"" value=""collection""/>
      </Option>
     </data_defined_properties>
    </layer>
   </symbol>
   <symbol alpha=""1"" clip_to_extent=""1"" type=""marker"" name=""9"" force_rhr=""0"">
    <layer class=""SimpleMarker"" enabled=""1"" locked=""0"" pass=""0"">
     <prop k=""angle"" v=""0""/>
     <prop k=""color"" v=""192,220,234,255""/>
     <prop k=""horizontal_anchor_point"" v=""1""/>
     <prop k=""joinstyle"" v=""bevel""/>
     <prop k=""name"" v=""circle""/>
     <prop k=""offset"" v=""0,0""/>
     <prop k=""offset_map_unit_scale"" v=""3x:0,0,0,0,0,0""/>
     <prop k=""offset_unit"" v=""MM""/>
     <prop k=""outline_color"" v=""255,255,255,0""/>
     <prop k=""outline_style"" v=""solid""/>
     <prop k=""outline_width"" v=""0""/>
     <prop k=""outline_width_map_unit_scale"" v=""3x:0,0,0,0,0,0""/>
     <prop k=""outline_width_unit"" v=""MM""/>
     <prop k=""scale_method"" v=""diameter""/>
     <prop k=""size"" v=""1.3""/>
     <prop k=""size_map_unit_scale"" v=""3x:0,0,0,0,0,0""/>
     <prop k=""size_unit"" v=""MM""/>
     <prop k=""vertical_anchor_point"" v=""1""/>
     <data_defined_properties>
      <Option type=""Map"">
       <Option type=""QString"" name=""name"" value=""""/>
       <Option name=""properties""/>
       <Option type=""QString"" name=""type"" value=""collection""/>
      </Option>
     </data_defined_properties>
    </layer>
   </symbol>
  </symbols>
  <source-symbol>
   <symbol alpha=""1"" clip_to_extent=""1"" type=""marker"" name=""0"" force_rhr=""0"">
    <layer class=""SimpleMarker"" enabled=""1"" locked=""0"" pass=""0"">
     <prop k=""angle"" v=""0""/>
     <prop k=""color"" v=""255,158,23,255""/>
     <prop k=""horizontal_anchor_point"" v=""1""/>
     <prop k=""joinstyle"" v=""bevel""/>
     <prop k=""name"" v=""circle""/>
     <prop k=""offset"" v=""0,0""/>
     <prop k=""offset_map_unit_scale"" v=""3x:0,0,0,0,0,0""/>
     <prop k=""offset_unit"" v=""MM""/>
     <prop k=""outline_color"" v=""255,255,255,88""/>
     <prop k=""outline_style"" v=""solid""/>
     <prop k=""outline_width"" v=""0""/>
     <prop k=""outline_width_map_unit_scale"" v=""3x:0,0,0,0,0,0""/>
     <prop k=""outline_width_unit"" v=""MM""/>
     <prop k=""scale_method"" v=""diameter""/>
     <prop k=""size"" v=""2""/>
     <prop k=""size_map_unit_scale"" v=""3x:0,0,0,0,0,0""/>
     <prop k=""size_unit"" v=""MM""/>
     <prop k=""vertical_anchor_point"" v=""1""/>
     <data_defined_properties>
      <Option type=""Map"">
       <Option type=""QString"" name=""name"" value=""""/>
       <Option name=""properties""/>
       <Option type=""QString"" name=""type"" value=""collection""/>
      </Option>
     </data_defined_properties>
    </layer>
   </symbol>
  </source-symbol>
  <colorramp type=""gradient"" name=""[source]"">
   <prop k=""color1"" v=""202,0,32,255""/>
   <prop k=""color2"" v=""5,113,176,255""/>
   <prop k=""discrete"" v=""0""/>
   <prop k=""rampType"" v=""gradient""/>
   <prop k=""stops"" v=""0.25;244,165,130,0:0.5;247,247,247,0:0.75;146,197,222,0""/>
  </colorramp>
  <classificationMethod id=""Custom"">
   <symmetricMode astride=""0"" enabled=""0"" symmetrypoint=""0""/>
   <labelFormat trimtrailingzeroes=""1"" format=""%1 - %2"" labelprecision=""4""/>
   <parameters>
    <Option/>
   </parameters>
   <extraInformation/>
  </classificationMethod>
  <rotation/>
  <sizescale/>
  <orderby>
   <orderByClause nullsFirst=""0"" asc=""1"">(""sig_time"" &lt;=0.01) AND (""certainty"" = 'good')</orderByClause>
   <orderByClause nullsFirst=""0"" asc=""1""> abs(""rate_time"" )</orderByClause>
  </orderby>
 </renderer-v2>
 <labeling type=""simple"">
  <settings calloutType=""simple"">
   <text-style fontWordSpacing=""0"" textOrientation=""horizontal"" fontItalic=""0"" allowHtml=""0"" fontKerning=""1"" previewBkgrdColor=""0,0,0,255"" namedStyle=""Regular"" textColor=""255,255,255,255"" fontSizeMapUnitScale=""3x:0,0,0,0,0,0"" useSubstitutions=""0"" textOpacity=""1"" blendMode=""0"" fontSize=""7.5"" fontStrikeout=""0"" fontWeight=""50"" multilineHeight=""5"" fieldName=""if(abs(rate_time) >= 0.3, concat(format_number(rate_time, 1), ' m (±', format_number(se_time * 1.96, 1), ')'), NULL)"" fontFamily=""MS Shell Dlg 2"" fontUnderline=""0"" isExpression=""1"" capitalization=""0"" fontLetterSpacing=""0"" fontSizeUnit=""Point"">
    <text-buffer bufferBlendMode=""0"" bufferDraw=""1"" bufferColor=""0,0,0,255"" bufferSizeMapUnitScale=""3x:0,0,0,0,0,0"" bufferNoFill=""1"" bufferOpacity=""0.5"" bufferJoinStyle=""128"" bufferSize=""0.77780000000000005"" bufferSizeUnits=""MM""/>
    <text-mask maskSize=""0"" maskedSymbolLayers="""" maskJoinStyle=""128"" maskSizeUnits=""MM"" maskType=""0"" maskSizeMapUnitScale=""3x:0,0,0,0,0,0"" maskEnabled=""0"" maskOpacity=""1""/>
    <background shapeRadiiX=""5"" shapeOffsetUnit=""MM"" shapeRotation=""0"" shapeSVGFile="""" shapeFillColor=""255,255,255,0"" shapeSizeY=""5"" shapeJoinStyle=""64"" shapeSizeX=""5"" shapeOffsetX=""0"" shapeRotationType=""0"" shapeSizeType=""0"" shapeBorderColor=""128,128,128,0"" shapeOffsetY=""0"" shapeType=""0"" shapeRadiiMapUnitScale=""3x:0,0,0,0,0,0"" shapeBorderWidth=""0"" shapeBorderWidthMapUnitScale=""3x:0,0,0,0,0,0"" shapeDraw=""0"" shapeOffsetMapUnitScale=""3x:0,0,0,0,0,0"" shapeSizeUnit=""MM"" shapeBorderWidthUnit=""MM"" shapeRadiiY=""5"" shapeOpacity=""1"" shapeBlendMode=""0"" shapeSizeMapUnitScale=""3x:0,0,0,0,0,0"" shapeRadiiUnit=""MM"">
     <symbol alpha=""1"" clip_to_extent=""1"" type=""marker"" name=""markerSymbol"" force_rhr=""0"">
      <layer class=""SimpleMarker"" enabled=""1"" locked=""0"" pass=""0"">
       <prop k=""angle"" v=""0""/>
       <prop k=""color"" v=""190,207,80,255""/>
       <prop k=""horizontal_anchor_point"" v=""1""/>
       <prop k=""joinstyle"" v=""bevel""/>
       <prop k=""name"" v=""circle""/>
       <prop k=""offset"" v=""0,0""/>
       <prop k=""offset_map_unit_scale"" v=""3x:0,0,0,0,0,0""/>
       <prop k=""offset_unit"" v=""MM""/>
       <prop k=""outline_color"" v=""35,35,35,255""/>
       <prop k=""outline_style"" v=""solid""/>
       <prop k=""outline_width"" v=""0""/>
       <prop k=""outline_width_map_unit_scale"" v=""3x:0,0,0,0,0,0""/>
       <prop k=""outline_width_unit"" v=""MM""/>
       <prop k=""scale_method"" v=""diameter""/>
       <prop k=""size"" v=""2""/>
       <prop k=""size_map_unit_scale"" v=""3x:0,0,0,0,0,0""/>
       <prop k=""size_unit"" v=""MM""/>
       <prop k=""vertical_anchor_point"" v=""1""/>
       <data_defined_properties>
        <Option type=""Map"">
         <Option type=""QString"" name=""name"" value=""""/>
         <Option name=""properties""/>
         <Option type=""QString"" name=""type"" value=""collection""/>
        </Option>
       </data_defined_properties>
      </layer>
     </symbol>
    </background>
    <shadow shadowOffsetAngle=""135"" shadowOffsetGlobal=""1"" shadowOpacity=""1"" shadowRadiusMapUnitScale=""3x:0,0,0,0,0,0"" shadowOffsetUnit=""MM"" shadowOffsetMapUnitScale=""3x:0,0,0,0,0,0"" shadowRadius=""1.5"" shadowUnder=""0"" shadowScale=""100"" shadowOffsetDist=""1"" shadowRadiusAlphaOnly=""0"" shadowColor=""255,255,255,255"" shadowRadiusUnit=""MM"" shadowDraw=""1"" shadowBlendMode=""8""/>
    <dd_properties>
     <Option type=""Map"">
      <Option type=""QString"" name=""name"" value=""""/>
      <Option name=""properties""/>
      <Option type=""QString"" name=""type"" value=""collection""/>
     </Option>
    </dd_properties>
    <substitutions/>
   </text-style>
   <text-format reverseDirectionSymbol=""0"" rightDirectionSymbol="">"" autoWrapLength=""0"" decimals=""1"" formatNumbers=""0"" leftDirectionSymbol=""&lt;"" placeDirectionSymbol=""0"" plussign=""0"" useMaxLineLengthForAutoWrap=""1"" wrapChar="""" multilineAlign=""3"" addDirectionSymbol=""0""/>
   <placement centroidWhole=""0"" maxCurvedCharAngleOut=""-25"" maxCurvedCharAngleIn=""25"" priority=""1"" geometryGeneratorEnabled=""0"" xOffset=""-5"" repeatDistanceMapUnitScale=""3x:0,0,0,0,0,0"" offsetUnits=""MM"" lineAnchorType=""0"" fitInPolygonOnly=""0"" yOffset=""0"" preserveRotation=""1"" overrunDistance=""0"" centroidInside=""0"" placementFlags=""10"" rotationAngle=""0"" overrunDistanceMapUnitScale=""3x:0,0,0,0,0,0"" labelOffsetMapUnitScale=""3x:0,0,0,0,0,0"" offsetType=""0"" geometryGenerator="""" distMapUnitScale=""3x:0,0,0,0,0,0"" repeatDistance=""0"" overrunDistanceUnit=""MM"" geometryGeneratorType=""PointGeometry"" placement=""1"" dist=""0"" distUnits=""MM"" polygonPlacementFlags=""2"" quadOffset=""3"" predefinedPositionOrder=""TR,TL,BR,BL,R,L,TSR,BSR"" repeatDistanceUnits=""MM"" lineAnchorPercent=""0.5"" layerType=""PointGeometry""/>
   <rendering scaleMin=""0"" fontMinPixelSize=""3"" zIndex=""0"" upsidedownLabels=""0"" fontLimitPixelSize=""0"" displayAll=""0"" fontMaxPixelSize=""10000"" labelPerPart=""0"" obstacle=""1"" maxNumLabels=""50"" mergeLines=""0"" obstacleFactor=""1"" obstacleType=""0"" scaleVisibility=""0"" minFeatureSize=""0"" limitNumLabels=""0"" scaleMax=""1000000"" drawLabels=""1""/>
   <dd_properties>
    <Option type=""Map"">
     <Option type=""QString"" name=""name"" value=""""/>
     <Option type=""Map"" name=""properties"">
      <Option type=""Map"" name=""Priority"">
       <Option type=""bool"" name=""active"" value=""true""/>
       <Option type=""QString"" name=""expression"" value=""abs(&quot;rate_time&quot;)""/>
       <Option type=""int"" name=""type"" value=""3""/>
      </Option>
     </Option>
     <Option type=""QString"" name=""type"" value=""collection""/>
    </Option>
   </dd_properties>
   <callout type=""simple"">
    <Option type=""Map"">
     <Option type=""QString"" name=""anchorPoint"" value=""pole_of_inaccessibility""/>
     <Option type=""Map"" name=""ddProperties"">
      <Option type=""QString"" name=""name"" value=""""/>
      <Option name=""properties""/>
      <Option type=""QString"" name=""type"" value=""collection""/>
     </Option>
     <Option type=""bool"" name=""drawToAllParts"" value=""false""/>
     <Option type=""QString"" name=""enabled"" value=""0""/>
     <Option type=""QString"" name=""labelAnchorPoint"" value=""point_on_exterior""/>
     <Option type=""QString"" name=""lineSymbol"" value=""&lt;symbol alpha=&quot;1&quot; clip_to_extent=&quot;1&quot; type=&quot;line&quot; name=&quot;symbol&quot; force_rhr=&quot;0&quot;>&lt;layer class=&quot;SimpleLine&quot; enabled=&quot;1&quot; locked=&quot;0&quot; pass=&quot;0&quot;>&lt;prop k=&quot;align_dash_pattern&quot; v=&quot;0&quot;/>&lt;prop k=&quot;capstyle&quot; v=&quot;square&quot;/>&lt;prop k=&quot;customdash&quot; v=&quot;5;2&quot;/>&lt;prop k=&quot;customdash_map_unit_scale&quot; v=&quot;3x:0,0,0,0,0,0&quot;/>&lt;prop k=&quot;customdash_unit&quot; v=&quot;MM&quot;/>&lt;prop k=&quot;dash_pattern_offset&quot; v=&quot;0&quot;/>&lt;prop k=&quot;dash_pattern_offset_map_unit_scale&quot; v=&quot;3x:0,0,0,0,0,0&quot;/>&lt;prop k=&quot;dash_pattern_offset_unit&quot; v=&quot;MM&quot;/>&lt;prop k=&quot;draw_inside_polygon&quot; v=&quot;0&quot;/>&lt;prop k=&quot;joinstyle&quot; v=&quot;bevel&quot;/>&lt;prop k=&quot;line_color&quot; v=&quot;60,60,60,255&quot;/>&lt;prop k=&quot;line_style&quot; v=&quot;solid&quot;/>&lt;prop k=&quot;line_width&quot; v=&quot;0.3&quot;/>&lt;prop k=&quot;line_width_unit&quot; v=&quot;MM&quot;/>&lt;prop k=&quot;offset&quot; v=&quot;0&quot;/>&lt;prop k=&quot;offset_map_unit_scale&quot; v=&quot;3x:0,0,0,0,0,0&quot;/>&lt;prop k=&quot;offset_unit&quot; v=&quot;MM&quot;/>&lt;prop k=&quot;ring_filter&quot; v=&quot;0&quot;/>&lt;prop k=&quot;tweak_dash_pattern_on_corners&quot; v=&quot;0&quot;/>&lt;prop k=&quot;use_custom_dash&quot; v=&quot;0&quot;/>&lt;prop k=&quot;width_map_unit_scale&quot; v=&quot;3x:0,0,0,0,0,0&quot;/>&lt;data_defined_properties>&lt;Option type=&quot;Map&quot;>&lt;Option type=&quot;QString&quot; name=&quot;name&quot; value=&quot;&quot;/>&lt;Option name=&quot;properties&quot;/>&lt;Option type=&quot;QString&quot; name=&quot;type&quot; value=&quot;collection&quot;/>&lt;/Option>&lt;/data_defined_properties>&lt;/layer>&lt;/symbol>""/>
     <Option type=""double"" name=""minLength"" value=""0""/>
     <Option type=""QString"" name=""minLengthMapUnitScale"" value=""3x:0,0,0,0,0,0""/>
     <Option type=""QString"" name=""minLengthUnit"" value=""MM""/>
     <Option type=""double"" name=""offsetFromAnchor"" value=""0""/>
     <Option type=""QString"" name=""offsetFromAnchorMapUnitScale"" value=""3x:0,0,0,0,0,0""/>
     <Option type=""QString"" name=""offsetFromAnchorUnit"" value=""MM""/>
     <Option type=""double"" name=""offsetFromLabel"" value=""0""/>
     <Option type=""QString"" name=""offsetFromLabelMapUnitScale"" value=""3x:0,0,0,0,0,0""/>
     <Option type=""QString"" name=""offsetFromLabelUnit"" value=""MM""/>
    </Option>
   </callout>
  </settings>
 </labeling>
 <customproperties>
  <property key=""embeddedWidgets/count"" value=""0""/>
  <property key=""variableNames""/>
  <property key=""variableValues""/>
 </customproperties>
 <blendMode>0</blendMode>
 <featureBlendMode>0</featureBlendMode>
 <layerOpacity>1</layerOpacity>
 <SingleCategoryDiagramRenderer diagramType=""Histogram"" attributeLegend=""1"">
  <DiagramCategory enabled=""0"" scaleDependency=""Area"" backgroundAlpha=""255"" labelPlacementMethod=""XHeight"" minimumSize=""0"" lineSizeScale=""3x:0,0,0,0,0,0"" diagramOrientation=""Up"" direction=""1"" opacity=""1"" minScaleDenominator=""15000"" maxScaleDenominator=""1e+08"" rotationOffset=""270"" sizeType=""MM"" barWidth=""5"" penColor=""#000000"" spacing=""0"" spacingUnitScale=""3x:0,0,0,0,0,0"" showAxis=""0"" spacingUnit=""MM"" sizeScale=""3x:0,0,0,0,0,0"" scaleBasedVisibility=""0"" penWidth=""0"" height=""15"" width=""15"" penAlpha=""255"" backgroundColor=""#ffffff"" lineSizeType=""MM"">
   <fontProperties style="""" description=""Cantarell,11,-1,5,50,0,0,0,0,0""/>
   <attribute color=""#000000"" label="""" field=""""/>
   <axisSymbol>
    <symbol alpha=""1"" clip_to_extent=""1"" type=""line"" name="""" force_rhr=""0"">
     <layer class=""SimpleLine"" enabled=""1"" locked=""0"" pass=""0"">
      <prop k=""align_dash_pattern"" v=""0""/>
      <prop k=""capstyle"" v=""square""/>
      <prop k=""customdash"" v=""5;2""/>
      <prop k=""customdash_map_unit_scale"" v=""3x:0,0,0,0,0,0""/>
      <prop k=""customdash_unit"" v=""MM""/>
      <prop k=""dash_pattern_offset"" v=""0""/>
      <prop k=""dash_pattern_offset_map_unit_scale"" v=""3x:0,0,0,0,0,0""/>
      <prop k=""dash_pattern_offset_unit"" v=""MM""/>
      <prop k=""draw_inside_polygon"" v=""0""/>
      <prop k=""joinstyle"" v=""bevel""/>
      <prop k=""line_color"" v=""35,35,35,255""/>
      <prop k=""line_style"" v=""solid""/>
      <prop k=""line_width"" v=""0.26""/>
      <prop k=""line_width_unit"" v=""MM""/>
      <prop k=""offset"" v=""0""/>
      <prop k=""offset_map_unit_scale"" v=""3x:0,0,0,0,0,0""/>
      <prop k=""offset_unit"" v=""MM""/>
      <prop k=""ring_filter"" v=""0""/>
      <prop k=""tweak_dash_pattern_on_corners"" v=""0""/>
      <prop k=""use_custom_dash"" v=""0""/>
      <prop k=""width_map_unit_scale"" v=""3x:0,0,0,0,0,0""/>
      <data_defined_properties>
       <Option type=""Map"">
        <Option type=""QString"" name=""name"" value=""""/>
        <Option name=""properties""/>
        <Option type=""QString"" name=""type"" value=""collection""/>
       </Option>
      </data_defined_properties>
     </layer>
    </symbol>
   </axisSymbol>
  </DiagramCategory>
 </SingleCategoryDiagramRenderer>
 <DiagramLayerSettings placement=""0"" priority=""0"" dist=""0"" showAll=""1"" obstacle=""0"" linePlacementFlags=""18"" zIndex=""0"">
  <properties>
   <Option type=""Map"">
    <Option type=""QString"" name=""name"" value=""""/>
    <Option name=""properties""/>
    <Option type=""QString"" name=""type"" value=""collection""/>
   </Option>
  </properties>
 </DiagramLayerSettings>
 <geometryOptions removeDuplicateNodes=""0"" geometryPrecision=""0"">
  <activeChecks/>
  <checkConfiguration/>
 </geometryOptions>
 <legend type=""default-vector""/>
 <referencedLayers/>
 <fieldConfiguration>
  <field name=""fid"" configurationFlags=""None"">
   <editWidget type=""TextEdit"">
    <config>
     <Option/>
    </config>
   </editWidget>
  </field>
  <field name=""uid"" configurationFlags=""None"">
   <editWidget type=""TextEdit"">
    <config>
     <Option/>
    </config>
   </editWidget>
  </field>
  <field name=""dist_1988"" configurationFlags=""None"">
   <editWidget type=""TextEdit"">
    <config>
     <Option/>
    </config>
   </editWidget>
  </field>
  <field name=""dist_1989"" configurationFlags=""None"">
   <editWidget type=""TextEdit"">
    <config>
     <Option/>
    </config>
   </editWidget>
  </field>
  <field name=""dist_1990"" configurationFlags=""None"">
   <editWidget type=""TextEdit"">
    <config>
     <Option/>
    </config>
   </editWidget>
  </field>
  <field name=""dist_1991"" configurationFlags=""None"">
   <editWidget type=""TextEdit"">
    <config>
     <Option/>
    </config>
   </editWidget>
  </field>
  <field name=""dist_1992"" configurationFlags=""None"">
   <editWidget type=""TextEdit"">
    <config>
     <Option/>
    </config>
   </editWidget>
  </field>
  <field name=""dist_1993"" configurationFlags=""None"">
   <editWidget type=""TextEdit"">
    <config>
     <Option/>
    </config>
   </editWidget>
  </field>
  <field name=""dist_1994"" configurationFlags=""None"">
   <editWidget type=""TextEdit"">
    <config>
     <Option/>
    </config>
   </editWidget>
  </field>
  <field name=""dist_1995"" configurationFlags=""None"">
   <editWidget type=""TextEdit"">
    <config>
     <Option/>
    </config>
   </editWidget>
  </field>
  <field name=""dist_1996"" configurationFlags=""None"">
   <editWidget type=""TextEdit"">
    <config>
     <Option/>
    </config>
   </editWidget>
  </field>
  <field name=""dist_1997"" configurationFlags=""None"">
   <editWidget type=""TextEdit"">
    <config>
     <Option/>
    </config>
   </editWidget>
  </field>
  <field name=""dist_1998"" configurationFlags=""None"">
   <editWidget type=""TextEdit"">
    <config>
     <Option/>
    </config>
   </editWidget>
  </field>
  <field name=""dist_1999"" configurationFlags=""None"">
   <editWidget type=""TextEdit"">
    <config>
     <Option/>
    </config>
   </editWidget>
  </field>
  <field name=""dist_2000"" configurationFlags=""None"">
   <editWidget type=""TextEdit"">
    <config>
     <Option/>
    </config>
   </editWidget>
  </field>
  <field name=""dist_2001"" configurationFlags=""None"">
   <editWidget type=""TextEdit"">
    <config>
     <Option/>
    </config>
   </editWidget>
  </field>
  <field name=""dist_2002"" configurationFlags=""None"">
   <editWidget type=""TextEdit"">
    <config>
     <Option/>
    </config>
   </editWidget>
  </field>
  <field name=""dist_2003"" configurationFlags=""None"">
   <editWidget type=""TextEdit"">
    <config>
     <Option/>
    </config>
   </editWidget>
  </field>
  <field name=""dist_2004"" configurationFlags=""None"">
   <editWidget type=""TextEdit"">
    <config>
     <Option/>
    </config>
   </editWidget>
  </field>
  <field name=""dist_2005"" configurationFlags=""None"">
   <editWidget type=""TextEdit"">
    <config>
     <Option/>
    </config>
   </editWidget>
  </field>
  <field name=""dist_2006"" configurationFlags=""None"">
   <editWidget type=""TextEdit"">
    <config>
     <Option/>
    </config>
   </editWidget>
  </field>
  <field name=""dist_2007"" configurationFlags=""None"">
   <editWidget type=""TextEdit"">
    <config>
     <Option/>
    </config>
   </editWidget>
  </field>
  <field name=""dist_2008"" configurationFlags=""None"">
   <editWidget type=""TextEdit"">
    <config>
     <Option/>
    </config>
   </editWidget>
  </field>
  <field name=""dist_2009"" configurationFlags=""None"">
   <editWidget type=""TextEdit"">
    <config>
     <Option/>
    </config>
   </editWidget>
  </field>
  <field name=""dist_2010"" configurationFlags=""None"">
   <editWidget type=""TextEdit"">
    <config>
     <Option/>
    </config>
   </editWidget>
  </field>
  <field name=""dist_2011"" configurationFlags=""None"">
   <editWidget type=""TextEdit"">
    <config>
     <Option/>
    </config>
   </editWidget>
  </field>
  <field name=""dist_2012"" configurationFlags=""None"">
   <editWidget type=""TextEdit"">
    <config>
     <Option/>
    </config>
   </editWidget>
  </field>
  <field name=""dist_2013"" configurationFlags=""None"">
   <editWidget type=""TextEdit"">
    <config>
     <Option/>
    </config>
   </editWidget>
  </field>
  <field name=""dist_2014"" configurationFlags=""None"">
   <editWidget type=""TextEdit"">
    <config>
     <Option/>
    </config>
   </editWidget>
  </field>
  <field name=""dist_2015"" configurationFlags=""None"">
   <editWidget type=""TextEdit"">
    <config>
     <Option/>
    </config>
   </editWidget>
  </field>
  <field name=""dist_2016"" configurationFlags=""None"">
   <editWidget type=""TextEdit"">
    <config>
     <Option/>
    </config>
   </editWidget>
  </field>
  <field name=""dist_2017"" configurationFlags=""None"">
   <editWidget type=""TextEdit"">
    <config>
     <Option/>
    </config>
   </editWidget>
  </field>
  <field name=""dist_2018"" configurationFlags=""None"">
   <editWidget type=""TextEdit"">
    <config>
     <Option/>
    </config>
   </editWidget>
  </field>
  <field name=""dist_2019"" configurationFlags=""None"">
   <editWidget type=""TextEdit"">
    <config>
     <Option/>
    </config>
   </editWidget>
  </field>
  <field name=""dist_2020"" configurationFlags=""None"">
   <editWidget type=""TextEdit"">
    <config>
     <Option/>
    </config>
   </editWidget>
  </field>
  <field name=""dist_2021"" configurationFlags=""None"">
   <editWidget type=""TextEdit"">
    <config>
     <Option/>
    </config>
   </editWidget>
  </field>
  <field name=""rate_time"" configurationFlags=""None"">
   <editWidget type=""TextEdit"">
    <config>
     <Option/>
    </config>
   </editWidget>
  </field>
  <field name=""sig_time"" configurationFlags=""None"">
   <editWidget type=""TextEdit"">
    <config>
     <Option/>
    </config>
   </editWidget>
  </field>
  <field name=""se_time"" configurationFlags=""None"">
   <editWidget type=""TextEdit"">
    <config>
     <Option/>
    </config>
   </editWidget>
  </field>
  <field name=""outl_time"" configurationFlags=""None"">
   <editWidget type=""TextEdit"">
    <config>
     <Option/>
    </config>
   </editWidget>
  </field>
  <field name=""radius_m"" configurationFlags=""None"">
   <editWidget type=""TextEdit"">
    <config>
     <Option/>
    </config>
   </editWidget>
  </field>
  <field name=""certainty"" configurationFlags=""None"">
   <editWidget type=""TextEdit"">
    <config>
     <Option/>
    </config>
   </editWidget>
  </field>
  <field name=""n"" configurationFlags=""None"">
   <editWidget type=""TextEdit"">
    <config>
     <Option/>
    </config>
   </editWidget>
  </field>
 </fieldConfiguration>
 <aliases>
  <alias index=""0"" name="""" field=""fid""/>
  <alias index=""1"" name="""" field=""uid""/>
  <alias index=""2"" name="""" field=""dist_1988""/>
  <alias index=""3"" name="""" field=""dist_1989""/>
  <alias index=""4"" name="""" field=""dist_1990""/>
  <alias index=""5"" name="""" field=""dist_1991""/>
  <alias index=""6"" name="""" field=""dist_1992""/>
  <alias index=""7"" name="""" field=""dist_1993""/>
  <alias index=""8"" name="""" field=""dist_1994""/>
  <alias index=""9"" name="""" field=""dist_1995""/>
  <alias index=""10"" name="""" field=""dist_1996""/>
  <alias index=""11"" name="""" field=""dist_1997""/>
  <alias index=""12"" name="""" field=""dist_1998""/>
  <alias index=""13"" name="""" field=""dist_1999""/>
  <alias index=""14"" name="""" field=""dist_2000""/>
  <alias index=""15"" name="""" field=""dist_2001""/>
  <alias index=""16"" name="""" field=""dist_2002""/>
  <alias index=""17"" name="""" field=""dist_2003""/>
  <alias index=""18"" name="""" field=""dist_2004""/>
  <alias index=""19"" name="""" field=""dist_2005""/>
  <alias index=""20"" name="""" field=""dist_2006""/>
  <alias index=""21"" name="""" field=""dist_2007""/>
  <alias index=""22"" name="""" field=""dist_2008""/>
  <alias index=""23"" name="""" field=""dist_2009""/>
  <alias index=""24"" name="""" field=""dist_2010""/>
  <alias index=""25"" name="""" field=""dist_2011""/>
  <alias index=""26"" name="""" field=""dist_2012""/>
  <alias index=""27"" name="""" field=""dist_2013""/>
  <alias index=""28"" name="""" field=""dist_2014""/>
  <alias index=""29"" name="""" field=""dist_2015""/>
  <alias index=""30"" name="""" field=""dist_2016""/>
  <alias index=""31"" name="""" field=""dist_2017""/>
  <alias index=""32"" name="""" field=""dist_2018""/>
  <alias index=""33"" name="""" field=""dist_2019""/>
  <alias index=""34"" name="""" field=""dist_2020""/>
  <alias index=""35"" name="""" field=""dist_2021""/>
  <alias index=""36"" name="""" field=""rate_time""/>
  <alias index=""37"" name="""" field=""sig_time""/>
  <alias index=""38"" name="""" field=""se_time""/>
  <alias index=""39"" name="""" field=""outl_time""/>
  <alias index=""40"" name="""" field=""radius_m""/>
  <alias index=""41"" name="""" field=""certainty""/>
  <alias index=""42"" name="""" field=""n""/>
 </aliases>
 <defaults>
  <default applyOnUpdate=""0"" field=""fid"" expression=""""/>
  <default applyOnUpdate=""0"" field=""uid"" expression=""""/>
  <default applyOnUpdate=""0"" field=""dist_1988"" expression=""""/>
  <default applyOnUpdate=""0"" field=""dist_1989"" expression=""""/>
  <default applyOnUpdate=""0"" field=""dist_1990"" expression=""""/>
  <default applyOnUpdate=""0"" field=""dist_1991"" expression=""""/>
  <default applyOnUpdate=""0"" field=""dist_1992"" expression=""""/>
  <default applyOnUpdate=""0"" field=""dist_1993"" expression=""""/>
  <default applyOnUpdate=""0"" field=""dist_1994"" expression=""""/>
  <default applyOnUpdate=""0"" field=""dist_1995"" expression=""""/>
  <default applyOnUpdate=""0"" field=""dist_1996"" expression=""""/>
  <default applyOnUpdate=""0"" field=""dist_1997"" expression=""""/>
  <default applyOnUpdate=""0"" field=""dist_1998"" expression=""""/>
  <default applyOnUpdate=""0"" field=""dist_1999"" expression=""""/>
  <default applyOnUpdate=""0"" field=""dist_2000"" expression=""""/>
  <default applyOnUpdate=""0"" field=""dist_2001"" expression=""""/>
  <default applyOnUpdate=""0"" field=""dist_2002"" expression=""""/>
  <default applyOnUpdate=""0"" field=""dist_2003"" expression=""""/>
  <default applyOnUpdate=""0"" field=""dist_2004"" expression=""""/>
  <default applyOnUpdate=""0"" field=""dist_2005"" expression=""""/>
  <default applyOnUpdate=""0"" field=""dist_2006"" expression=""""/>
  <default applyOnUpdate=""0"" field=""dist_2007"" expression=""""/>
  <default applyOnUpdate=""0"" field=""dist_2008"" expression=""""/>
  <default applyOnUpdate=""0"" field=""dist_2009"" expression=""""/>
  <default applyOnUpdate=""0"" field=""dist_2010"" expression=""""/>
  <default applyOnUpdate=""0"" field=""dist_2011"" expression=""""/>
  <default applyOnUpdate=""0"" field=""dist_2012"" expression=""""/>
  <default applyOnUpdate=""0"" field=""dist_2013"" expression=""""/>
  <default applyOnUpdate=""0"" field=""dist_2014"" expression=""""/>
  <default applyOnUpdate=""0"" field=""dist_2015"" expression=""""/>
  <default applyOnUpdate=""0"" field=""dist_2016"" expression=""""/>
  <default applyOnUpdate=""0"" field=""dist_2017"" expression=""""/>
  <default applyOnUpdate=""0"" field=""dist_2018"" expression=""""/>
  <default applyOnUpdate=""0"" field=""dist_2019"" expression=""""/>
  <default applyOnUpdate=""0"" field=""dist_2020"" expression=""""/>
  <default applyOnUpdate=""0"" field=""dist_2021"" expression=""""/>
  <default applyOnUpdate=""0"" field=""rate_time"" expression=""""/>
  <default applyOnUpdate=""0"" field=""sig_time"" expression=""""/>
  <default applyOnUpdate=""0"" field=""se_time"" expression=""""/>
  <default applyOnUpdate=""0"" field=""outl_time"" expression=""""/>
  <default applyOnUpdate=""0"" field=""radius_m"" expression=""""/>
  <default applyOnUpdate=""0"" field=""certainty"" expression=""""/>
  <default applyOnUpdate=""0"" field=""n"" expression=""""/>
 </defaults>
 <constraints>
  <constraint notnull_strength=""1"" constraints=""7"" exp_strength=""1"" unique_strength=""1"" field=""fid""/>
  <constraint notnull_strength=""0"" constraints=""0"" exp_strength=""0"" unique_strength=""0"" field=""uid""/>
  <constraint notnull_strength=""0"" constraints=""0"" exp_strength=""0"" unique_strength=""0"" field=""dist_1988""/>
  <constraint notnull_strength=""0"" constraints=""0"" exp_strength=""0"" unique_strength=""0"" field=""dist_1989""/>
  <constraint notnull_strength=""0"" constraints=""0"" exp_strength=""0"" unique_strength=""0"" field=""dist_1990""/>
  <constraint notnull_strength=""0"" constraints=""0"" exp_strength=""0"" unique_strength=""0"" field=""dist_1991""/>
  <constraint notnull_strength=""0"" constraints=""0"" exp_strength=""0"" unique_strength=""0"" field=""dist_1992""/>
  <constraint notnull_strength=""0"" constraints=""0"" exp_strength=""0"" unique_strength=""0"" field=""dist_1993""/>
  <constraint notnull_strength=""0"" constraints=""0"" exp_strength=""0"" unique_strength=""0"" field=""dist_1994""/>
  <constraint notnull_strength=""0"" constraints=""0"" exp_strength=""0"" unique_strength=""0"" field=""dist_1995""/>
  <constraint notnull_strength=""0"" constraints=""0"" exp_strength=""0"" unique_strength=""0"" field=""dist_1996""/>
  <constraint notnull_strength=""0"" constraints=""0"" exp_strength=""0"" unique_strength=""0"" field=""dist_1997""/>
  <constraint notnull_strength=""0"" constraints=""0"" exp_strength=""0"" unique_strength=""0"" field=""dist_1998""/>
  <constraint notnull_strength=""0"" constraints=""0"" exp_strength=""0"" unique_strength=""0"" field=""dist_1999""/>
  <constraint notnull_strength=""0"" constraints=""0"" exp_strength=""0"" unique_strength=""0"" field=""dist_2000""/>
  <constraint notnull_strength=""0"" constraints=""0"" exp_strength=""0"" unique_strength=""0"" field=""dist_2001""/>
  <constraint notnull_strength=""0"" constraints=""0"" exp_strength=""0"" unique_strength=""0"" field=""dist_2002""/>
  <constraint notnull_strength=""0"" constraints=""0"" exp_strength=""0"" unique_strength=""0"" field=""dist_2003""/>
  <constraint notnull_strength=""0"" constraints=""0"" exp_strength=""0"" unique_strength=""0"" field=""dist_2004""/>
  <constraint notnull_strength=""0"" constraints=""0"" exp_strength=""0"" unique_strength=""0"" field=""dist_2005""/>
  <constraint notnull_strength=""0"" constraints=""0"" exp_strength=""0"" unique_strength=""0"" field=""dist_2006""/>
  <constraint notnull_strength=""0"" constraints=""0"" exp_strength=""0"" unique_strength=""0"" field=""dist_2007""/>
  <constraint notnull_strength=""0"" constraints=""0"" exp_strength=""0"" unique_strength=""0"" field=""dist_2008""/>
  <constraint notnull_strength=""0"" constraints=""0"" exp_strength=""0"" unique_strength=""0"" field=""dist_2009""/>
  <constraint notnull_strength=""0"" constraints=""0"" exp_strength=""0"" unique_strength=""0"" field=""dist_2010""/>
  <constraint notnull_strength=""0"" constraints=""0"" exp_strength=""0"" unique_strength=""0"" field=""dist_2011""/>
  <constraint notnull_strength=""0"" constraints=""0"" exp_strength=""0"" unique_strength=""0"" field=""dist_2012""/>
  <constraint notnull_strength=""0"" constraints=""0"" exp_strength=""0"" unique_strength=""0"" field=""dist_2013""/>
  <constraint notnull_strength=""0"" constraints=""0"" exp_strength=""0"" unique_strength=""0"" field=""dist_2014""/>
  <constraint notnull_strength=""0"" constraints=""0"" exp_strength=""0"" unique_strength=""0"" field=""dist_2015""/>
  <constraint notnull_strength=""0"" constraints=""0"" exp_strength=""0"" unique_strength=""0"" field=""dist_2016""/>
  <constraint notnull_strength=""0"" constraints=""0"" exp_strength=""0"" unique_strength=""0"" field=""dist_2017""/>
  <constraint notnull_strength=""0"" constraints=""0"" exp_strength=""0"" unique_strength=""0"" field=""dist_2018""/>
  <constraint notnull_strength=""0"" constraints=""0"" exp_strength=""0"" unique_strength=""0"" field=""dist_2019""/>
  <constraint notnull_strength=""0"" constraints=""0"" exp_strength=""0"" unique_strength=""0"" field=""dist_2020""/>
  <constraint notnull_strength=""0"" constraints=""0"" exp_strength=""0"" unique_strength=""0"" field=""dist_2021""/>
  <constraint notnull_strength=""0"" constraints=""0"" exp_strength=""0"" unique_strength=""0"" field=""rate_time""/>
  <constraint notnull_strength=""0"" constraints=""0"" exp_strength=""0"" unique_strength=""0"" field=""sig_time""/>
  <constraint notnull_strength=""0"" constraints=""0"" exp_strength=""0"" unique_strength=""0"" field=""se_time""/>
  <constraint notnull_strength=""0"" constraints=""0"" exp_strength=""0"" unique_strength=""0"" field=""outl_time""/>
  <constraint notnull_strength=""0"" constraints=""0"" exp_strength=""0"" unique_strength=""0"" field=""radius_m""/>
  <constraint notnull_strength=""0"" constraints=""0"" exp_strength=""0"" unique_strength=""0"" field=""certainty""/>
  <constraint notnull_strength=""0"" constraints=""0"" exp_strength=""0"" unique_strength=""0"" field=""n""/>
 </constraints>
 <constraintExpressions>
  <constraint exp="""" field=""fid"" desc=""""/>
  <constraint exp="""" field=""uid"" desc=""""/>
  <constraint exp="""" field=""dist_1988"" desc=""""/>
  <constraint exp="""" field=""dist_1989"" desc=""""/>
  <constraint exp="""" field=""dist_1990"" desc=""""/>
  <constraint exp="""" field=""dist_1991"" desc=""""/>
  <constraint exp="""" field=""dist_1992"" desc=""""/>
  <constraint exp="""" field=""dist_1993"" desc=""""/>
  <constraint exp="""" field=""dist_1994"" desc=""""/>
  <constraint exp="""" field=""dist_1995"" desc=""""/>
  <constraint exp="""" field=""dist_1996"" desc=""""/>
  <constraint exp="""" field=""dist_1997"" desc=""""/>
  <constraint exp="""" field=""dist_1998"" desc=""""/>
  <constraint exp="""" field=""dist_1999"" desc=""""/>
  <constraint exp="""" field=""dist_2000"" desc=""""/>
  <constraint exp="""" field=""dist_2001"" desc=""""/>
  <constraint exp="""" field=""dist_2002"" desc=""""/>
  <constraint exp="""" field=""dist_2003"" desc=""""/>
  <constraint exp="""" field=""dist_2004"" desc=""""/>
  <constraint exp="""" field=""dist_2005"" desc=""""/>
  <constraint exp="""" field=""dist_2006"" desc=""""/>
  <constraint exp="""" field=""dist_2007"" desc=""""/>
  <constraint exp="""" field=""dist_2008"" desc=""""/>
  <constraint exp="""" field=""dist_2009"" desc=""""/>
  <constraint exp="""" field=""dist_2010"" desc=""""/>
  <constraint exp="""" field=""dist_2011"" desc=""""/>
  <constraint exp="""" field=""dist_2012"" desc=""""/>
  <constraint exp="""" field=""dist_2013"" desc=""""/>
  <constraint exp="""" field=""dist_2014"" desc=""""/>
  <constraint exp="""" field=""dist_2015"" desc=""""/>
  <constraint exp="""" field=""dist_2016"" desc=""""/>
  <constraint exp="""" field=""dist_2017"" desc=""""/>
  <constraint exp="""" field=""dist_2018"" desc=""""/>
  <constraint exp="""" field=""dist_2019"" desc=""""/>
  <constraint exp="""" field=""dist_2020"" desc=""""/>
  <constraint exp="""" field=""dist_2021"" desc=""""/>
  <constraint exp="""" field=""rate_time"" desc=""""/>
  <constraint exp="""" field=""sig_time"" desc=""""/>
  <constraint exp="""" field=""se_time"" desc=""""/>
  <constraint exp="""" field=""outl_time"" desc=""""/>
  <constraint exp="""" field=""radius_m"" desc=""""/>
  <constraint exp="""" field=""certainty"" desc=""""/>
  <constraint exp="""" field=""n"" desc=""""/>
 </constraintExpressions>
 <expressionfields/>
 <attributeactions>
  <defaultAction key=""Canvas"" value=""{00000000-0000-0000-0000-000000000000}""/>
 </attributeactions>
 <attributetableconfig actionWidgetStyle=""dropDown"" sortExpression=""&quot;move_abs&quot;"" sortOrder=""1"">
  <columns>
   <column width=""-1"" type=""actions"" hidden=""1""/>
   <column width=""-1"" type=""field"" name=""rate_time"" hidden=""0""/>
   <column width=""-1"" type=""field"" name=""sig_time"" hidden=""0""/>
   <column width=""-1"" type=""field"" name=""outl_time"" hidden=""0""/>
   <column width=""-1"" type=""field"" name=""se_time"" hidden=""0""/>
   <column width=""-1"" type=""field"" name=""dist_2000"" hidden=""0""/>
   <column width=""-1"" type=""field"" name=""dist_2001"" hidden=""0""/>
   <column width=""-1"" type=""field"" name=""dist_2002"" hidden=""0""/>
   <column width=""-1"" type=""field"" name=""dist_2003"" hidden=""0""/>
   <column width=""-1"" type=""field"" name=""dist_2004"" hidden=""0""/>
   <column width=""-1"" type=""field"" name=""dist_2005"" hidden=""0""/>
   <column width=""-1"" type=""field"" name=""dist_2006"" hidden=""0""/>
   <column width=""-1"" type=""field"" name=""dist_2007"" hidden=""0""/>
   <column width=""-1"" type=""field"" name=""dist_2008"" hidden=""0""/>
   <column width=""-1"" type=""field"" name=""dist_2009"" hidden=""0""/>
   <column width=""-1"" type=""field"" name=""dist_2010"" hidden=""0""/>
   <column width=""-1"" type=""field"" name=""dist_2011"" hidden=""0""/>
   <column width=""-1"" type=""field"" name=""dist_2012"" hidden=""0""/>
   <column width=""-1"" type=""field"" name=""dist_2013"" hidden=""0""/>
   <column width=""-1"" type=""field"" name=""dist_2014"" hidden=""0""/>
   <column width=""-1"" type=""field"" name=""dist_2015"" hidden=""0""/>
   <column width=""-1"" type=""field"" name=""dist_2016"" hidden=""0""/>
   <column width=""-1"" type=""field"" name=""dist_2017"" hidden=""0""/>
   <column width=""-1"" type=""field"" name=""dist_2018"" hidden=""0""/>
   <column width=""-1"" type=""field"" name=""dist_2019"" hidden=""0""/>
   <column width=""-1"" type=""field"" name=""dist_2020"" hidden=""0""/>
   <column width=""-1"" type=""field"" name=""fid"" hidden=""0""/>
   <column width=""-1"" type=""field"" name=""certainty"" hidden=""0""/>
   <column width=""-1"" type=""field"" name=""uid"" hidden=""0""/>
   <column width=""-1"" type=""field"" name=""radius_m"" hidden=""0""/>
   <column width=""-1"" type=""field"" name=""n"" hidden=""0""/>
   <column width=""-1"" type=""field"" name=""dist_2021"" hidden=""0""/>
   <column width=""-1"" type=""field"" name=""dist_1988"" hidden=""0""/>
   <column width=""-1"" type=""field"" name=""dist_1989"" hidden=""0""/>
   <column width=""-1"" type=""field"" name=""dist_1990"" hidden=""0""/>
   <column width=""-1"" type=""field"" name=""dist_1991"" hidden=""0""/>
   <column width=""-1"" type=""field"" name=""dist_1992"" hidden=""0""/>
   <column width=""-1"" type=""field"" name=""dist_1993"" hidden=""0""/>
   <column width=""-1"" type=""field"" name=""dist_1994"" hidden=""0""/>
   <column width=""-1"" type=""field"" name=""dist_1995"" hidden=""0""/>
   <column width=""-1"" type=""field"" name=""dist_1996"" hidden=""0""/>
   <column width=""-1"" type=""field"" name=""dist_1997"" hidden=""0""/>
   <column width=""-1"" type=""field"" name=""dist_1998"" hidden=""0""/>
   <column width=""-1"" type=""field"" name=""dist_1999"" hidden=""0""/>
  </columns>
 </attributetableconfig>
 <conditionalstyles>
  <rowstyles/>
  <fieldstyles/>
 </conditionalstyles>
 <storedexpressions/>
 <editform tolerant=""1""></editform>
 <editforminit/>
 <editforminitcodesource>0</editforminitcodesource>
 <editforminitfilepath></editforminitfilepath>
 <editforminitcode><![CDATA[# -*- coding: utf-8 -*-
""""""
QGIS forms can have a Python function that is called when the form is
opened.

Use this function to add extra logic to your forms.

Enter the name of the function in the ""Python Init function""
field.
An example follows:
""""""
from qgis.PyQt.QtWidgets import QWidget

def my_form_open(dialog, layer, feature):
	geom = feature.geometry()
	control = dialog.findChild(QWidget, ""MyLineEdit"")
]]></editforminitcode>
 <featformsuppress>0</featformsuppress>
 <editorlayout>generatedlayout</editorlayout>
 <editable>
  <field name=""1987-01-01"" editable=""1""/>
  <field name=""1988"" editable=""1""/>
  <field name=""1988-01-01"" editable=""1""/>
  <field name=""1989"" editable=""1""/>
  <field name=""1989-01-01"" editable=""1""/>
  <field name=""1990"" editable=""1""/>
  <field name=""1990-01-01"" editable=""1""/>
  <field name=""1991"" editable=""1""/>
  <field name=""1991-01-01"" editable=""1""/>
  <field name=""1992"" editable=""1""/>
  <field name=""1992-01-01"" editable=""1""/>
  <field name=""1993"" editable=""1""/>
  <field name=""1993-01-01"" editable=""1""/>
  <field name=""1994"" editable=""1""/>
  <field name=""1994-01-01"" editable=""1""/>
  <field name=""1995"" editable=""1""/>
  <field name=""1995-01-01"" editable=""1""/>
  <field name=""1996"" editable=""1""/>
  <field name=""1996-01-01"" editable=""1""/>
  <field name=""1997"" editable=""1""/>
  <field name=""1997-01-01"" editable=""1""/>
  <field name=""1998"" editable=""1""/>
  <field name=""1998-01-01"" editable=""1""/>
  <field name=""1999"" editable=""1""/>
  <field name=""1999-01-01"" editable=""1""/>
  <field name=""2000"" editable=""1""/>
  <field name=""2000-01-01"" editable=""1""/>
  <field name=""2001"" editable=""1""/>
  <field name=""2001-01-01"" editable=""1""/>
  <field name=""2002"" editable=""1""/>
  <field name=""2002-01-01"" editable=""1""/>
  <field name=""2003"" editable=""1""/>
  <field name=""2003-01-01"" editable=""1""/>
  <field name=""2004"" editable=""1""/>
  <field name=""2004-01-01"" editable=""1""/>
  <field name=""2005"" editable=""1""/>
  <field name=""2005-01-01"" editable=""1""/>
  <field name=""2006"" editable=""1""/>
  <field name=""2006-01-01"" editable=""1""/>
  <field name=""2007"" editable=""1""/>
  <field name=""2007-01-01"" editable=""1""/>
  <field name=""2008"" editable=""1""/>
  <field name=""2008-01-01"" editable=""1""/>
  <field name=""2009"" editable=""1""/>
  <field name=""2009-01-01"" editable=""1""/>
  <field name=""2010"" editable=""1""/>
  <field name=""2010-01-01"" editable=""1""/>
  <field name=""2011"" editable=""1""/>
  <field name=""2011-01-01"" editable=""1""/>
  <field name=""2012"" editable=""1""/>
  <field name=""2012-01-01"" editable=""1""/>
  <field name=""2013"" editable=""1""/>
  <field name=""2013-01-01"" editable=""1""/>
  <field name=""2014"" editable=""1""/>
  <field name=""2014-01-01"" editable=""1""/>
  <field name=""2015"" editable=""1""/>
  <field name=""2015-01-01"" editable=""1""/>
  <field name=""2016"" editable=""1""/>
  <field name=""2016-01-01"" editable=""1""/>
  <field name=""2017"" editable=""1""/>
  <field name=""2017-01-01"" editable=""1""/>
  <field name=""2018"" editable=""1""/>
  <field name=""2018-01-01"" editable=""1""/>
  <field name=""angle_mean"" editable=""1""/>
  <field name=""angle_std"" editable=""1""/>
  <field name=""breakpoints"" editable=""1""/>
  <field name=""breaks"" editable=""1""/>
  <field name=""certainty"" editable=""1""/>
  <field name=""country"" editable=""1""/>
  <field name=""dist_1988"" editable=""1""/>
  <field name=""dist_1989"" editable=""1""/>
  <field name=""dist_1990"" editable=""1""/>
  <field name=""dist_1991"" editable=""1""/>
  <field name=""dist_1992"" editable=""1""/>
  <field name=""dist_1993"" editable=""1""/>
  <field name=""dist_1994"" editable=""1""/>
  <field name=""dist_1995"" editable=""1""/>
  <field name=""dist_1996"" editable=""1""/>
  <field name=""dist_1997"" editable=""1""/>
  <field name=""dist_1998"" editable=""1""/>
  <field name=""dist_1999"" editable=""1""/>
  <field name=""dist_2000"" editable=""1""/>
  <field name=""dist_2001"" editable=""1""/>
  <field name=""dist_2002"" editable=""1""/>
  <field name=""dist_2003"" editable=""1""/>
  <field name=""dist_2004"" editable=""1""/>
  <field name=""dist_2005"" editable=""1""/>
  <field name=""dist_2006"" editable=""1""/>
  <field name=""dist_2007"" editable=""1""/>
  <field name=""dist_2008"" editable=""1""/>
  <field name=""dist_2009"" editable=""1""/>
  <field name=""dist_2010"" editable=""1""/>
  <field name=""dist_2011"" editable=""1""/>
  <field name=""dist_2012"" editable=""1""/>
  <field name=""dist_2013"" editable=""1""/>
  <field name=""dist_2014"" editable=""1""/>
  <field name=""dist_2015"" editable=""1""/>
  <field name=""dist_2016"" editable=""1""/>
  <field name=""dist_2017"" editable=""1""/>
  <field name=""dist_2018"" editable=""1""/>
  <field name=""dist_2019"" editable=""1""/>
  <field name=""dist_2020"" editable=""1""/>
  <field name=""dist_2021"" editable=""1""/>
  <field name=""eln_outl"" editable=""1""/>
  <field name=""eln_rate"" editable=""1""/>
  <field name=""eln_sig"" editable=""1""/>
  <field name=""fid"" editable=""1""/>
  <field name=""growth"" editable=""1""/>
  <field name=""incpt_IOD"" editable=""1""/>
  <field name=""incpt_IPO"" editable=""1""/>
  <field name=""incpt_PDO"" editable=""1""/>
  <field name=""incpt_SAM"" editable=""1""/>
  <field name=""incpt_SOI"" editable=""1""/>
  <field name=""incpt_tide"" editable=""1""/>
  <field name=""incpt_time"" editable=""1""/>
  <field name=""lan_outl"" editable=""1""/>
  <field name=""lan_rate"" editable=""1""/>
  <field name=""lan_sig"" editable=""1""/>
  <field name=""layer"" editable=""1""/>
  <field name=""max_year"" editable=""1""/>
  <field name=""min_year"" editable=""1""/>
  <field name=""mov_outl"" editable=""1""/>
  <field name=""mov_rate"" editable=""1""/>
  <field name=""mov_sig"" editable=""1""/>
  <field name=""move_abs"" editable=""1""/>
  <field name=""n"" editable=""1""/>
  <field name=""neg_outl"" editable=""1""/>
  <field name=""neg_rate"" editable=""1""/>
  <field name=""neg_sig"" editable=""1""/>
  <field name=""nsm"" editable=""1""/>
  <field name=""orig_ogc_fid"" editable=""1""/>
  <field name=""outl_IOD"" editable=""1""/>
  <field name=""outl_IPO"" editable=""1""/>
  <field name=""outl_PDO"" editable=""1""/>
  <field name=""outl_SAM"" editable=""1""/>
  <field name=""outl_SOI"" editable=""1""/>
  <field name=""outl_soi"" editable=""1""/>
  <field name=""outl_tide"" editable=""1""/>
  <field name=""outl_time"" editable=""1""/>
  <field name=""path"" editable=""1""/>
  <field name=""pos_outl"" editable=""1""/>
  <field name=""pos_rate"" editable=""1""/>
  <field name=""pos_sig"" editable=""1""/>
  <field name=""radius_m"" editable=""1""/>
  <field name=""rate_IOD"" editable=""1""/>
  <field name=""rate_IPO"" editable=""1""/>
  <field name=""rate_PDO"" editable=""1""/>
  <field name=""rate_SAM"" editable=""1""/>
  <field name=""rate_SOI"" editable=""1""/>
  <field name=""rate_soi"" editable=""1""/>
  <field name=""rate_tide"" editable=""1""/>
  <field name=""rate_time"" editable=""1""/>
  <field name=""retreat"" editable=""1""/>
  <field name=""sce"" editable=""1""/>
  <field name=""se_soi"" editable=""1""/>
  <field name=""se_time"" editable=""1""/>
  <field name=""sig_IOD"" editable=""1""/>
  <field name=""sig_IPO"" editable=""1""/>
  <field name=""sig_PDO"" editable=""1""/>
  <field name=""sig_SAM"" editable=""1""/>
  <field name=""sig_SOI"" editable=""1""/>
  <field name=""sig_soi"" editable=""1""/>
  <field name=""sig_tide"" editable=""1""/>
  <field name=""sig_time"" editable=""1""/>
  <field name=""soi_outl"" editable=""1""/>
  <field name=""soi_rate"" editable=""1""/>
  <field name=""soi_sig"" editable=""1""/>
  <field name=""uid"" editable=""1""/>
  <field name=""valid_obs"" editable=""1""/>
  <field name=""valid_span"" editable=""1""/>
  <field name=""wms_s_abs"" editable=""1""/>
  <field name=""wms_s_conf"" editable=""1""/>
  <field name=""wms_s_sig"" editable=""1""/>
  <field name=""wms_t_abs"" editable=""1""/>
  <field name=""wms_t_conf"" editable=""1""/>
  <field name=""wms_t_grew"" editable=""1""/>
  <field name=""wms_t_less"" editable=""1""/>
  <field name=""wms_t_retr"" editable=""1""/>
  <field name=""wms_t_sig"" editable=""1""/>
  <field name=""wms_valobs"" editable=""1""/>
 </editable>
 <labelOnTop>
  <field labelOnTop=""0"" name=""1987-01-01""/>
  <field labelOnTop=""0"" name=""1988""/>
  <field labelOnTop=""0"" name=""1988-01-01""/>
  <field labelOnTop=""0"" name=""1989""/>
  <field labelOnTop=""0"" name=""1989-01-01""/>
  <field labelOnTop=""0"" name=""1990""/>
  <field labelOnTop=""0"" name=""1990-01-01""/>
  <field labelOnTop=""0"" name=""1991""/>
  <field labelOnTop=""0"" name=""1991-01-01""/>
  <field labelOnTop=""0"" name=""1992""/>
  <field labelOnTop=""0"" name=""1992-01-01""/>
  <field labelOnTop=""0"" name=""1993""/>
  <field labelOnTop=""0"" name=""1993-01-01""/>
  <field labelOnTop=""0"" name=""1994""/>
  <field labelOnTop=""0"" name=""1994-01-01""/>
  <field labelOnTop=""0"" name=""1995""/>
  <field labelOnTop=""0"" name=""1995-01-01""/>
  <field labelOnTop=""0"" name=""1996""/>
  <field labelOnTop=""0"" name=""1996-01-01""/>
  <field labelOnTop=""0"" name=""1997""/>
  <field labelOnTop=""0"" name=""1997-01-01""/>
  <field labelOnTop=""0"" name=""1998""/>
  <field labelOnTop=""0"" name=""1998-01-01""/>
  <field labelOnTop=""0"" name=""1999""/>
  <field labelOnTop=""0"" name=""1999-01-01""/>
  <field labelOnTop=""0"" name=""2000""/>
  <field labelOnTop=""0"" name=""2000-01-01""/>
  <field labelOnTop=""0"" name=""2001""/>
  <field labelOnTop=""0"" name=""2001-01-01""/>
  <field labelOnTop=""0"" name=""2002""/>
  <field labelOnTop=""0"" name=""2002-01-01""/>
  <field labelOnTop=""0"" name=""2003""/>
  <field labelOnTop=""0"" name=""2003-01-01""/>
  <field labelOnTop=""0"" name=""2004""/>
  <field labelOnTop=""0"" name=""2004-01-01""/>
  <field labelOnTop=""0"" name=""2005""/>
  <field labelOnTop=""0"" name=""2005-01-01""/>
  <field labelOnTop=""0"" name=""2006""/>
  <field labelOnTop=""0"" name=""2006-01-01""/>
  <field labelOnTop=""0"" name=""2007""/>
  <field labelOnTop=""0"" name=""2007-01-01""/>
  <field labelOnTop=""0"" name=""2008""/>
  <field labelOnTop=""0"" name=""2008-01-01""/>
  <field labelOnTop=""0"" name=""2009""/>
  <field labelOnTop=""0"" name=""2009-01-01""/>
  <field labelOnTop=""0"" name=""2010""/>
  <field labelOnTop=""0"" name=""2010-01-01""/>
  <field labelOnTop=""0"" name=""2011""/>
  <field labelOnTop=""0"" name=""2011-01-01""/>
  <field labelOnTop=""0"" name=""2012""/>
  <field labelOnTop=""0"" name=""2012-01-01""/>
  <field labelOnTop=""0"" name=""2013""/>
  <field labelOnTop=""0"" name=""2013-01-01""/>
  <field labelOnTop=""0"" name=""2014""/>
  <field labelOnTop=""0"" name=""2014-01-01""/>
  <field labelOnTop=""0"" name=""2015""/>
  <field labelOnTop=""0"" name=""2015-01-01""/>
  <field labelOnTop=""0"" name=""2016""/>
  <field labelOnTop=""0"" name=""2016-01-01""/>
  <field labelOnTop=""0"" name=""2017""/>
  <field labelOnTop=""0"" name=""2017-01-01""/>
  <field labelOnTop=""0"" name=""2018""/>
  <field labelOnTop=""0"" name=""2018-01-01""/>
  <field labelOnTop=""0"" name=""angle_mean""/>
  <field labelOnTop=""0"" name=""angle_std""/>
  <field labelOnTop=""0"" name=""breakpoints""/>
  <field labelOnTop=""0"" name=""breaks""/>
  <field labelOnTop=""0"" name=""certainty""/>
  <field labelOnTop=""0"" name=""country""/>
  <field labelOnTop=""0"" name=""dist_1988""/>
  <field labelOnTop=""0"" name=""dist_1989""/>
  <field labelOnTop=""0"" name=""dist_1990""/>
  <field labelOnTop=""0"" name=""dist_1991""/>
  <field labelOnTop=""0"" name=""dist_1992""/>
  <field labelOnTop=""0"" name=""dist_1993""/>
  <field labelOnTop=""0"" name=""dist_1994""/>
  <field labelOnTop=""0"" name=""dist_1995""/>
  <field labelOnTop=""0"" name=""dist_1996""/>
  <field labelOnTop=""0"" name=""dist_1997""/>
  <field labelOnTop=""0"" name=""dist_1998""/>
  <field labelOnTop=""0"" name=""dist_1999""/>
  <field labelOnTop=""0"" name=""dist_2000""/>
  <field labelOnTop=""0"" name=""dist_2001""/>
  <field labelOnTop=""0"" name=""dist_2002""/>
  <field labelOnTop=""0"" name=""dist_2003""/>
  <field labelOnTop=""0"" name=""dist_2004""/>
  <field labelOnTop=""0"" name=""dist_2005""/>
  <field labelOnTop=""0"" name=""dist_2006""/>
  <field labelOnTop=""0"" name=""dist_2007""/>
  <field labelOnTop=""0"" name=""dist_2008""/>
  <field labelOnTop=""0"" name=""dist_2009""/>
  <field labelOnTop=""0"" name=""dist_2010""/>
  <field labelOnTop=""0"" name=""dist_2011""/>
  <field labelOnTop=""0"" name=""dist_2012""/>
  <field labelOnTop=""0"" name=""dist_2013""/>
  <field labelOnTop=""0"" name=""dist_2014""/>
  <field labelOnTop=""0"" name=""dist_2015""/>
  <field labelOnTop=""0"" name=""dist_2016""/>
  <field labelOnTop=""0"" name=""dist_2017""/>
  <field labelOnTop=""0"" name=""dist_2018""/>
  <field labelOnTop=""0"" name=""dist_2019""/>
  <field labelOnTop=""0"" name=""dist_2020""/>
  <field labelOnTop=""0"" name=""dist_2021""/>
  <field labelOnTop=""0"" name=""eln_outl""/>
  <field labelOnTop=""0"" name=""eln_rate""/>
  <field labelOnTop=""0"" name=""eln_sig""/>
  <field labelOnTop=""0"" name=""fid""/>
  <field labelOnTop=""0"" name=""growth""/>
  <field labelOnTop=""0"" name=""incpt_IOD""/>
  <field labelOnTop=""0"" name=""incpt_IPO""/>
  <field labelOnTop=""0"" name=""incpt_PDO""/>
  <field labelOnTop=""0"" name=""incpt_SAM""/>
  <field labelOnTop=""0"" name=""incpt_SOI""/>
  <field labelOnTop=""0"" name=""incpt_tide""/>
  <field labelOnTop=""0"" name=""incpt_time""/>
  <field labelOnTop=""0"" name=""lan_outl""/>
  <field labelOnTop=""0"" name=""lan_rate""/>
  <field labelOnTop=""0"" name=""lan_sig""/>
  <field labelOnTop=""0"" name=""layer""/>
  <field labelOnTop=""0"" name=""max_year""/>
  <field labelOnTop=""0"" name=""min_year""/>
  <field labelOnTop=""0"" name=""mov_outl""/>
  <field labelOnTop=""0"" name=""mov_rate""/>
  <field labelOnTop=""0"" name=""mov_sig""/>
  <field labelOnTop=""0"" name=""move_abs""/>
  <field labelOnTop=""0"" name=""n""/>
  <field labelOnTop=""0"" name=""neg_outl""/>
  <field labelOnTop=""0"" name=""neg_rate""/>
  <field labelOnTop=""0"" name=""neg_sig""/>
  <field labelOnTop=""0"" name=""nsm""/>
  <field labelOnTop=""0"" name=""orig_ogc_fid""/>
  <field labelOnTop=""0"" name=""outl_IOD""/>
  <field labelOnTop=""0"" name=""outl_IPO""/>
  <field labelOnTop=""0"" name=""outl_PDO""/>
  <field labelOnTop=""0"" name=""outl_SAM""/>
  <field labelOnTop=""0"" name=""outl_SOI""/>
  <field labelOnTop=""0"" name=""outl_soi""/>
  <field labelOnTop=""0"" name=""outl_tide""/>
  <field labelOnTop=""0"" name=""outl_time""/>
  <field labelOnTop=""0"" name=""path""/>
  <field labelOnTop=""0"" name=""pos_outl""/>
  <field labelOnTop=""0"" name=""pos_rate""/>
  <field labelOnTop=""0"" name=""pos_sig""/>
  <field labelOnTop=""0"" name=""radius_m""/>
  <field labelOnTop=""0"" name=""rate_IOD""/>
  <field labelOnTop=""0"" name=""rate_IPO""/>
  <field labelOnTop=""0"" name=""rate_PDO""/>
  <field labelOnTop=""0"" name=""rate_SAM""/>
  <field labelOnTop=""0"" name=""rate_SOI""/>
  <field labelOnTop=""0"" name=""rate_soi""/>
  <field labelOnTop=""0"" name=""rate_tide""/>
  <field labelOnTop=""0"" name=""rate_time""/>
  <field labelOnTop=""0"" name=""retreat""/>
  <field labelOnTop=""0"" name=""sce""/>
  <field labelOnTop=""0"" name=""se_soi""/>
  <field labelOnTop=""0"" name=""se_time""/>
  <field labelOnTop=""0"" name=""sig_IOD""/>
  <field labelOnTop=""0"" name=""sig_IPO""/>
  <field labelOnTop=""0"" name=""sig_PDO""/>
  <field labelOnTop=""0"" name=""sig_SAM""/>
  <field labelOnTop=""0"" name=""sig_SOI""/>
  <field labelOnTop=""0"" name=""sig_soi""/>
  <field labelOnTop=""0"" name=""sig_tide""/>
  <field labelOnTop=""0"" name=""sig_time""/>
  <field labelOnTop=""0"" name=""soi_outl""/>
  <field labelOnTop=""0"" name=""soi_rate""/>
  <field labelOnTop=""0"" name=""soi_sig""/>
  <field labelOnTop=""0"" name=""uid""/>
  <field labelOnTop=""0"" name=""valid_obs""/>
  <field labelOnTop=""0"" name=""valid_span""/>
  <field labelOnTop=""0"" name=""wms_s_abs""/>
  <field labelOnTop=""0"" name=""wms_s_conf""/>
  <field labelOnTop=""0"" name=""wms_s_sig""/>
  <field labelOnTop=""0"" name=""wms_t_abs""/>
  <field labelOnTop=""0"" name=""wms_t_conf""/>
  <field labelOnTop=""0"" name=""wms_t_grew""/>
  <field labelOnTop=""0"" name=""wms_t_less""/>
  <field labelOnTop=""0"" name=""wms_t_retr""/>
  <field labelOnTop=""0"" name=""wms_t_sig""/>
  <field labelOnTop=""0"" name=""wms_valobs""/>
 </labelOnTop>
 <dataDefinedFieldProperties/>
 <widgets/>
 <previewExpression>1987-01-01</previewExpression>
 <mapTip></mapTip>
 <layerGeometryType>0</layerGeometryType>
</qgis>
","<?xml version=""1.0"" encoding=""UTF-8""?>
<StyledLayerDescriptor xmlns=""http://www.opengis.net/sld"" xsi:schemaLocation=""http://www.opengis.net/sld http://schemas.opengis.net/sld/1.1.0/StyledLayerDescriptor.xsd"" xmlns:ogc=""http://www.opengis.net/ogc"" version=""1.1.0"" xmlns:xlink=""http://www.w3.org/1999/xlink"" xmlns:xsi=""http://www.w3.org/2001/XMLSchema-instance"" xmlns:se=""http://www.opengis.net/se"">
 <NamedLayer>
  <se:Name>hotspots_zoom_1</se:Name>
  <UserStyle>
   <se:Name>hotspots_zoom_1</se:Name>
   <se:FeatureTypeStyle>
    <se:Rule>
     <se:Name>&lt; -5.0 m / year coastline retreat</se:Name>
     <se:Description>
      <se:Title>&lt; -5.0 m / year coastline retreat</se:Title>
     </se:Description>
     <ogc:Filter xmlns:ogc=""http://www.opengis.net/ogc"">
      <ogc:And>
       <ogc:PropertyIsGreaterThanOrEqualTo>
        <ogc:PropertyName>if(  (""sig_time"" &lt;=0.01) AND (""certainty"" = 'good'), rate_time, 0)</ogc:PropertyName>
        <ogc:Literal>-50</ogc:Literal>
       </ogc:PropertyIsGreaterThanOrEqualTo>
       <ogc:PropertyIsLessThanOrEqualTo>
        <ogc:PropertyName>if(  (""sig_time"" &lt;=0.01) AND (""certainty"" = 'good'), rate_time, 0)</ogc:PropertyName>
        <ogc:Literal>-5</ogc:Literal>
       </ogc:PropertyIsLessThanOrEqualTo>
      </ogc:And>
     </ogc:Filter>
     <se:PointSymbolizer>
      <se:Graphic>
       <se:Mark>
        <se:WellKnownName>circle</se:WellKnownName>
        <se:Fill>
         <se:SvgParameter name=""fill"">#bd0020</se:SvgParameter>
        </se:Fill>
        <se:Stroke>
         <se:SvgParameter name=""stroke"">#ffffff</se:SvgParameter>
         <se:SvgParameter name=""stroke-opacity"">0</se:SvgParameter>
         <se:SvgParameter name=""stroke-width"">0.5</se:SvgParameter>
        </se:Stroke>
       </se:Mark>
       <se:Size>11</se:Size>
      </se:Graphic>
     </se:PointSymbolizer>
    </se:Rule>
    <se:Rule>
     <se:Name>   -5.0 to -3.0 m / year</se:Name>
     <se:Description>
      <se:Title>   -5.0 to -3.0 m / year</se:Title>
     </se:Description>
     <ogc:Filter xmlns:ogc=""http://www.opengis.net/ogc"">
      <ogc:And>
       <ogc:PropertyIsGreaterThan>
        <ogc:PropertyName>if(  (""sig_time"" &lt;=0.01) AND (""certainty"" = 'good'), rate_time, 0)</ogc:PropertyName>
        <ogc:Literal>-5</ogc:Literal>
       </ogc:PropertyIsGreaterThan>
       <ogc:PropertyIsLessThanOrEqualTo>
        <ogc:PropertyName>if(  (""sig_time"" &lt;=0.01) AND (""certainty"" = 'good'), rate_time, 0)</ogc:PropertyName>
        <ogc:Literal>-3</ogc:Literal>
       </ogc:PropertyIsLessThanOrEqualTo>
      </ogc:And>
     </ogc:Filter>
     <se:PointSymbolizer>
      <se:Graphic>
       <se:Mark>
        <se:WellKnownName>circle</se:WellKnownName>
        <se:Fill>
         <se:SvgParameter name=""fill"">#ca0020</se:SvgParameter>
        </se:Fill>
        <se:Stroke>
         <se:SvgParameter name=""stroke"">#ffffff</se:SvgParameter>
         <se:SvgParameter name=""stroke-opacity"">0</se:SvgParameter>
         <se:SvgParameter name=""stroke-width"">0.5</se:SvgParameter>
        </se:Stroke>
       </se:Mark>
       <se:Size>10</se:Size>
      </se:Graphic>
     </se:PointSymbolizer>
    </se:Rule>
    <se:Rule>
     <se:Name>   -3.0 to -1.0 m / year</se:Name>
     <se:Description>
      <se:Title>   -3.0 to -1.0 m / year</se:Title>
     </se:Description>
     <ogc:Filter xmlns:ogc=""http://www.opengis.net/ogc"">
      <ogc:And>
       <ogc:PropertyIsGreaterThan>
        <ogc:PropertyName>if(  (""sig_time"" &lt;=0.01) AND (""certainty"" = 'good'), rate_time, 0)</ogc:PropertyName>
        <ogc:Literal>-3</ogc:Literal>
       </ogc:PropertyIsGreaterThan>
       <ogc:PropertyIsLessThanOrEqualTo>
        <ogc:PropertyName>if(  (""sig_time"" &lt;=0.01) AND (""certainty"" = 'good'), rate_time, 0)</ogc:PropertyName>
        <ogc:Literal>-1</ogc:Literal>
       </ogc:PropertyIsLessThanOrEqualTo>
      </ogc:And>
     </ogc:Filter>
     <se:PointSymbolizer>
      <se:Graphic>
       <se:Mark>
        <se:WellKnownName>circle</se:WellKnownName>
        <se:Fill>
         <se:SvgParameter name=""fill"">#da3c43</se:SvgParameter>
        </se:Fill>
        <se:Stroke>
         <se:SvgParameter name=""stroke"">#ffffff</se:SvgParameter>
         <se:SvgParameter name=""stroke-opacity"">0</se:SvgParameter>
         <se:SvgParameter name=""stroke-width"">0.5</se:SvgParameter>
        </se:Stroke>
       </se:Mark>
       <se:Size>9</se:Size>
      </se:Graphic>
     </se:PointSymbolizer>
    </se:Rule>
    <se:Rule>
     <se:Name>   -1.0 to -0.5 m / year</se:Name>
     <se:Description>
      <se:Title>   -1.0 to -0.5 m / year</se:Title>
     </se:Description>
     <ogc:Filter xmlns:ogc=""http://www.opengis.net/ogc"">
      <ogc:And>
       <ogc:PropertyIsGreaterThan>
        <ogc:PropertyName>if(  (""sig_time"" &lt;=0.01) AND (""certainty"" = 'good'), rate_time, 0)</ogc:PropertyName>
        <ogc:Literal>-1</ogc:Literal>
       </ogc:PropertyIsGreaterThan>
       <ogc:PropertyIsLessThanOrEqualTo>
        <ogc:PropertyName>if(  (""sig_time"" &lt;=0.01) AND (""certainty"" = 'good'), rate_time, 0)</ogc:PropertyName>
        <ogc:Literal>-0.5</ogc:Literal>
       </ogc:PropertyIsLessThanOrEqualTo>
      </ogc:And>
     </ogc:Filter>
     <se:PointSymbolizer>
      <se:Graphic>
       <se:Mark>
        <se:WellKnownName>circle</se:WellKnownName>
        <se:Fill>
         <se:SvgParameter name=""fill"">#e97867</se:SvgParameter>
        </se:Fill>
        <se:Stroke>
         <se:SvgParameter name=""stroke"">#ffffff</se:SvgParameter>
         <se:SvgParameter name=""stroke-opacity"">0</se:SvgParameter>
         <se:SvgParameter name=""stroke-width"">0.5</se:SvgParameter>
        </se:Stroke>
       </se:Mark>
       <se:Size>7</se:Size>
      </se:Graphic>
     </se:PointSymbolizer>
    </se:Rule>
    <se:Rule>
     <se:Name>   -0.5 to -0.3 m / year</se:Name>
     <se:Description>
      <se:Title>   -0.5 to -0.3 m / year</se:Title>
     </se:Description>
     <ogc:Filter xmlns:ogc=""http://www.opengis.net/ogc"">
      <ogc:And>
       <ogc:PropertyIsGreaterThan>
        <ogc:PropertyName>if(  (""sig_time"" &lt;=0.01) AND (""certainty"" = 'good'), rate_time, 0)</ogc:PropertyName>
        <ogc:Literal>-0.5</ogc:Literal>
       </ogc:PropertyIsGreaterThan>
       <ogc:PropertyIsLessThanOrEqualTo>
        <ogc:PropertyName>if(  (""sig_time"" &lt;=0.01) AND (""certainty"" = 'good'), rate_time, 0)</ogc:PropertyName>
        <ogc:Literal>-0.29999999999999999</ogc:Literal>
       </ogc:PropertyIsLessThanOrEqualTo>
      </ogc:And>
     </ogc:Filter>
     <se:PointSymbolizer>
      <se:Graphic>
       <se:Mark>
        <se:WellKnownName>circle</se:WellKnownName>
        <se:Fill>
         <se:SvgParameter name=""fill"">#f5ad8d</se:SvgParameter>
        </se:Fill>
        <se:Stroke>
         <se:SvgParameter name=""stroke"">#ffffff</se:SvgParameter>
         <se:SvgParameter name=""stroke-opacity"">0</se:SvgParameter>
         <se:SvgParameter name=""stroke-width"">0.5</se:SvgParameter>
        </se:Stroke>
       </se:Mark>
       <se:Size>6</se:Size>
      </se:Graphic>
     </se:PointSymbolizer>
    </se:Rule>
    <se:Rule>
     <se:Name>   -0.3 to -0.15 m / year</se:Name>
     <se:Description>
      <se:Title>   -0.3 to -0.15 m / year</se:Title>
     </se:Description>
     <ogc:Filter xmlns:ogc=""http://www.opengis.net/ogc"">
      <ogc:And>
       <ogc:PropertyIsGreaterThan>
        <ogc:PropertyName>if(  (""sig_time"" &lt;=0.01) AND (""certainty"" = 'good'), rate_time, 0)</ogc:PropertyName>
        <ogc:Literal>-0.29999999999999999</ogc:Literal>
       </ogc:PropertyIsGreaterThan>
       <ogc:PropertyIsLessThanOrEqualTo>
        <ogc:PropertyName>if(  (""sig_time"" &lt;=0.01) AND (""certainty"" = 'good'), rate_time, 0)</ogc:PropertyName>
        <ogc:Literal>-0.14999999999999999</ogc:Literal>
       </ogc:PropertyIsLessThanOrEqualTo>
      </ogc:And>
     </ogc:Filter>
     <se:PointSymbolizer>
      <se:Graphic>
       <se:Mark>
        <se:WellKnownName>circle</se:WellKnownName>
        <se:Fill>
         <se:SvgParameter name=""fill"">#f6cbb7</se:SvgParameter>
        </se:Fill>
        <se:Stroke>
         <se:SvgParameter name=""stroke"">#ffffff</se:SvgParameter>
         <se:SvgParameter name=""stroke-opacity"">0</se:SvgParameter>
         <se:SvgParameter name=""stroke-width"">0.5</se:SvgParameter>
        </se:Stroke>
       </se:Mark>
       <se:Size>5</se:Size>
      </se:Graphic>
     </se:PointSymbolizer>
    </se:Rule>
    <se:Rule>
     <se:Name>   -0.15 m to 0 m / year</se:Name>
     <se:Description>
      <se:Title>   -0.15 m to 0 m / year</se:Title>
     </se:Description>
     <ogc:Filter xmlns:ogc=""http://www.opengis.net/ogc"">
      <ogc:And>
       <ogc:PropertyIsGreaterThan>
        <ogc:PropertyName>if(  (""sig_time"" &lt;=0.01) AND (""certainty"" = 'good'), rate_time, 0)</ogc:PropertyName>
        <ogc:Literal>-0.14999999999999999</ogc:Literal>
       </ogc:PropertyIsGreaterThan>
       <ogc:PropertyIsLessThanOrEqualTo>
        <ogc:PropertyName>if(  (""sig_time"" &lt;=0.01) AND (""certainty"" = 'good'), rate_time, 0)</ogc:PropertyName>
        <ogc:Literal>-0.01</ogc:Literal>
       </ogc:PropertyIsLessThanOrEqualTo>
      </ogc:And>
     </ogc:Filter>
     <se:PointSymbolizer>
      <se:Graphic>
       <se:Mark>
        <se:WellKnownName>circle</se:WellKnownName>
        <se:Fill>
         <se:SvgParameter name=""fill"">#f7e8e2</se:SvgParameter>
        </se:Fill>
        <se:Stroke>
         <se:SvgParameter name=""stroke"">#ffffff</se:SvgParameter>
         <se:SvgParameter name=""stroke-opacity"">0</se:SvgParameter>
         <se:SvgParameter name=""stroke-width"">0.5</se:SvgParameter>
        </se:Stroke>
       </se:Mark>
       <se:Size>4</se:Size>
      </se:Graphic>
     </se:PointSymbolizer>
    </se:Rule>
    <se:Rule>
     <se:Name>No significant change or low certainty</se:Name>
     <se:Description>
      <se:Title>No significant change or low certainty</se:Title>
     </se:Description>
     <ogc:Filter xmlns:ogc=""http://www.opengis.net/ogc"">
      <ogc:And>
       <ogc:PropertyIsGreaterThan>
        <ogc:PropertyName>if(  (""sig_time"" &lt;=0.01) AND (""certainty"" = 'good'), rate_time, 0)</ogc:PropertyName>
        <ogc:Literal>-0.01</ogc:Literal>
       </ogc:PropertyIsGreaterThan>
       <ogc:PropertyIsLessThanOrEqualTo>
        <ogc:PropertyName>if(  (""sig_time"" &lt;=0.01) AND (""certainty"" = 'good'), rate_time, 0)</ogc:PropertyName>
        <ogc:Literal>0.01</ogc:Literal>
       </ogc:PropertyIsLessThanOrEqualTo>
      </ogc:And>
     </ogc:Filter>
     <se:PointSymbolizer>
      <se:Graphic>
       <se:Mark>
        <se:WellKnownName>circle</se:WellKnownName>
        <se:Fill>
         <se:SvgParameter name=""fill"">#ffffff</se:SvgParameter>
        </se:Fill>
        <se:Stroke>
         <se:SvgParameter name=""stroke"">#ffffff</se:SvgParameter>
         <se:SvgParameter name=""stroke-opacity"">0.35</se:SvgParameter>
         <se:SvgParameter name=""stroke-width"">0.5</se:SvgParameter>
        </se:Stroke>
       </se:Mark>
       <se:Size>2</se:Size>
      </se:Graphic>
     </se:PointSymbolizer>
    </se:Rule>
    <se:Rule>
     <se:Name>    0.0 to 0.15 m / year</se:Name>
     <se:Description>
      <se:Title>    0.0 to 0.15 m / year</se:Title>
     </se:Description>
     <ogc:Filter xmlns:ogc=""http://www.opengis.net/ogc"">
      <ogc:And>
       <ogc:PropertyIsGreaterThan>
        <ogc:PropertyName>if(  (""sig_time"" &lt;=0.01) AND (""certainty"" = 'good'), rate_time, 0)</ogc:PropertyName>
        <ogc:Literal>0.01</ogc:Literal>
       </ogc:PropertyIsGreaterThan>
       <ogc:PropertyIsLessThanOrEqualTo>
        <ogc:PropertyName>if(  (""sig_time"" &lt;=0.01) AND (""certainty"" = 'good'), rate_time, 0)</ogc:PropertyName>
        <ogc:Literal>0.14999999999999999</ogc:Literal>
       </ogc:PropertyIsLessThanOrEqualTo>
      </ogc:And>
     </ogc:Filter>
     <se:PointSymbolizer>
      <se:Graphic>
       <se:Mark>
        <se:WellKnownName>circle</se:WellKnownName>
        <se:Fill>
         <se:SvgParameter name=""fill"">#e5eef3</se:SvgParameter>
        </se:Fill>
        <se:Stroke>
         <se:SvgParameter name=""stroke"">#ffffff</se:SvgParameter>
         <se:SvgParameter name=""stroke-opacity"">0</se:SvgParameter>
         <se:SvgParameter name=""stroke-width"">0.5</se:SvgParameter>
        </se:Stroke>
       </se:Mark>
       <se:Size>4</se:Size>
      </se:Graphic>
     </se:PointSymbolizer>
    </se:Rule>
    <se:Rule>
     <se:Name>    0.15 to 0.3 m / year</se:Name>
     <se:Description>
      <se:Title>    0.15 to 0.3 m / year</se:Title>
     </se:Description>
     <ogc:Filter xmlns:ogc=""http://www.opengis.net/ogc"">
      <ogc:And>
       <ogc:PropertyIsGreaterThan>
        <ogc:PropertyName>if(  (""sig_time"" &lt;=0.01) AND (""certainty"" = 'good'), rate_time, 0)</ogc:PropertyName>
        <ogc:Literal>0.14999999999999999</ogc:Literal>
       </ogc:PropertyIsGreaterThan>
       <ogc:PropertyIsLessThanOrEqualTo>
        <ogc:PropertyName>if(  (""sig_time"" &lt;=0.01) AND (""certainty"" = 'good'), rate_time, 0)</ogc:PropertyName>
        <ogc:Literal>0.29999999999999999</ogc:Literal>
       </ogc:PropertyIsLessThanOrEqualTo>
      </ogc:And>
     </ogc:Filter>
     <se:PointSymbolizer>
      <se:Graphic>
       <se:Mark>
        <se:WellKnownName>circle</se:WellKnownName>
        <se:Fill>
         <se:SvgParameter name=""fill"">#c0dcea</se:SvgParameter>
        </se:Fill>
        <se:Stroke>
         <se:SvgParameter name=""stroke"">#ffffff</se:SvgParameter>
         <se:SvgParameter name=""stroke-opacity"">0</se:SvgParameter>
         <se:SvgParameter name=""stroke-width"">0.5</se:SvgParameter>
        </se:Stroke>
       </se:Mark>
       <se:Size>5</se:Size>
      </se:Graphic>
     </se:PointSymbolizer>
    </se:Rule>
    <se:Rule>
     <se:Name>    0.3 to 0.5 m / year</se:Name>
     <se:Description>
      <se:Title>    0.3 to 0.5 m / year</se:Title>
     </se:Description>
     <ogc:Filter xmlns:ogc=""http://www.opengis.net/ogc"">
      <ogc:And>
       <ogc:PropertyIsGreaterThan>
        <ogc:PropertyName>if(  (""sig_time"" &lt;=0.01) AND (""certainty"" = 'good'), rate_time, 0)</ogc:PropertyName>
        <ogc:Literal>0.29999999999999999</ogc:Literal>
       </ogc:PropertyIsGreaterThan>
       <ogc:PropertyIsLessThanOrEqualTo>
        <ogc:PropertyName>if(  (""sig_time"" &lt;=0.01) AND (""certainty"" = 'good'), rate_time, 0)</ogc:PropertyName>
        <ogc:Literal>0.5</ogc:Literal>
       </ogc:PropertyIsLessThanOrEqualTo>
      </ogc:And>
     </ogc:Filter>
     <se:PointSymbolizer>
      <se:Graphic>
       <se:Mark>
        <se:WellKnownName>circle</se:WellKnownName>
        <se:Fill>
         <se:SvgParameter name=""fill"">#9bcae1</se:SvgParameter>
        </se:Fill>
        <se:Stroke>
         <se:SvgParameter name=""stroke"">#ffffff</se:SvgParameter>
         <se:SvgParameter name=""stroke-opacity"">0</se:SvgParameter>
         <se:SvgParameter name=""stroke-width"">0.5</se:SvgParameter>
        </se:Stroke>
       </se:Mark>
       <se:Size>6</se:Size>
      </se:Graphic>
     </se:PointSymbolizer>
    </se:Rule>
    <se:Rule>
     <se:Name>    0.5 to 1.0 m / year</se:Name>
     <se:Description>
      <se:Title>    0.5 to 1.0 m / year</se:Title>
     </se:Description>
     <ogc:Filter xmlns:ogc=""http://www.opengis.net/ogc"">
      <ogc:And>
       <ogc:PropertyIsGreaterThan>
        <ogc:PropertyName>if(  (""sig_time"" &lt;=0.01) AND (""certainty"" = 'good'), rate_time, 0)</ogc:PropertyName>
        <ogc:Literal>0.5</ogc:Literal>
       </ogc:PropertyIsGreaterThan>
       <ogc:PropertyIsLessThanOrEqualTo>
        <ogc:PropertyName>if(  (""sig_time"" &lt;=0.01) AND (""certainty"" = 'good'), rate_time, 0)</ogc:PropertyName>
        <ogc:Literal>1</ogc:Literal>
       </ogc:PropertyIsLessThanOrEqualTo>
      </ogc:And>
     </ogc:Filter>
     <se:PointSymbolizer>
      <se:Graphic>
       <se:Mark>
        <se:WellKnownName>circle</se:WellKnownName>
        <se:Fill>
         <se:SvgParameter name=""fill"">#6baed2</se:SvgParameter>
        </se:Fill>
        <se:Stroke>
         <se:SvgParameter name=""stroke"">#ffffff</se:SvgParameter>
         <se:SvgParameter name=""stroke-opacity"">0</se:SvgParameter>
         <se:SvgParameter name=""stroke-width"">0.5</se:SvgParameter>
        </se:Stroke>
       </se:Mark>
       <se:Size>7</se:Size>
      </se:Graphic>
     </se:PointSymbolizer>
    </se:Rule>
    <se:Rule>
     <se:Name>    1.0 to 3.0 m / year</se:Name>
     <se:Description>
      <se:Title>    1.0 to 3.0 m / year</se:Title>
     </se:Description>
     <ogc:Filter xmlns:ogc=""http://www.opengis.net/ogc"">
      <ogc:And>
       <ogc:PropertyIsGreaterThan>
        <ogc:PropertyName>if(  (""sig_time"" &lt;=0.01) AND (""certainty"" = 'good'), rate_time, 0)</ogc:PropertyName>
        <ogc:Literal>1</ogc:Literal>
       </ogc:PropertyIsGreaterThan>
       <ogc:PropertyIsLessThanOrEqualTo>
        <ogc:PropertyName>if(  (""sig_time"" &lt;=0.01) AND (""certainty"" = 'good'), rate_time, 0)</ogc:PropertyName>
        <ogc:Literal>3</ogc:Literal>
       </ogc:PropertyIsLessThanOrEqualTo>
      </ogc:And>
     </ogc:Filter>
     <se:PointSymbolizer>
      <se:Graphic>
       <se:Mark>
        <se:WellKnownName>circle</se:WellKnownName>
        <se:Fill>
         <se:SvgParameter name=""fill"">#3890c1</se:SvgParameter>
        </se:Fill>
        <se:Stroke>
         <se:SvgParameter name=""stroke"">#ffffff</se:SvgParameter>
         <se:SvgParameter name=""stroke-opacity"">0</se:SvgParameter>
         <se:SvgParameter name=""stroke-width"">0.5</se:SvgParameter>
        </se:Stroke>
       </se:Mark>
       <se:Size>9</se:Size>
      </se:Graphic>
     </se:PointSymbolizer>
    </se:Rule>
    <se:Rule>
     <se:Name>    3.0 to 5.0 m / year</se:Name>
     <se:Description>
      <se:Title>    3.0 to 5.0 m / year</se:Title>
     </se:Description>
     <ogc:Filter xmlns:ogc=""http://www.opengis.net/ogc"">
      <ogc:And>
       <ogc:PropertyIsGreaterThan>
        <ogc:PropertyName>if(  (""sig_time"" &lt;=0.01) AND (""certainty"" = 'good'), rate_time, 0)</ogc:PropertyName>
        <ogc:Literal>3</ogc:Literal>
       </ogc:PropertyIsGreaterThan>
       <ogc:PropertyIsLessThanOrEqualTo>
        <ogc:PropertyName>if(  (""sig_time"" &lt;=0.01) AND (""certainty"" = 'good'), rate_time, 0)</ogc:PropertyName>
        <ogc:Literal>5</ogc:Literal>
       </ogc:PropertyIsLessThanOrEqualTo>
      </ogc:And>
     </ogc:Filter>
     <se:PointSymbolizer>
      <se:Graphic>
       <se:Mark>
        <se:WellKnownName>circle</se:WellKnownName>
        <se:Fill>
         <se:SvgParameter name=""fill"">#0571b0</se:SvgParameter>
        </se:Fill>
        <se:Stroke>
         <se:SvgParameter name=""stroke"">#ffffff</se:SvgParameter>
         <se:SvgParameter name=""stroke-opacity"">0</se:SvgParameter>
         <se:SvgParameter name=""stroke-width"">0.5</se:SvgParameter>
        </se:Stroke>
       </se:Mark>
       <se:Size>10</se:Size>
      </se:Graphic>
     </se:PointSymbolizer>
    </se:Rule>
    <se:Rule>
     <se:Name> > 5.0 m / year coastline growth</se:Name>
     <se:Description>
      <se:Title> > 5.0 m / year coastline growth</se:Title>
     </se:Description>
     <ogc:Filter xmlns:ogc=""http://www.opengis.net/ogc"">
      <ogc:And>
       <ogc:PropertyIsGreaterThan>
        <ogc:PropertyName>if(  (""sig_time"" &lt;=0.01) AND (""certainty"" = 'good'), rate_time, 0)</ogc:PropertyName>
        <ogc:Literal>5</ogc:Literal>
       </ogc:PropertyIsGreaterThan>
       <ogc:PropertyIsLessThanOrEqualTo>
        <ogc:PropertyName>if(  (""sig_time"" &lt;=0.01) AND (""certainty"" = 'good'), rate_time, 0)</ogc:PropertyName>
        <ogc:Literal>50</ogc:Literal>
       </ogc:PropertyIsLessThanOrEqualTo>
      </ogc:And>
     </ogc:Filter>
     <se:PointSymbolizer>
      <se:Graphic>
       <se:Mark>
        <se:WellKnownName>circle</se:WellKnownName>
        <se:Fill>
         <se:SvgParameter name=""fill"">#0469a3</se:SvgParameter>
        </se:Fill>
        <se:Stroke>
         <se:SvgParameter name=""stroke"">#ffffff</se:SvgParameter>
         <se:SvgParameter name=""stroke-opacity"">0</se:SvgParameter>
         <se:SvgParameter name=""stroke-width"">0.5</se:SvgParameter>
        </se:Stroke>
       </se:Mark>
       <se:Size>11</se:Size>
      </se:Graphic>
     </se:PointSymbolizer>
    </se:Rule>
   </se:FeatureTypeStyle>
  </UserStyle>
 </NamedLayer>
</StyledLayerDescriptor>
",1,Wed Oct 19 11:00:35 2022,,,2022-06-02T07:16:18+00:00
,,hotspots_zoom_2,geom,hotspots_zoom_2,"<!DOCTYPE qgis PUBLIC 'http://mrcc.com/qgis.dtd' 'SYSTEM'>
<qgis styleCategories=""AllStyleCategories"" minScale=""20000000"" version=""3.16.14-Hannover"" simplifyDrawingTol=""1"" simplifyLocal=""1"" simplifyAlgorithm=""0"" readOnly=""0"" simplifyMaxScale=""1"" hasScaleBasedVisibilityFlag=""1"" labelsEnabled=""0"" simplifyDrawingHints=""0"" maxScale=""5000000"">
 <flags>
  <Identifiable>1</Identifiable>
  <Removable>1</Removable>
  <Searchable>1</Searchable>
 </flags>
 <temporal endField="""" startExpression="""" accumulate=""0"" enabled=""0"" mode=""0"" durationUnit=""min"" startField="""" endExpression="""" durationField="""" fixedDuration=""0"">
  <fixedRange>
   <start></start>
   <end></end>
  </fixedRange>
 </temporal>
 <renderer-v2 enableorderby=""1"" type=""graduatedSymbol"" graduatedMethod=""GraduatedColor"" attr=""if(  (&quot;sig_time&quot; &lt;=0.01) AND (&quot;certainty&quot; = 'good'), rate_time, 0)"" symbollevels=""0"" forceraster=""0"">
  <ranges>
   <range label=""&lt; -5.0 m / year coastline retreat"" symbol=""0"" render=""true"" lower=""-50.000000000000000"" upper=""-5.000000000000000""/>
   <range label=""   -5.0 to -3.0 m / year"" symbol=""1"" render=""true"" lower=""-5.000000000000000"" upper=""-3.000000000000000""/>
   <range label=""   -3.0 to -1.0 m / year"" symbol=""2"" render=""true"" lower=""-3.000000000000000"" upper=""-1.000000000000000""/>
   <range label=""   -1.0 to -0.5 m / year"" symbol=""3"" render=""true"" lower=""-1.000000000000000"" upper=""-0.500000000000000""/>
   <range label=""   -0.5 to -0.3 m / year"" symbol=""4"" render=""true"" lower=""-0.500000000000000"" upper=""-0.300000000000000""/>
   <range label=""   -0.3 to -0.15 m / year"" symbol=""5"" render=""true"" lower=""-0.300000000000000"" upper=""-0.150000000000000""/>
   <range label=""   -0.15 m to 0 m / year"" symbol=""6"" render=""true"" lower=""-0.150000000000000"" upper=""-0.010000000000000""/>
   <range label=""No significant change or low certainty"" symbol=""7"" render=""true"" lower=""-0.010000000000000"" upper=""0.010000000000000""/>
   <range label=""    0.0 to 0.15 m / year"" symbol=""8"" render=""true"" lower=""0.010000000000000"" upper=""0.150000000000000""/>
   <range label=""    0.15 to 0.3 m / year"" symbol=""9"" render=""true"" lower=""0.150000000000000"" upper=""0.300000000000000""/>
   <range label=""    0.3 to 0.5 m / year"" symbol=""10"" render=""true"" lower=""0.300000000000000"" upper=""0.500000000000000""/>
   <range label=""    0.5 to 1.0 m / year"" symbol=""11"" render=""true"" lower=""0.500000000000000"" upper=""1.000000000000000""/>
   <range label=""    1.0 to 3.0 m / year"" symbol=""12"" render=""true"" lower=""1.000000000000000"" upper=""3.000000000000000""/>
   <range label=""    3.0 to 5.0 m / year"" symbol=""13"" render=""true"" lower=""3.000000000000000"" upper=""5.000000000000000""/>
   <range label="" > 5.0 m / year coastline growth"" symbol=""14"" render=""true"" lower=""5.000000000000000"" upper=""50.000000000000000""/>
  </ranges>
  <symbols>
   <symbol alpha=""1"" clip_to_extent=""1"" type=""marker"" name=""0"" force_rhr=""0"">
    <layer class=""SimpleMarker"" enabled=""1"" locked=""0"" pass=""0"">
     <prop k=""angle"" v=""0""/>
     <prop k=""color"" v=""189,0,32,255""/>
     <prop k=""horizontal_anchor_point"" v=""1""/>
     <prop k=""joinstyle"" v=""bevel""/>
     <prop k=""name"" v=""circle""/>
     <prop k=""offset"" v=""0,0""/>
     <prop k=""offset_map_unit_scale"" v=""3x:0,0,0,0,0,0""/>
     <prop k=""offset_unit"" v=""MM""/>
     <prop k=""outline_color"" v=""255,255,255,0""/>
     <prop k=""outline_style"" v=""solid""/>
     <prop k=""outline_width"" v=""0""/>
     <prop k=""outline_width_map_unit_scale"" v=""3x:0,0,0,0,0,0""/>
     <prop k=""outline_width_unit"" v=""MM""/>
     <prop k=""scale_method"" v=""diameter""/>
     <prop k=""size"" v=""3.2""/>
     <prop k=""size_map_unit_scale"" v=""3x:0,0,0,0,0,0""/>
     <prop k=""size_unit"" v=""MM""/>
     <prop k=""vertical_anchor_point"" v=""1""/>
     <data_defined_properties>
      <Option type=""Map"">
       <Option type=""QString"" name=""name"" value=""""/>
       <Option name=""properties""/>
       <Option type=""QString"" name=""type"" value=""collection""/>
      </Option>
     </data_defined_properties>
    </layer>
   </symbol>
   <symbol alpha=""1"" clip_to_extent=""1"" type=""marker"" name=""1"" force_rhr=""0"">
    <layer class=""SimpleMarker"" enabled=""1"" locked=""0"" pass=""0"">
     <prop k=""angle"" v=""0""/>
     <prop k=""color"" v=""202,0,32,255""/>
     <prop k=""horizontal_anchor_point"" v=""1""/>
     <prop k=""joinstyle"" v=""bevel""/>
     <prop k=""name"" v=""circle""/>
     <prop k=""offset"" v=""0,0""/>
     <prop k=""offset_map_unit_scale"" v=""3x:0,0,0,0,0,0""/>
     <prop k=""offset_unit"" v=""MM""/>
     <prop k=""outline_color"" v=""255,255,255,0""/>
     <prop k=""outline_style"" v=""solid""/>
     <prop k=""outline_width"" v=""0""/>
     <prop k=""outline_width_map_unit_scale"" v=""3x:0,0,0,0,0,0""/>
     <prop k=""outline_width_unit"" v=""MM""/>
     <prop k=""scale_method"" v=""diameter""/>
     <prop k=""size"" v=""2.8""/>
     <prop k=""size_map_unit_scale"" v=""3x:0,0,0,0,0,0""/>
     <prop k=""size_unit"" v=""MM""/>
     <prop k=""vertical_anchor_point"" v=""1""/>
     <data_defined_properties>
      <Option type=""Map"">
       <Option type=""QString"" name=""name"" value=""""/>
       <Option name=""properties""/>
       <Option type=""QString"" name=""type"" value=""collection""/>
      </Option>
     </data_defined_properties>
    </layer>
   </symbol>
   <symbol alpha=""1"" clip_to_extent=""1"" type=""marker"" name=""10"" force_rhr=""0"">
    <layer class=""SimpleMarker"" enabled=""1"" locked=""0"" pass=""0"">
     <prop k=""angle"" v=""0""/>
     <prop k=""color"" v=""155,202,225,255""/>
     <prop k=""horizontal_anchor_point"" v=""1""/>
     <prop k=""joinstyle"" v=""bevel""/>
     <prop k=""name"" v=""circle""/>
     <prop k=""offset"" v=""0,0""/>
     <prop k=""offset_map_unit_scale"" v=""3x:0,0,0,0,0,0""/>
     <prop k=""offset_unit"" v=""MM""/>
     <prop k=""outline_color"" v=""255,255,255,0""/>
     <prop k=""outline_style"" v=""solid""/>
     <prop k=""outline_width"" v=""0""/>
     <prop k=""outline_width_map_unit_scale"" v=""3x:0,0,0,0,0,0""/>
     <prop k=""outline_width_unit"" v=""MM""/>
     <prop k=""scale_method"" v=""diameter""/>
     <prop k=""size"" v=""1.6""/>
     <prop k=""size_map_unit_scale"" v=""3x:0,0,0,0,0,0""/>
     <prop k=""size_unit"" v=""MM""/>
     <prop k=""vertical_anchor_point"" v=""1""/>
     <data_defined_properties>
      <Option type=""Map"">
       <Option type=""QString"" name=""name"" value=""""/>
       <Option name=""properties""/>
       <Option type=""QString"" name=""type"" value=""collection""/>
      </Option>
     </data_defined_properties>
    </layer>
   </symbol>
   <symbol alpha=""1"" clip_to_extent=""1"" type=""marker"" name=""11"" force_rhr=""0"">
    <layer class=""SimpleMarker"" enabled=""1"" locked=""0"" pass=""0"">
     <prop k=""angle"" v=""0""/>
     <prop k=""color"" v=""107,174,210,255""/>
     <prop k=""horizontal_anchor_point"" v=""1""/>
     <prop k=""joinstyle"" v=""bevel""/>
     <prop k=""name"" v=""circle""/>
     <prop k=""offset"" v=""0,0""/>
     <prop k=""offset_map_unit_scale"" v=""3x:0,0,0,0,0,0""/>
     <prop k=""offset_unit"" v=""MM""/>
     <prop k=""outline_color"" v=""255,255,255,0""/>
     <prop k=""outline_style"" v=""solid""/>
     <prop k=""outline_width"" v=""0""/>
     <prop k=""outline_width_map_unit_scale"" v=""3x:0,0,0,0,0,0""/>
     <prop k=""outline_width_unit"" v=""MM""/>
     <prop k=""scale_method"" v=""diameter""/>
     <prop k=""size"" v=""2""/>
     <prop k=""size_map_unit_scale"" v=""3x:0,0,0,0,0,0""/>
     <prop k=""size_unit"" v=""MM""/>
     <prop k=""vertical_anchor_point"" v=""1""/>
     <data_defined_properties>
      <Option type=""Map"">
       <Option type=""QString"" name=""name"" value=""""/>
       <Option name=""properties""/>
       <Option type=""QString"" name=""type"" value=""collection""/>
      </Option>
     </data_defined_properties>
    </layer>
   </symbol>
   <symbol alpha=""1"" clip_to_extent=""1"" type=""marker"" name=""12"" force_rhr=""0"">
    <layer class=""SimpleMarker"" enabled=""1"" locked=""0"" pass=""0"">
     <prop k=""angle"" v=""0""/>
     <prop k=""color"" v=""56,144,193,255""/>
     <prop k=""horizontal_anchor_point"" v=""1""/>
     <prop k=""joinstyle"" v=""bevel""/>
     <prop k=""name"" v=""circle""/>
     <prop k=""offset"" v=""0,0""/>
     <prop k=""offset_map_unit_scale"" v=""3x:0,0,0,0,0,0""/>
     <prop k=""offset_unit"" v=""MM""/>
     <prop k=""outline_color"" v=""255,255,255,0""/>
     <prop k=""outline_style"" v=""solid""/>
     <prop k=""outline_width"" v=""0""/>
     <prop k=""outline_width_map_unit_scale"" v=""3x:0,0,0,0,0,0""/>
     <prop k=""outline_width_unit"" v=""MM""/>
     <prop k=""scale_method"" v=""diameter""/>
     <prop k=""size"" v=""2.4""/>
     <prop k=""size_map_unit_scale"" v=""3x:0,0,0,0,0,0""/>
     <prop k=""size_unit"" v=""MM""/>
     <prop k=""vertical_anchor_point"" v=""1""/>
     <data_defined_properties>
      <Option type=""Map"">
       <Option type=""QString"" name=""name"" value=""""/>
       <Option name=""properties""/>
       <Option type=""QString"" name=""type"" value=""collection""/>
      </Option>
     </data_defined_properties>
    </layer>
   </symbol>
   <symbol alpha=""1"" clip_to_extent=""1"" type=""marker"" name=""13"" force_rhr=""0"">
    <layer class=""SimpleMarker"" enabled=""1"" locked=""0"" pass=""0"">
     <prop k=""angle"" v=""0""/>
     <prop k=""color"" v=""5,113,176,255""/>
     <prop k=""horizontal_anchor_point"" v=""1""/>
     <prop k=""joinstyle"" v=""bevel""/>
     <prop k=""name"" v=""circle""/>
     <prop k=""offset"" v=""0,0""/>
     <prop k=""offset_map_unit_scale"" v=""3x:0,0,0,0,0,0""/>
     <prop k=""offset_unit"" v=""MM""/>
     <prop k=""outline_color"" v=""255,255,255,0""/>
     <prop k=""outline_style"" v=""solid""/>
     <prop k=""outline_width"" v=""0""/>
     <prop k=""outline_width_map_unit_scale"" v=""3x:0,0,0,0,0,0""/>
     <prop k=""outline_width_unit"" v=""MM""/>
     <prop k=""scale_method"" v=""diameter""/>
     <prop k=""size"" v=""2.8""/>
     <prop k=""size_map_unit_scale"" v=""3x:0,0,0,0,0,0""/>
     <prop k=""size_unit"" v=""MM""/>
     <prop k=""vertical_anchor_point"" v=""1""/>
     <data_defined_properties>
      <Option type=""Map"">
       <Option type=""QString"" name=""name"" value=""""/>
       <Option name=""properties""/>
       <Option type=""QString"" name=""type"" value=""collection""/>
      </Option>
     </data_defined_properties>
    </layer>
   </symbol>
   <symbol alpha=""1"" clip_to_extent=""1"" type=""marker"" name=""14"" force_rhr=""0"">
    <layer class=""SimpleMarker"" enabled=""1"" locked=""0"" pass=""0"">
     <prop k=""angle"" v=""0""/>
     <prop k=""color"" v=""4,105,163,255""/>
     <prop k=""horizontal_anchor_point"" v=""1""/>
     <prop k=""joinstyle"" v=""bevel""/>
     <prop k=""name"" v=""circle""/>
     <prop k=""offset"" v=""0,0""/>
     <prop k=""offset_map_unit_scale"" v=""3x:0,0,0,0,0,0""/>
     <prop k=""offset_unit"" v=""MM""/>
     <prop k=""outline_color"" v=""255,255,255,0""/>
     <prop k=""outline_style"" v=""solid""/>
     <prop k=""outline_width"" v=""0""/>
     <prop k=""outline_width_map_unit_scale"" v=""3x:0,0,0,0,0,0""/>
     <prop k=""outline_width_unit"" v=""MM""/>
     <prop k=""scale_method"" v=""diameter""/>
     <prop k=""size"" v=""3.2""/>
     <prop k=""size_map_unit_scale"" v=""3x:0,0,0,0,0,0""/>
     <prop k=""size_unit"" v=""MM""/>
     <prop k=""vertical_anchor_point"" v=""1""/>
     <data_defined_properties>
      <Option type=""Map"">
       <Option type=""QString"" name=""name"" value=""""/>
       <Option name=""properties""/>
       <Option type=""QString"" name=""type"" value=""collection""/>
      </Option>
     </data_defined_properties>
    </layer>
   </symbol>
   <symbol alpha=""1"" clip_to_extent=""1"" type=""marker"" name=""2"" force_rhr=""0"">
    <layer class=""SimpleMarker"" enabled=""1"" locked=""0"" pass=""0"">
     <prop k=""angle"" v=""0""/>
     <prop k=""color"" v=""218,60,67,255""/>
     <prop k=""horizontal_anchor_point"" v=""1""/>
     <prop k=""joinstyle"" v=""bevel""/>
     <prop k=""name"" v=""circle""/>
     <prop k=""offset"" v=""0,0""/>
     <prop k=""offset_map_unit_scale"" v=""3x:0,0,0,0,0,0""/>
     <prop k=""offset_unit"" v=""MM""/>
     <prop k=""outline_color"" v=""255,255,255,0""/>
     <prop k=""outline_style"" v=""solid""/>
     <prop k=""outline_width"" v=""0""/>
     <prop k=""outline_width_map_unit_scale"" v=""3x:0,0,0,0,0,0""/>
     <prop k=""outline_width_unit"" v=""MM""/>
     <prop k=""scale_method"" v=""diameter""/>
     <prop k=""size"" v=""2.4""/>
     <prop k=""size_map_unit_scale"" v=""3x:0,0,0,0,0,0""/>
     <prop k=""size_unit"" v=""MM""/>
     <prop k=""vertical_anchor_point"" v=""1""/>
     <data_defined_properties>
      <Option type=""Map"">
       <Option type=""QString"" name=""name"" value=""""/>
       <Option name=""properties""/>
       <Option type=""QString"" name=""type"" value=""collection""/>
      </Option>
     </data_defined_properties>
    </layer>
   </symbol>
   <symbol alpha=""1"" clip_to_extent=""1"" type=""marker"" name=""3"" force_rhr=""0"">
    <layer class=""SimpleMarker"" enabled=""1"" locked=""0"" pass=""0"">
     <prop k=""angle"" v=""0""/>
     <prop k=""color"" v=""233,120,103,255""/>
     <prop k=""horizontal_anchor_point"" v=""1""/>
     <prop k=""joinstyle"" v=""bevel""/>
     <prop k=""name"" v=""circle""/>
     <prop k=""offset"" v=""0,0""/>
     <prop k=""offset_map_unit_scale"" v=""3x:0,0,0,0,0,0""/>
     <prop k=""offset_unit"" v=""MM""/>
     <prop k=""outline_color"" v=""255,255,255,0""/>
     <prop k=""outline_style"" v=""solid""/>
     <prop k=""outline_width"" v=""0""/>
     <prop k=""outline_width_map_unit_scale"" v=""3x:0,0,0,0,0,0""/>
     <prop k=""outline_width_unit"" v=""MM""/>
     <prop k=""scale_method"" v=""diameter""/>
     <prop k=""size"" v=""2""/>
     <prop k=""size_map_unit_scale"" v=""3x:0,0,0,0,0,0""/>
     <prop k=""size_unit"" v=""MM""/>
     <prop k=""vertical_anchor_point"" v=""1""/>
     <data_defined_properties>
      <Option type=""Map"">
       <Option type=""QString"" name=""name"" value=""""/>
       <Option name=""properties""/>
       <Option type=""QString"" name=""type"" value=""collection""/>
      </Option>
     </data_defined_properties>
    </layer>
   </symbol>
   <symbol alpha=""1"" clip_to_extent=""1"" type=""marker"" name=""4"" force_rhr=""0"">
    <layer class=""SimpleMarker"" enabled=""1"" locked=""0"" pass=""0"">
     <prop k=""angle"" v=""0""/>
     <prop k=""color"" v=""245,173,141,255""/>
     <prop k=""horizontal_anchor_point"" v=""1""/>
     <prop k=""joinstyle"" v=""bevel""/>
     <prop k=""name"" v=""circle""/>
     <prop k=""offset"" v=""0,0""/>
     <prop k=""offset_map_unit_scale"" v=""3x:0,0,0,0,0,0""/>
     <prop k=""offset_unit"" v=""MM""/>
     <prop k=""outline_color"" v=""255,255,255,0""/>
     <prop k=""outline_style"" v=""solid""/>
     <prop k=""outline_width"" v=""0""/>
     <prop k=""outline_width_map_unit_scale"" v=""3x:0,0,0,0,0,0""/>
     <prop k=""outline_width_unit"" v=""MM""/>
     <prop k=""scale_method"" v=""diameter""/>
     <prop k=""size"" v=""1.6""/>
     <prop k=""size_map_unit_scale"" v=""3x:0,0,0,0,0,0""/>
     <prop k=""size_unit"" v=""MM""/>
     <prop k=""vertical_anchor_point"" v=""1""/>
     <data_defined_properties>
      <Option type=""Map"">
       <Option type=""QString"" name=""name"" value=""""/>
       <Option name=""properties""/>
       <Option type=""QString"" name=""type"" value=""collection""/>
      </Option>
     </data_defined_properties>
    </layer>
   </symbol>
   <symbol alpha=""1"" clip_to_extent=""1"" type=""marker"" name=""5"" force_rhr=""0"">
    <layer class=""SimpleMarker"" enabled=""1"" locked=""0"" pass=""0"">
     <prop k=""angle"" v=""0""/>
     <prop k=""color"" v=""246,203,183,255""/>
     <prop k=""horizontal_anchor_point"" v=""1""/>
     <prop k=""joinstyle"" v=""bevel""/>
     <prop k=""name"" v=""circle""/>
     <prop k=""offset"" v=""0,0""/>
     <prop k=""offset_map_unit_scale"" v=""3x:0,0,0,0,0,0""/>
     <prop k=""offset_unit"" v=""MM""/>
     <prop k=""outline_color"" v=""255,255,255,0""/>
     <prop k=""outline_style"" v=""solid""/>
     <prop k=""outline_width"" v=""0""/>
     <prop k=""outline_width_map_unit_scale"" v=""3x:0,0,0,0,0,0""/>
     <prop k=""outline_width_unit"" v=""MM""/>
     <prop k=""scale_method"" v=""diameter""/>
     <prop k=""size"" v=""1.3""/>
     <prop k=""size_map_unit_scale"" v=""3x:0,0,0,0,0,0""/>
     <prop k=""size_unit"" v=""MM""/>
     <prop k=""vertical_anchor_point"" v=""1""/>
     <data_defined_properties>
      <Option type=""Map"">
       <Option type=""QString"" name=""name"" value=""""/>
       <Option name=""properties""/>
       <Option type=""QString"" name=""type"" value=""collection""/>
      </Option>
     </data_defined_properties>
    </layer>
   </symbol>
   <symbol alpha=""1"" clip_to_extent=""1"" type=""marker"" name=""6"" force_rhr=""0"">
    <layer class=""SimpleMarker"" enabled=""1"" locked=""0"" pass=""0"">
     <prop k=""angle"" v=""0""/>
     <prop k=""color"" v=""247,232,226,255""/>
     <prop k=""horizontal_anchor_point"" v=""1""/>
     <prop k=""joinstyle"" v=""bevel""/>
     <prop k=""name"" v=""circle""/>
     <prop k=""offset"" v=""0,0""/>
     <prop k=""offset_map_unit_scale"" v=""3x:0,0,0,0,0,0""/>
     <prop k=""offset_unit"" v=""MM""/>
     <prop k=""outline_color"" v=""255,255,255,0""/>
     <prop k=""outline_style"" v=""solid""/>
     <prop k=""outline_width"" v=""0""/>
     <prop k=""outline_width_map_unit_scale"" v=""3x:0,0,0,0,0,0""/>
     <prop k=""outline_width_unit"" v=""MM""/>
     <prop k=""scale_method"" v=""diameter""/>
     <prop k=""size"" v=""1""/>
     <prop k=""size_map_unit_scale"" v=""3x:0,0,0,0,0,0""/>
     <prop k=""size_unit"" v=""MM""/>
     <prop k=""vertical_anchor_point"" v=""1""/>
     <data_defined_properties>
      <Option type=""Map"">
       <Option type=""QString"" name=""name"" value=""""/>
       <Option name=""properties""/>
       <Option type=""QString"" name=""type"" value=""collection""/>
      </Option>
     </data_defined_properties>
    </layer>
   </symbol>
   <symbol alpha=""1"" clip_to_extent=""1"" type=""marker"" name=""7"" force_rhr=""0"">
    <layer class=""SimpleMarker"" enabled=""1"" locked=""0"" pass=""0"">
     <prop k=""angle"" v=""0""/>
     <prop k=""color"" v=""255,255,255,255""/>
     <prop k=""horizontal_anchor_point"" v=""1""/>
     <prop k=""joinstyle"" v=""bevel""/>
     <prop k=""name"" v=""circle""/>
     <prop k=""offset"" v=""0,0""/>
     <prop k=""offset_map_unit_scale"" v=""3x:0,0,0,0,0,0""/>
     <prop k=""offset_unit"" v=""MM""/>
     <prop k=""outline_color"" v=""255,255,255,88""/>
     <prop k=""outline_style"" v=""solid""/>
     <prop k=""outline_width"" v=""0""/>
     <prop k=""outline_width_map_unit_scale"" v=""3x:0,0,0,0,0,0""/>
     <prop k=""outline_width_unit"" v=""MM""/>
     <prop k=""scale_method"" v=""diameter""/>
     <prop k=""size"" v=""0.5""/>
     <prop k=""size_map_unit_scale"" v=""3x:0,0,0,0,0,0""/>
     <prop k=""size_unit"" v=""MM""/>
     <prop k=""vertical_anchor_point"" v=""1""/>
     <data_defined_properties>
      <Option type=""Map"">
       <Option type=""QString"" name=""name"" value=""""/>
       <Option name=""properties""/>
       <Option type=""QString"" name=""type"" value=""collection""/>
      </Option>
     </data_defined_properties>
    </layer>
   </symbol>
   <symbol alpha=""1"" clip_to_extent=""1"" type=""marker"" name=""8"" force_rhr=""0"">
    <layer class=""SimpleMarker"" enabled=""1"" locked=""0"" pass=""0"">
     <prop k=""angle"" v=""0""/>
     <prop k=""color"" v=""229,238,243,255""/>
     <prop k=""horizontal_anchor_point"" v=""1""/>
     <prop k=""joinstyle"" v=""bevel""/>
     <prop k=""name"" v=""circle""/>
     <prop k=""offset"" v=""0,0""/>
     <prop k=""offset_map_unit_scale"" v=""3x:0,0,0,0,0,0""/>
     <prop k=""offset_unit"" v=""MM""/>
     <prop k=""outline_color"" v=""255,255,255,0""/>
     <prop k=""outline_style"" v=""solid""/>
     <prop k=""outline_width"" v=""0""/>
     <prop k=""outline_width_map_unit_scale"" v=""3x:0,0,0,0,0,0""/>
     <prop k=""outline_width_unit"" v=""MM""/>
     <prop k=""scale_method"" v=""diameter""/>
     <prop k=""size"" v=""1""/>
     <prop k=""size_map_unit_scale"" v=""3x:0,0,0,0,0,0""/>
     <prop k=""size_unit"" v=""MM""/>
     <prop k=""vertical_anchor_point"" v=""1""/>
     <data_defined_properties>
      <Option type=""Map"">
       <Option type=""QString"" name=""name"" value=""""/>
       <Option name=""properties""/>
       <Option type=""QString"" name=""type"" value=""collection""/>
      </Option>
     </data_defined_properties>
    </layer>
   </symbol>
   <symbol alpha=""1"" clip_to_extent=""1"" type=""marker"" name=""9"" force_rhr=""0"">
    <layer class=""SimpleMarker"" enabled=""1"" locked=""0"" pass=""0"">
     <prop k=""angle"" v=""0""/>
     <prop k=""color"" v=""192,220,234,255""/>
     <prop k=""horizontal_anchor_point"" v=""1""/>
     <prop k=""joinstyle"" v=""bevel""/>
     <prop k=""name"" v=""circle""/>
     <prop k=""offset"" v=""0,0""/>
     <prop k=""offset_map_unit_scale"" v=""3x:0,0,0,0,0,0""/>
     <prop k=""offset_unit"" v=""MM""/>
     <prop k=""outline_color"" v=""255,255,255,0""/>
     <prop k=""outline_style"" v=""solid""/>
     <prop k=""outline_width"" v=""0""/>
     <prop k=""outline_width_map_unit_scale"" v=""3x:0,0,0,0,0,0""/>
     <prop k=""outline_width_unit"" v=""MM""/>
     <prop k=""scale_method"" v=""diameter""/>
     <prop k=""size"" v=""1.3""/>
     <prop k=""size_map_unit_scale"" v=""3x:0,0,0,0,0,0""/>
     <prop k=""size_unit"" v=""MM""/>
     <prop k=""vertical_anchor_point"" v=""1""/>
     <data_defined_properties>
      <Option type=""Map"">
       <Option type=""QString"" name=""name"" value=""""/>
       <Option name=""properties""/>
       <Option type=""QString"" name=""type"" value=""collection""/>
      </Option>
     </data_defined_properties>
    </layer>
   </symbol>
  </symbols>
  <source-symbol>
   <symbol alpha=""1"" clip_to_extent=""1"" type=""marker"" name=""0"" force_rhr=""0"">
    <layer class=""SimpleMarker"" enabled=""1"" locked=""0"" pass=""0"">
     <prop k=""angle"" v=""0""/>
     <prop k=""color"" v=""255,158,23,255""/>
     <prop k=""horizontal_anchor_point"" v=""1""/>
     <prop k=""joinstyle"" v=""bevel""/>
     <prop k=""name"" v=""circle""/>
     <prop k=""offset"" v=""0,0""/>
     <prop k=""offset_map_unit_scale"" v=""3x:0,0,0,0,0,0""/>
     <prop k=""offset_unit"" v=""MM""/>
     <prop k=""outline_color"" v=""255,255,255,88""/>
     <prop k=""outline_style"" v=""solid""/>
     <prop k=""outline_width"" v=""0""/>
     <prop k=""outline_width_map_unit_scale"" v=""3x:0,0,0,0,0,0""/>
     <prop k=""outline_width_unit"" v=""MM""/>
     <prop k=""scale_method"" v=""diameter""/>
     <prop k=""size"" v=""2""/>
     <prop k=""size_map_unit_scale"" v=""3x:0,0,0,0,0,0""/>
     <prop k=""size_unit"" v=""MM""/>
     <prop k=""vertical_anchor_point"" v=""1""/>
     <data_defined_properties>
      <Option type=""Map"">
       <Option type=""QString"" name=""name"" value=""""/>
       <Option name=""properties""/>
       <Option type=""QString"" name=""type"" value=""collection""/>
      </Option>
     </data_defined_properties>
    </layer>
   </symbol>
  </source-symbol>
  <colorramp type=""gradient"" name=""[source]"">
   <prop k=""color1"" v=""202,0,32,255""/>
   <prop k=""color2"" v=""5,113,176,255""/>
   <prop k=""discrete"" v=""0""/>
   <prop k=""rampType"" v=""gradient""/>
   <prop k=""stops"" v=""0.25;244,165,130,0:0.5;247,247,247,0:0.75;146,197,222,0""/>
  </colorramp>
  <classificationMethod id=""Custom"">
   <symmetricMode astride=""0"" enabled=""0"" symmetrypoint=""0""/>
   <labelFormat trimtrailingzeroes=""1"" format=""%1 - %2"" labelprecision=""4""/>
   <parameters>
    <Option/>
   </parameters>
   <extraInformation/>
  </classificationMethod>
  <rotation/>
  <sizescale/>
  <orderby>
   <orderByClause nullsFirst=""0"" asc=""1"">(""sig_time"" &lt;=0.01) AND (""certainty"" = 'good')</orderByClause>
   <orderByClause nullsFirst=""0"" asc=""1""> abs(""rate_time"" )</orderByClause>
  </orderby>
 </renderer-v2>
 <labeling type=""simple"">
  <settings calloutType=""simple"">
   <text-style fontWordSpacing=""0"" textOrientation=""horizontal"" fontItalic=""0"" allowHtml=""0"" fontKerning=""1"" previewBkgrdColor=""0,0,0,255"" namedStyle=""Regular"" textColor=""255,255,255,255"" fontSizeMapUnitScale=""3x:0,0,0,0,0,0"" useSubstitutions=""0"" textOpacity=""1"" blendMode=""0"" fontSize=""7.5"" fontStrikeout=""0"" fontWeight=""50"" multilineHeight=""5"" fieldName=""if(abs(rate_time) >= 0.3, concat(format_number(rate_time, 1), ' m (±', format_number(se_time * 1.96, 1), ')'), NULL)"" fontFamily=""MS Shell Dlg 2"" fontUnderline=""0"" isExpression=""1"" capitalization=""0"" fontLetterSpacing=""0"" fontSizeUnit=""Point"">
    <text-buffer bufferBlendMode=""0"" bufferDraw=""1"" bufferColor=""0,0,0,255"" bufferSizeMapUnitScale=""3x:0,0,0,0,0,0"" bufferNoFill=""1"" bufferOpacity=""0.5"" bufferJoinStyle=""128"" bufferSize=""0.77780000000000005"" bufferSizeUnits=""MM""/>
    <text-mask maskSize=""0"" maskedSymbolLayers="""" maskJoinStyle=""128"" maskSizeUnits=""MM"" maskType=""0"" maskSizeMapUnitScale=""3x:0,0,0,0,0,0"" maskEnabled=""0"" maskOpacity=""1""/>
    <background shapeRadiiX=""5"" shapeOffsetUnit=""MM"" shapeRotation=""0"" shapeSVGFile="""" shapeFillColor=""255,255,255,0"" shapeSizeY=""5"" shapeJoinStyle=""64"" shapeSizeX=""5"" shapeOffsetX=""0"" shapeRotationType=""0"" shapeSizeType=""0"" shapeBorderColor=""128,128,128,0"" shapeOffsetY=""0"" shapeType=""0"" shapeRadiiMapUnitScale=""3x:0,0,0,0,0,0"" shapeBorderWidth=""0"" shapeBorderWidthMapUnitScale=""3x:0,0,0,0,0,0"" shapeDraw=""0"" shapeOffsetMapUnitScale=""3x:0,0,0,0,0,0"" shapeSizeUnit=""MM"" shapeBorderWidthUnit=""MM"" shapeRadiiY=""5"" shapeOpacity=""1"" shapeBlendMode=""0"" shapeSizeMapUnitScale=""3x:0,0,0,0,0,0"" shapeRadiiUnit=""MM"">
     <symbol alpha=""1"" clip_to_extent=""1"" type=""marker"" name=""markerSymbol"" force_rhr=""0"">
      <layer class=""SimpleMarker"" enabled=""1"" locked=""0"" pass=""0"">
       <prop k=""angle"" v=""0""/>
       <prop k=""color"" v=""190,207,80,255""/>
       <prop k=""horizontal_anchor_point"" v=""1""/>
       <prop k=""joinstyle"" v=""bevel""/>
       <prop k=""name"" v=""circle""/>
       <prop k=""offset"" v=""0,0""/>
       <prop k=""offset_map_unit_scale"" v=""3x:0,0,0,0,0,0""/>
       <prop k=""offset_unit"" v=""MM""/>
       <prop k=""outline_color"" v=""35,35,35,255""/>
       <prop k=""outline_style"" v=""solid""/>
       <prop k=""outline_width"" v=""0""/>
       <prop k=""outline_width_map_unit_scale"" v=""3x:0,0,0,0,0,0""/>
       <prop k=""outline_width_unit"" v=""MM""/>
       <prop k=""scale_method"" v=""diameter""/>
       <prop k=""size"" v=""2""/>
       <prop k=""size_map_unit_scale"" v=""3x:0,0,0,0,0,0""/>
       <prop k=""size_unit"" v=""MM""/>
       <prop k=""vertical_anchor_point"" v=""1""/>
       <data_defined_properties>
        <Option type=""Map"">
         <Option type=""QString"" name=""name"" value=""""/>
         <Option name=""properties""/>
         <Option type=""QString"" name=""type"" value=""collection""/>
        </Option>
       </data_defined_properties>
      </layer>
     </symbol>
    </background>
    <shadow shadowOffsetAngle=""135"" shadowOffsetGlobal=""1"" shadowOpacity=""1"" shadowRadiusMapUnitScale=""3x:0,0,0,0,0,0"" shadowOffsetUnit=""MM"" shadowOffsetMapUnitScale=""3x:0,0,0,0,0,0"" shadowRadius=""1.5"" shadowUnder=""0"" shadowScale=""100"" shadowOffsetDist=""1"" shadowRadiusAlphaOnly=""0"" shadowColor=""255,255,255,255"" shadowRadiusUnit=""MM"" shadowDraw=""1"" shadowBlendMode=""8""/>
    <dd_properties>
     <Option type=""Map"">
      <Option type=""QString"" name=""name"" value=""""/>
      <Option name=""properties""/>
      <Option type=""QString"" name=""type"" value=""collection""/>
     </Option>
    </dd_properties>
    <substitutions/>
   </text-style>
   <text-format reverseDirectionSymbol=""0"" rightDirectionSymbol="">"" autoWrapLength=""0"" decimals=""1"" formatNumbers=""0"" leftDirectionSymbol=""&lt;"" placeDirectionSymbol=""0"" plussign=""0"" useMaxLineLengthForAutoWrap=""1"" wrapChar="""" multilineAlign=""3"" addDirectionSymbol=""0""/>
   <placement centroidWhole=""0"" maxCurvedCharAngleOut=""-25"" maxCurvedCharAngleIn=""25"" priority=""1"" geometryGeneratorEnabled=""0"" xOffset=""-5"" repeatDistanceMapUnitScale=""3x:0,0,0,0,0,0"" offsetUnits=""MM"" lineAnchorType=""0"" fitInPolygonOnly=""0"" yOffset=""0"" preserveRotation=""1"" overrunDistance=""0"" centroidInside=""0"" placementFlags=""10"" rotationAngle=""0"" overrunDistanceMapUnitScale=""3x:0,0,0,0,0,0"" labelOffsetMapUnitScale=""3x:0,0,0,0,0,0"" offsetType=""0"" geometryGenerator="""" distMapUnitScale=""3x:0,0,0,0,0,0"" repeatDistance=""0"" overrunDistanceUnit=""MM"" geometryGeneratorType=""PointGeometry"" placement=""1"" dist=""0"" distUnits=""MM"" polygonPlacementFlags=""2"" quadOffset=""3"" predefinedPositionOrder=""TR,TL,BR,BL,R,L,TSR,BSR"" repeatDistanceUnits=""MM"" lineAnchorPercent=""0.5"" layerType=""PointGeometry""/>
   <rendering scaleMin=""0"" fontMinPixelSize=""3"" zIndex=""0"" upsidedownLabels=""0"" fontLimitPixelSize=""0"" displayAll=""0"" fontMaxPixelSize=""10000"" labelPerPart=""0"" obstacle=""1"" maxNumLabels=""50"" mergeLines=""0"" obstacleFactor=""1"" obstacleType=""0"" scaleVisibility=""0"" minFeatureSize=""0"" limitNumLabels=""0"" scaleMax=""1000000"" drawLabels=""1""/>
   <dd_properties>
    <Option type=""Map"">
     <Option type=""QString"" name=""name"" value=""""/>
     <Option type=""Map"" name=""properties"">
      <Option type=""Map"" name=""Priority"">
       <Option type=""bool"" name=""active"" value=""true""/>
       <Option type=""QString"" name=""expression"" value=""abs(&quot;rate_time&quot;)""/>
       <Option type=""int"" name=""type"" value=""3""/>
      </Option>
     </Option>
     <Option type=""QString"" name=""type"" value=""collection""/>
    </Option>
   </dd_properties>
   <callout type=""simple"">
    <Option type=""Map"">
     <Option type=""QString"" name=""anchorPoint"" value=""pole_of_inaccessibility""/>
     <Option type=""Map"" name=""ddProperties"">
      <Option type=""QString"" name=""name"" value=""""/>
      <Option name=""properties""/>
      <Option type=""QString"" name=""type"" value=""collection""/>
     </Option>
     <Option type=""bool"" name=""drawToAllParts"" value=""false""/>
     <Option type=""QString"" name=""enabled"" value=""0""/>
     <Option type=""QString"" name=""labelAnchorPoint"" value=""point_on_exterior""/>
     <Option type=""QString"" name=""lineSymbol"" value=""&lt;symbol alpha=&quot;1&quot; clip_to_extent=&quot;1&quot; type=&quot;line&quot; name=&quot;symbol&quot; force_rhr=&quot;0&quot;>&lt;layer class=&quot;SimpleLine&quot; enabled=&quot;1&quot; locked=&quot;0&quot; pass=&quot;0&quot;>&lt;prop k=&quot;align_dash_pattern&quot; v=&quot;0&quot;/>&lt;prop k=&quot;capstyle&quot; v=&quot;square&quot;/>&lt;prop k=&quot;customdash&quot; v=&quot;5;2&quot;/>&lt;prop k=&quot;customdash_map_unit_scale&quot; v=&quot;3x:0,0,0,0,0,0&quot;/>&lt;prop k=&quot;customdash_unit&quot; v=&quot;MM&quot;/>&lt;prop k=&quot;dash_pattern_offset&quot; v=&quot;0&quot;/>&lt;prop k=&quot;dash_pattern_offset_map_unit_scale&quot; v=&quot;3x:0,0,0,0,0,0&quot;/>&lt;prop k=&quot;dash_pattern_offset_unit&quot; v=&quot;MM&quot;/>&lt;prop k=&quot;draw_inside_polygon&quot; v=&quot;0&quot;/>&lt;prop k=&quot;joinstyle&quot; v=&quot;bevel&quot;/>&lt;prop k=&quot;line_color&quot; v=&quot;60,60,60,255&quot;/>&lt;prop k=&quot;line_style&quot; v=&quot;solid&quot;/>&lt;prop k=&quot;line_width&quot; v=&quot;0.3&quot;/>&lt;prop k=&quot;line_width_unit&quot; v=&quot;MM&quot;/>&lt;prop k=&quot;offset&quot; v=&quot;0&quot;/>&lt;prop k=&quot;offset_map_unit_scale&quot; v=&quot;3x:0,0,0,0,0,0&quot;/>&lt;prop k=&quot;offset_unit&quot; v=&quot;MM&quot;/>&lt;prop k=&quot;ring_filter&quot; v=&quot;0&quot;/>&lt;prop k=&quot;tweak_dash_pattern_on_corners&quot; v=&quot;0&quot;/>&lt;prop k=&quot;use_custom_dash&quot; v=&quot;0&quot;/>&lt;prop k=&quot;width_map_unit_scale&quot; v=&quot;3x:0,0,0,0,0,0&quot;/>&lt;data_defined_properties>&lt;Option type=&quot;Map&quot;>&lt;Option type=&quot;QString&quot; name=&quot;name&quot; value=&quot;&quot;/>&lt;Option name=&quot;properties&quot;/>&lt;Option type=&quot;QString&quot; name=&quot;type&quot; value=&quot;collection&quot;/>&lt;/Option>&lt;/data_defined_properties>&lt;/layer>&lt;/symbol>""/>
     <Option type=""double"" name=""minLength"" value=""0""/>
     <Option type=""QString"" name=""minLengthMapUnitScale"" value=""3x:0,0,0,0,0,0""/>
     <Option type=""QString"" name=""minLengthUnit"" value=""MM""/>
     <Option type=""double"" name=""offsetFromAnchor"" value=""0""/>
     <Option type=""QString"" name=""offsetFromAnchorMapUnitScale"" value=""3x:0,0,0,0,0,0""/>
     <Option type=""QString"" name=""offsetFromAnchorUnit"" value=""MM""/>
     <Option type=""double"" name=""offsetFromLabel"" value=""0""/>
     <Option type=""QString"" name=""offsetFromLabelMapUnitScale"" value=""3x:0,0,0,0,0,0""/>
     <Option type=""QString"" name=""offsetFromLabelUnit"" value=""MM""/>
    </Option>
   </callout>
  </settings>
 </labeling>
 <customproperties>
  <property key=""embeddedWidgets/count"" value=""0""/>
  <property key=""variableNames""/>
  <property key=""variableValues""/>
 </customproperties>
 <blendMode>0</blendMode>
 <featureBlendMode>0</featureBlendMode>
 <layerOpacity>1</layerOpacity>
 <SingleCategoryDiagramRenderer diagramType=""Histogram"" attributeLegend=""1"">
  <DiagramCategory enabled=""0"" scaleDependency=""Area"" backgroundAlpha=""255"" labelPlacementMethod=""XHeight"" minimumSize=""0"" lineSizeScale=""3x:0,0,0,0,0,0"" diagramOrientation=""Up"" direction=""1"" opacity=""1"" minScaleDenominator=""15000"" maxScaleDenominator=""1e+08"" rotationOffset=""270"" sizeType=""MM"" barWidth=""5"" penColor=""#000000"" spacing=""0"" spacingUnitScale=""3x:0,0,0,0,0,0"" showAxis=""0"" spacingUnit=""MM"" sizeScale=""3x:0,0,0,0,0,0"" scaleBasedVisibility=""0"" penWidth=""0"" height=""15"" width=""15"" penAlpha=""255"" backgroundColor=""#ffffff"" lineSizeType=""MM"">
   <fontProperties style="""" description=""Cantarell,11,-1,5,50,0,0,0,0,0""/>
   <attribute color=""#000000"" label="""" field=""""/>
   <axisSymbol>
    <symbol alpha=""1"" clip_to_extent=""1"" type=""line"" name="""" force_rhr=""0"">
     <layer class=""SimpleLine"" enabled=""1"" locked=""0"" pass=""0"">
      <prop k=""align_dash_pattern"" v=""0""/>
      <prop k=""capstyle"" v=""square""/>
      <prop k=""customdash"" v=""5;2""/>
      <prop k=""customdash_map_unit_scale"" v=""3x:0,0,0,0,0,0""/>
      <prop k=""customdash_unit"" v=""MM""/>
      <prop k=""dash_pattern_offset"" v=""0""/>
      <prop k=""dash_pattern_offset_map_unit_scale"" v=""3x:0,0,0,0,0,0""/>
      <prop k=""dash_pattern_offset_unit"" v=""MM""/>
      <prop k=""draw_inside_polygon"" v=""0""/>
      <prop k=""joinstyle"" v=""bevel""/>
      <prop k=""line_color"" v=""35,35,35,255""/>
      <prop k=""line_style"" v=""solid""/>
      <prop k=""line_width"" v=""0.26""/>
      <prop k=""line_width_unit"" v=""MM""/>
      <prop k=""offset"" v=""0""/>
      <prop k=""offset_map_unit_scale"" v=""3x:0,0,0,0,0,0""/>
      <prop k=""offset_unit"" v=""MM""/>
      <prop k=""ring_filter"" v=""0""/>
      <prop k=""tweak_dash_pattern_on_corners"" v=""0""/>
      <prop k=""use_custom_dash"" v=""0""/>
      <prop k=""width_map_unit_scale"" v=""3x:0,0,0,0,0,0""/>
      <data_defined_properties>
       <Option type=""Map"">
        <Option type=""QString"" name=""name"" value=""""/>
        <Option name=""properties""/>
        <Option type=""QString"" name=""type"" value=""collection""/>
       </Option>
      </data_defined_properties>
     </layer>
    </symbol>
   </axisSymbol>
  </DiagramCategory>
 </SingleCategoryDiagramRenderer>
 <DiagramLayerSettings placement=""0"" priority=""0"" dist=""0"" showAll=""1"" obstacle=""0"" linePlacementFlags=""18"" zIndex=""0"">
  <properties>
   <Option type=""Map"">
    <Option type=""QString"" name=""name"" value=""""/>
    <Option name=""properties""/>
    <Option type=""QString"" name=""type"" value=""collection""/>
   </Option>
  </properties>
 </DiagramLayerSettings>
 <geometryOptions removeDuplicateNodes=""0"" geometryPrecision=""0"">
  <activeChecks/>
  <checkConfiguration/>
 </geometryOptions>
 <legend type=""default-vector""/>
 <referencedLayers/>
 <fieldConfiguration>
  <field name=""fid"" configurationFlags=""None"">
   <editWidget type=""TextEdit"">
    <config>
     <Option/>
    </config>
   </editWidget>
  </field>
  <field name=""uid"" configurationFlags=""None"">
   <editWidget type=""TextEdit"">
    <config>
     <Option/>
    </config>
   </editWidget>
  </field>
  <field name=""dist_1988"" configurationFlags=""None"">
   <editWidget type=""TextEdit"">
    <config>
     <Option/>
    </config>
   </editWidget>
  </field>
  <field name=""dist_1989"" configurationFlags=""None"">
   <editWidget type=""TextEdit"">
    <config>
     <Option/>
    </config>
   </editWidget>
  </field>
  <field name=""dist_1990"" configurationFlags=""None"">
   <editWidget type=""TextEdit"">
    <config>
     <Option/>
    </config>
   </editWidget>
  </field>
  <field name=""dist_1991"" configurationFlags=""None"">
   <editWidget type=""TextEdit"">
    <config>
     <Option/>
    </config>
   </editWidget>
  </field>
  <field name=""dist_1992"" configurationFlags=""None"">
   <editWidget type=""TextEdit"">
    <config>
     <Option/>
    </config>
   </editWidget>
  </field>
  <field name=""dist_1993"" configurationFlags=""None"">
   <editWidget type=""TextEdit"">
    <config>
     <Option/>
    </config>
   </editWidget>
  </field>
  <field name=""dist_1994"" configurationFlags=""None"">
   <editWidget type=""TextEdit"">
    <config>
     <Option/>
    </config>
   </editWidget>
  </field>
  <field name=""dist_1995"" configurationFlags=""None"">
   <editWidget type=""TextEdit"">
    <config>
     <Option/>
    </config>
   </editWidget>
  </field>
  <field name=""dist_1996"" configurationFlags=""None"">
   <editWidget type=""TextEdit"">
    <config>
     <Option/>
    </config>
   </editWidget>
  </field>
  <field name=""dist_1997"" configurationFlags=""None"">
   <editWidget type=""TextEdit"">
    <config>
     <Option/>
    </config>
   </editWidget>
  </field>
  <field name=""dist_1998"" configurationFlags=""None"">
   <editWidget type=""TextEdit"">
    <config>
     <Option/>
    </config>
   </editWidget>
  </field>
  <field name=""dist_1999"" configurationFlags=""None"">
   <editWidget type=""TextEdit"">
    <config>
     <Option/>
    </config>
   </editWidget>
  </field>
  <field name=""dist_2000"" configurationFlags=""None"">
   <editWidget type=""TextEdit"">
    <config>
     <Option/>
    </config>
   </editWidget>
  </field>
  <field name=""dist_2001"" configurationFlags=""None"">
   <editWidget type=""TextEdit"">
    <config>
     <Option/>
    </config>
   </editWidget>
  </field>
  <field name=""dist_2002"" configurationFlags=""None"">
   <editWidget type=""TextEdit"">
    <config>
     <Option/>
    </config>
   </editWidget>
  </field>
  <field name=""dist_2003"" configurationFlags=""None"">
   <editWidget type=""TextEdit"">
    <config>
     <Option/>
    </config>
   </editWidget>
  </field>
  <field name=""dist_2004"" configurationFlags=""None"">
   <editWidget type=""TextEdit"">
    <config>
     <Option/>
    </config>
   </editWidget>
  </field>
  <field name=""dist_2005"" configurationFlags=""None"">
   <editWidget type=""TextEdit"">
    <config>
     <Option/>
    </config>
   </editWidget>
  </field>
  <field name=""dist_2006"" configurationFlags=""None"">
   <editWidget type=""TextEdit"">
    <config>
     <Option/>
    </config>
   </editWidget>
  </field>
  <field name=""dist_2007"" configurationFlags=""None"">
   <editWidget type=""TextEdit"">
    <config>
     <Option/>
    </config>
   </editWidget>
  </field>
  <field name=""dist_2008"" configurationFlags=""None"">
   <editWidget type=""TextEdit"">
    <config>
     <Option/>
    </config>
   </editWidget>
  </field>
  <field name=""dist_2009"" configurationFlags=""None"">
   <editWidget type=""TextEdit"">
    <config>
     <Option/>
    </config>
   </editWidget>
  </field>
  <field name=""dist_2010"" configurationFlags=""None"">
   <editWidget type=""TextEdit"">
    <config>
     <Option/>
    </config>
   </editWidget>
  </field>
  <field name=""dist_2011"" configurationFlags=""None"">
   <editWidget type=""TextEdit"">
    <config>
     <Option/>
    </config>
   </editWidget>
  </field>
  <field name=""dist_2012"" configurationFlags=""None"">
   <editWidget type=""TextEdit"">
    <config>
     <Option/>
    </config>
   </editWidget>
  </field>
  <field name=""dist_2013"" configurationFlags=""None"">
   <editWidget type=""TextEdit"">
    <config>
     <Option/>
    </config>
   </editWidget>
  </field>
  <field name=""dist_2014"" configurationFlags=""None"">
   <editWidget type=""TextEdit"">
    <config>
     <Option/>
    </config>
   </editWidget>
  </field>
  <field name=""dist_2015"" configurationFlags=""None"">
   <editWidget type=""TextEdit"">
    <config>
     <Option/>
    </config>
   </editWidget>
  </field>
  <field name=""dist_2016"" configurationFlags=""None"">
   <editWidget type=""TextEdit"">
    <config>
     <Option/>
    </config>
   </editWidget>
  </field>
  <field name=""dist_2017"" configurationFlags=""None"">
   <editWidget type=""TextEdit"">
    <config>
     <Option/>
    </config>
   </editWidget>
  </field>
  <field name=""dist_2018"" configurationFlags=""None"">
   <editWidget type=""TextEdit"">
    <config>
     <Option/>
    </config>
   </editWidget>
  </field>
  <field name=""dist_2019"" configurationFlags=""None"">
   <editWidget type=""TextEdit"">
    <config>
     <Option/>
    </config>
   </editWidget>
  </field>
  <field name=""dist_2020"" configurationFlags=""None"">
   <editWidget type=""TextEdit"">
    <config>
     <Option/>
    </config>
   </editWidget>
  </field>
  <field name=""dist_2021"" configurationFlags=""None"">
   <editWidget type=""TextEdit"">
    <config>
     <Option/>
    </config>
   </editWidget>
  </field>
  <field name=""rate_time"" configurationFlags=""None"">
   <editWidget type=""TextEdit"">
    <config>
     <Option/>
    </config>
   </editWidget>
  </field>
  <field name=""sig_time"" configurationFlags=""None"">
   <editWidget type=""TextEdit"">
    <config>
     <Option/>
    </config>
   </editWidget>
  </field>
  <field name=""se_time"" configurationFlags=""None"">
   <editWidget type=""TextEdit"">
    <config>
     <Option/>
    </config>
   </editWidget>
  </field>
  <field name=""outl_time"" configurationFlags=""None"">
   <editWidget type=""TextEdit"">
    <config>
     <Option/>
    </config>
   </editWidget>
  </field>
  <field name=""radius_m"" configurationFlags=""None"">
   <editWidget type=""TextEdit"">
    <config>
     <Option/>
    </config>
   </editWidget>
  </field>
  <field name=""certainty"" configurationFlags=""None"">
   <editWidget type=""TextEdit"">
    <config>
     <Option/>
    </config>
   </editWidget>
  </field>
  <field name=""n"" configurationFlags=""None"">
   <editWidget type=""TextEdit"">
    <config>
     <Option/>
    </config>
   </editWidget>
  </field>
 </fieldConfiguration>
 <aliases>
  <alias index=""0"" name="""" field=""fid""/>
  <alias index=""1"" name="""" field=""uid""/>
  <alias index=""2"" name="""" field=""dist_1988""/>
  <alias index=""3"" name="""" field=""dist_1989""/>
  <alias index=""4"" name="""" field=""dist_1990""/>
  <alias index=""5"" name="""" field=""dist_1991""/>
  <alias index=""6"" name="""" field=""dist_1992""/>
  <alias index=""7"" name="""" field=""dist_1993""/>
  <alias index=""8"" name="""" field=""dist_1994""/>
  <alias index=""9"" name="""" field=""dist_1995""/>
  <alias index=""10"" name="""" field=""dist_1996""/>
  <alias index=""11"" name="""" field=""dist_1997""/>
  <alias index=""12"" name="""" field=""dist_1998""/>
  <alias index=""13"" name="""" field=""dist_1999""/>
  <alias index=""14"" name="""" field=""dist_2000""/>
  <alias index=""15"" name="""" field=""dist_2001""/>
  <alias index=""16"" name="""" field=""dist_2002""/>
  <alias index=""17"" name="""" field=""dist_2003""/>
  <alias index=""18"" name="""" field=""dist_2004""/>
  <alias index=""19"" name="""" field=""dist_2005""/>
  <alias index=""20"" name="""" field=""dist_2006""/>
  <alias index=""21"" name="""" field=""dist_2007""/>
  <alias index=""22"" name="""" field=""dist_2008""/>
  <alias index=""23"" name="""" field=""dist_2009""/>
  <alias index=""24"" name="""" field=""dist_2010""/>
  <alias index=""25"" name="""" field=""dist_2011""/>
  <alias index=""26"" name="""" field=""dist_2012""/>
  <alias index=""27"" name="""" field=""dist_2013""/>
  <alias index=""28"" name="""" field=""dist_2014""/>
  <alias index=""29"" name="""" field=""dist_2015""/>
  <alias index=""30"" name="""" field=""dist_2016""/>
  <alias index=""31"" name="""" field=""dist_2017""/>
  <alias index=""32"" name="""" field=""dist_2018""/>
  <alias index=""33"" name="""" field=""dist_2019""/>
  <alias index=""34"" name="""" field=""dist_2020""/>
  <alias index=""35"" name="""" field=""dist_2021""/>
  <alias index=""36"" name="""" field=""rate_time""/>
  <alias index=""37"" name="""" field=""sig_time""/>
  <alias index=""38"" name="""" field=""se_time""/>
  <alias index=""39"" name="""" field=""outl_time""/>
  <alias index=""40"" name="""" field=""radius_m""/>
  <alias index=""41"" name="""" field=""certainty""/>
  <alias index=""42"" name="""" field=""n""/>
 </aliases>
 <defaults>
  <default applyOnUpdate=""0"" field=""fid"" expression=""""/>
  <default applyOnUpdate=""0"" field=""uid"" expression=""""/>
  <default applyOnUpdate=""0"" field=""dist_1988"" expression=""""/>
  <default applyOnUpdate=""0"" field=""dist_1989"" expression=""""/>
  <default applyOnUpdate=""0"" field=""dist_1990"" expression=""""/>
  <default applyOnUpdate=""0"" field=""dist_1991"" expression=""""/>
  <default applyOnUpdate=""0"" field=""dist_1992"" expression=""""/>
  <default applyOnUpdate=""0"" field=""dist_1993"" expression=""""/>
  <default applyOnUpdate=""0"" field=""dist_1994"" expression=""""/>
  <default applyOnUpdate=""0"" field=""dist_1995"" expression=""""/>
  <default applyOnUpdate=""0"" field=""dist_1996"" expression=""""/>
  <default applyOnUpdate=""0"" field=""dist_1997"" expression=""""/>
  <default applyOnUpdate=""0"" field=""dist_1998"" expression=""""/>
  <default applyOnUpdate=""0"" field=""dist_1999"" expression=""""/>
  <default applyOnUpdate=""0"" field=""dist_2000"" expression=""""/>
  <default applyOnUpdate=""0"" field=""dist_2001"" expression=""""/>
  <default applyOnUpdate=""0"" field=""dist_2002"" expression=""""/>
  <default applyOnUpdate=""0"" field=""dist_2003"" expression=""""/>
  <default applyOnUpdate=""0"" field=""dist_2004"" expression=""""/>
  <default applyOnUpdate=""0"" field=""dist_2005"" expression=""""/>
  <default applyOnUpdate=""0"" field=""dist_2006"" expression=""""/>
  <default applyOnUpdate=""0"" field=""dist_2007"" expression=""""/>
  <default applyOnUpdate=""0"" field=""dist_2008"" expression=""""/>
  <default applyOnUpdate=""0"" field=""dist_2009"" expression=""""/>
  <default applyOnUpdate=""0"" field=""dist_2010"" expression=""""/>
  <default applyOnUpdate=""0"" field=""dist_2011"" expression=""""/>
  <default applyOnUpdate=""0"" field=""dist_2012"" expression=""""/>
  <default applyOnUpdate=""0"" field=""dist_2013"" expression=""""/>
  <default applyOnUpdate=""0"" field=""dist_2014"" expression=""""/>
  <default applyOnUpdate=""0"" field=""dist_2015"" expression=""""/>
  <default applyOnUpdate=""0"" field=""dist_2016"" expression=""""/>
  <default applyOnUpdate=""0"" field=""dist_2017"" expression=""""/>
  <default applyOnUpdate=""0"" field=""dist_2018"" expression=""""/>
  <default applyOnUpdate=""0"" field=""dist_2019"" expression=""""/>
  <default applyOnUpdate=""0"" field=""dist_2020"" expression=""""/>
  <default applyOnUpdate=""0"" field=""dist_2021"" expression=""""/>
  <default applyOnUpdate=""0"" field=""rate_time"" expression=""""/>
  <default applyOnUpdate=""0"" field=""sig_time"" expression=""""/>
  <default applyOnUpdate=""0"" field=""se_time"" expression=""""/>
  <default applyOnUpdate=""0"" field=""outl_time"" expression=""""/>
  <default applyOnUpdate=""0"" field=""radius_m"" expression=""""/>
  <default applyOnUpdate=""0"" field=""certainty"" expression=""""/>
  <default applyOnUpdate=""0"" field=""n"" expression=""""/>
 </defaults>
 <constraints>
  <constraint notnull_strength=""1"" constraints=""7"" exp_strength=""1"" unique_strength=""1"" field=""fid""/>
  <constraint notnull_strength=""0"" constraints=""0"" exp_strength=""0"" unique_strength=""0"" field=""uid""/>
  <constraint notnull_strength=""0"" constraints=""0"" exp_strength=""0"" unique_strength=""0"" field=""dist_1988""/>
  <constraint notnull_strength=""0"" constraints=""0"" exp_strength=""0"" unique_strength=""0"" field=""dist_1989""/>
  <constraint notnull_strength=""0"" constraints=""0"" exp_strength=""0"" unique_strength=""0"" field=""dist_1990""/>
  <constraint notnull_strength=""0"" constraints=""0"" exp_strength=""0"" unique_strength=""0"" field=""dist_1991""/>
  <constraint notnull_strength=""0"" constraints=""0"" exp_strength=""0"" unique_strength=""0"" field=""dist_1992""/>
  <constraint notnull_strength=""0"" constraints=""0"" exp_strength=""0"" unique_strength=""0"" field=""dist_1993""/>
  <constraint notnull_strength=""0"" constraints=""0"" exp_strength=""0"" unique_strength=""0"" field=""dist_1994""/>
  <constraint notnull_strength=""0"" constraints=""0"" exp_strength=""0"" unique_strength=""0"" field=""dist_1995""/>
  <constraint notnull_strength=""0"" constraints=""0"" exp_strength=""0"" unique_strength=""0"" field=""dist_1996""/>
  <constraint notnull_strength=""0"" constraints=""0"" exp_strength=""0"" unique_strength=""0"" field=""dist_1997""/>
  <constraint notnull_strength=""0"" constraints=""0"" exp_strength=""0"" unique_strength=""0"" field=""dist_1998""/>
  <constraint notnull_strength=""0"" constraints=""0"" exp_strength=""0"" unique_strength=""0"" field=""dist_1999""/>
  <constraint notnull_strength=""0"" constraints=""0"" exp_strength=""0"" unique_strength=""0"" field=""dist_2000""/>
  <constraint notnull_strength=""0"" constraints=""0"" exp_strength=""0"" unique_strength=""0"" field=""dist_2001""/>
  <constraint notnull_strength=""0"" constraints=""0"" exp_strength=""0"" unique_strength=""0"" field=""dist_2002""/>
  <constraint notnull_strength=""0"" constraints=""0"" exp_strength=""0"" unique_strength=""0"" field=""dist_2003""/>
  <constraint notnull_strength=""0"" constraints=""0"" exp_strength=""0"" unique_strength=""0"" field=""dist_2004""/>
  <constraint notnull_strength=""0"" constraints=""0"" exp_strength=""0"" unique_strength=""0"" field=""dist_2005""/>
  <constraint notnull_strength=""0"" constraints=""0"" exp_strength=""0"" unique_strength=""0"" field=""dist_2006""/>
  <constraint notnull_strength=""0"" constraints=""0"" exp_strength=""0"" unique_strength=""0"" field=""dist_2007""/>
  <constraint notnull_strength=""0"" constraints=""0"" exp_strength=""0"" unique_strength=""0"" field=""dist_2008""/>
  <constraint notnull_strength=""0"" constraints=""0"" exp_strength=""0"" unique_strength=""0"" field=""dist_2009""/>
  <constraint notnull_strength=""0"" constraints=""0"" exp_strength=""0"" unique_strength=""0"" field=""dist_2010""/>
  <constraint notnull_strength=""0"" constraints=""0"" exp_strength=""0"" unique_strength=""0"" field=""dist_2011""/>
  <constraint notnull_strength=""0"" constraints=""0"" exp_strength=""0"" unique_strength=""0"" field=""dist_2012""/>
  <constraint notnull_strength=""0"" constraints=""0"" exp_strength=""0"" unique_strength=""0"" field=""dist_2013""/>
  <constraint notnull_strength=""0"" constraints=""0"" exp_strength=""0"" unique_strength=""0"" field=""dist_2014""/>
  <constraint notnull_strength=""0"" constraints=""0"" exp_strength=""0"" unique_strength=""0"" field=""dist_2015""/>
  <constraint notnull_strength=""0"" constraints=""0"" exp_strength=""0"" unique_strength=""0"" field=""dist_2016""/>
  <constraint notnull_strength=""0"" constraints=""0"" exp_strength=""0"" unique_strength=""0"" field=""dist_2017""/>
  <constraint notnull_strength=""0"" constraints=""0"" exp_strength=""0"" unique_strength=""0"" field=""dist_2018""/>
  <constraint notnull_strength=""0"" constraints=""0"" exp_strength=""0"" unique_strength=""0"" field=""dist_2019""/>
  <constraint notnull_strength=""0"" constraints=""0"" exp_strength=""0"" unique_strength=""0"" field=""dist_2020""/>
  <constraint notnull_strength=""0"" constraints=""0"" exp_strength=""0"" unique_strength=""0"" field=""dist_2021""/>
  <constraint notnull_strength=""0"" constraints=""0"" exp_strength=""0"" unique_strength=""0"" field=""rate_time""/>
  <constraint notnull_strength=""0"" constraints=""0"" exp_strength=""0"" unique_strength=""0"" field=""sig_time""/>
  <constraint notnull_strength=""0"" constraints=""0"" exp_strength=""0"" unique_strength=""0"" field=""se_time""/>
  <constraint notnull_strength=""0"" constraints=""0"" exp_strength=""0"" unique_strength=""0"" field=""outl_time""/>
  <constraint notnull_strength=""0"" constraints=""0"" exp_strength=""0"" unique_strength=""0"" field=""radius_m""/>
  <constraint notnull_strength=""0"" constraints=""0"" exp_strength=""0"" unique_strength=""0"" field=""certainty""/>
  <constraint notnull_strength=""0"" constraints=""0"" exp_strength=""0"" unique_strength=""0"" field=""n""/>
 </constraints>
 <constraintExpressions>
  <constraint exp="""" field=""fid"" desc=""""/>
  <constraint exp="""" field=""uid"" desc=""""/>
  <constraint exp="""" field=""dist_1988"" desc=""""/>
  <constraint exp="""" field=""dist_1989"" desc=""""/>
  <constraint exp="""" field=""dist_1990"" desc=""""/>
  <constraint exp="""" field=""dist_1991"" desc=""""/>
  <constraint exp="""" field=""dist_1992"" desc=""""/>
  <constraint exp="""" field=""dist_1993"" desc=""""/>
  <constraint exp="""" field=""dist_1994"" desc=""""/>
  <constraint exp="""" field=""dist_1995"" desc=""""/>
  <constraint exp="""" field=""dist_1996"" desc=""""/>
  <constraint exp="""" field=""dist_1997"" desc=""""/>
  <constraint exp="""" field=""dist_1998"" desc=""""/>
  <constraint exp="""" field=""dist_1999"" desc=""""/>
  <constraint exp="""" field=""dist_2000"" desc=""""/>
  <constraint exp="""" field=""dist_2001"" desc=""""/>
  <constraint exp="""" field=""dist_2002"" desc=""""/>
  <constraint exp="""" field=""dist_2003"" desc=""""/>
  <constraint exp="""" field=""dist_2004"" desc=""""/>
  <constraint exp="""" field=""dist_2005"" desc=""""/>
  <constraint exp="""" field=""dist_2006"" desc=""""/>
  <constraint exp="""" field=""dist_2007"" desc=""""/>
  <constraint exp="""" field=""dist_2008"" desc=""""/>
  <constraint exp="""" field=""dist_2009"" desc=""""/>
  <constraint exp="""" field=""dist_2010"" desc=""""/>
  <constraint exp="""" field=""dist_2011"" desc=""""/>
  <constraint exp="""" field=""dist_2012"" desc=""""/>
  <constraint exp="""" field=""dist_2013"" desc=""""/>
  <constraint exp="""" field=""dist_2014"" desc=""""/>
  <constraint exp="""" field=""dist_2015"" desc=""""/>
  <constraint exp="""" field=""dist_2016"" desc=""""/>
  <constraint exp="""" field=""dist_2017"" desc=""""/>
  <constraint exp="""" field=""dist_2018"" desc=""""/>
  <constraint exp="""" field=""dist_2019"" desc=""""/>
  <constraint exp="""" field=""dist_2020"" desc=""""/>
  <constraint exp="""" field=""dist_2021"" desc=""""/>
  <constraint exp="""" field=""rate_time"" desc=""""/>
  <constraint exp="""" field=""sig_time"" desc=""""/>
  <constraint exp="""" field=""se_time"" desc=""""/>
  <constraint exp="""" field=""outl_time"" desc=""""/>
  <constraint exp="""" field=""radius_m"" desc=""""/>
  <constraint exp="""" field=""certainty"" desc=""""/>
  <constraint exp="""" field=""n"" desc=""""/>
 </constraintExpressions>
 <expressionfields/>
 <attributeactions>
  <defaultAction key=""Canvas"" value=""{00000000-0000-0000-0000-000000000000}""/>
 </attributeactions>
 <attributetableconfig actionWidgetStyle=""dropDown"" sortExpression=""&quot;move_abs&quot;"" sortOrder=""1"">
  <columns>
   <column width=""-1"" type=""actions"" hidden=""1""/>
   <column width=""-1"" type=""field"" name=""rate_time"" hidden=""0""/>
   <column width=""-1"" type=""field"" name=""sig_time"" hidden=""0""/>
   <column width=""-1"" type=""field"" name=""outl_time"" hidden=""0""/>
   <column width=""-1"" type=""field"" name=""se_time"" hidden=""0""/>
   <column width=""-1"" type=""field"" name=""dist_2000"" hidden=""0""/>
   <column width=""-1"" type=""field"" name=""dist_2001"" hidden=""0""/>
   <column width=""-1"" type=""field"" name=""dist_2002"" hidden=""0""/>
   <column width=""-1"" type=""field"" name=""dist_2003"" hidden=""0""/>
   <column width=""-1"" type=""field"" name=""dist_2004"" hidden=""0""/>
   <column width=""-1"" type=""field"" name=""dist_2005"" hidden=""0""/>
   <column width=""-1"" type=""field"" name=""dist_2006"" hidden=""0""/>
   <column width=""-1"" type=""field"" name=""dist_2007"" hidden=""0""/>
   <column width=""-1"" type=""field"" name=""dist_2008"" hidden=""0""/>
   <column width=""-1"" type=""field"" name=""dist_2009"" hidden=""0""/>
   <column width=""-1"" type=""field"" name=""dist_2010"" hidden=""0""/>
   <column width=""-1"" type=""field"" name=""dist_2011"" hidden=""0""/>
   <column width=""-1"" type=""field"" name=""dist_2012"" hidden=""0""/>
   <column width=""-1"" type=""field"" name=""dist_2013"" hidden=""0""/>
   <column width=""-1"" type=""field"" name=""dist_2014"" hidden=""0""/>
   <column width=""-1"" type=""field"" name=""dist_2015"" hidden=""0""/>
   <column width=""-1"" type=""field"" name=""dist_2016"" hidden=""0""/>
   <column width=""-1"" type=""field"" name=""dist_2017"" hidden=""0""/>
   <column width=""-1"" type=""field"" name=""dist_2018"" hidden=""0""/>
   <column width=""-1"" type=""field"" name=""dist_2019"" hidden=""0""/>
   <column width=""-1"" type=""field"" name=""dist_2020"" hidden=""0""/>
   <column width=""-1"" type=""field"" name=""fid"" hidden=""0""/>
   <column width=""-1"" type=""field"" name=""certainty"" hidden=""0""/>
   <column width=""-1"" type=""field"" name=""uid"" hidden=""0""/>
   <column width=""-1"" type=""field"" name=""radius_m"" hidden=""0""/>
   <column width=""-1"" type=""field"" name=""n"" hidden=""0""/>
   <column width=""-1"" type=""field"" name=""dist_2021"" hidden=""0""/>
   <column width=""-1"" type=""field"" name=""dist_1988"" hidden=""0""/>
   <column width=""-1"" type=""field"" name=""dist_1989"" hidden=""0""/>
   <column width=""-1"" type=""field"" name=""dist_1990"" hidden=""0""/>
   <column width=""-1"" type=""field"" name=""dist_1991"" hidden=""0""/>
   <column width=""-1"" type=""field"" name=""dist_1992"" hidden=""0""/>
   <column width=""-1"" type=""field"" name=""dist_1993"" hidden=""0""/>
   <column width=""-1"" type=""field"" name=""dist_1994"" hidden=""0""/>
   <column width=""-1"" type=""field"" name=""dist_1995"" hidden=""0""/>
   <column width=""-1"" type=""field"" name=""dist_1996"" hidden=""0""/>
   <column width=""-1"" type=""field"" name=""dist_1997"" hidden=""0""/>
   <column width=""-1"" type=""field"" name=""dist_1998"" hidden=""0""/>
   <column width=""-1"" type=""field"" name=""dist_1999"" hidden=""0""/>
  </columns>
 </attributetableconfig>
 <conditionalstyles>
  <rowstyles/>
  <fieldstyles/>
 </conditionalstyles>
 <storedexpressions/>
 <editform tolerant=""1""></editform>
 <editforminit/>
 <editforminitcodesource>0</editforminitcodesource>
 <editforminitfilepath></editforminitfilepath>
 <editforminitcode><![CDATA[# -*- coding: utf-8 -*-
""""""
QGIS forms can have a Python function that is called when the form is
opened.

Use this function to add extra logic to your forms.

Enter the name of the function in the ""Python Init function""
field.
An example follows:
""""""
from qgis.PyQt.QtWidgets import QWidget

def my_form_open(dialog, layer, feature):
	geom = feature.geometry()
	control = dialog.findChild(QWidget, ""MyLineEdit"")
]]></editforminitcode>
 <featformsuppress>0</featformsuppress>
 <editorlayout>generatedlayout</editorlayout>
 <editable>
  <field name=""1987-01-01"" editable=""1""/>
  <field name=""1988"" editable=""1""/>
  <field name=""1988-01-01"" editable=""1""/>
  <field name=""1989"" editable=""1""/>
  <field name=""1989-01-01"" editable=""1""/>
  <field name=""1990"" editable=""1""/>
  <field name=""1990-01-01"" editable=""1""/>
  <field name=""1991"" editable=""1""/>
  <field name=""1991-01-01"" editable=""1""/>
  <field name=""1992"" editable=""1""/>
  <field name=""1992-01-01"" editable=""1""/>
  <field name=""1993"" editable=""1""/>
  <field name=""1993-01-01"" editable=""1""/>
  <field name=""1994"" editable=""1""/>
  <field name=""1994-01-01"" editable=""1""/>
  <field name=""1995"" editable=""1""/>
  <field name=""1995-01-01"" editable=""1""/>
  <field name=""1996"" editable=""1""/>
  <field name=""1996-01-01"" editable=""1""/>
  <field name=""1997"" editable=""1""/>
  <field name=""1997-01-01"" editable=""1""/>
  <field name=""1998"" editable=""1""/>
  <field name=""1998-01-01"" editable=""1""/>
  <field name=""1999"" editable=""1""/>
  <field name=""1999-01-01"" editable=""1""/>
  <field name=""2000"" editable=""1""/>
  <field name=""2000-01-01"" editable=""1""/>
  <field name=""2001"" editable=""1""/>
  <field name=""2001-01-01"" editable=""1""/>
  <field name=""2002"" editable=""1""/>
  <field name=""2002-01-01"" editable=""1""/>
  <field name=""2003"" editable=""1""/>
  <field name=""2003-01-01"" editable=""1""/>
  <field name=""2004"" editable=""1""/>
  <field name=""2004-01-01"" editable=""1""/>
  <field name=""2005"" editable=""1""/>
  <field name=""2005-01-01"" editable=""1""/>
  <field name=""2006"" editable=""1""/>
  <field name=""2006-01-01"" editable=""1""/>
  <field name=""2007"" editable=""1""/>
  <field name=""2007-01-01"" editable=""1""/>
  <field name=""2008"" editable=""1""/>
  <field name=""2008-01-01"" editable=""1""/>
  <field name=""2009"" editable=""1""/>
  <field name=""2009-01-01"" editable=""1""/>
  <field name=""2010"" editable=""1""/>
  <field name=""2010-01-01"" editable=""1""/>
  <field name=""2011"" editable=""1""/>
  <field name=""2011-01-01"" editable=""1""/>
  <field name=""2012"" editable=""1""/>
  <field name=""2012-01-01"" editable=""1""/>
  <field name=""2013"" editable=""1""/>
  <field name=""2013-01-01"" editable=""1""/>
  <field name=""2014"" editable=""1""/>
  <field name=""2014-01-01"" editable=""1""/>
  <field name=""2015"" editable=""1""/>
  <field name=""2015-01-01"" editable=""1""/>
  <field name=""2016"" editable=""1""/>
  <field name=""2016-01-01"" editable=""1""/>
  <field name=""2017"" editable=""1""/>
  <field name=""2017-01-01"" editable=""1""/>
  <field name=""2018"" editable=""1""/>
  <field name=""2018-01-01"" editable=""1""/>
  <field name=""angle_mean"" editable=""1""/>
  <field name=""angle_std"" editable=""1""/>
  <field name=""breakpoints"" editable=""1""/>
  <field name=""breaks"" editable=""1""/>
  <field name=""certainty"" editable=""1""/>
  <field name=""country"" editable=""1""/>
  <field name=""dist_1988"" editable=""1""/>
  <field name=""dist_1989"" editable=""1""/>
  <field name=""dist_1990"" editable=""1""/>
  <field name=""dist_1991"" editable=""1""/>
  <field name=""dist_1992"" editable=""1""/>
  <field name=""dist_1993"" editable=""1""/>
  <field name=""dist_1994"" editable=""1""/>
  <field name=""dist_1995"" editable=""1""/>
  <field name=""dist_1996"" editable=""1""/>
  <field name=""dist_1997"" editable=""1""/>
  <field name=""dist_1998"" editable=""1""/>
  <field name=""dist_1999"" editable=""1""/>
  <field name=""dist_2000"" editable=""1""/>
  <field name=""dist_2001"" editable=""1""/>
  <field name=""dist_2002"" editable=""1""/>
  <field name=""dist_2003"" editable=""1""/>
  <field name=""dist_2004"" editable=""1""/>
  <field name=""dist_2005"" editable=""1""/>
  <field name=""dist_2006"" editable=""1""/>
  <field name=""dist_2007"" editable=""1""/>
  <field name=""dist_2008"" editable=""1""/>
  <field name=""dist_2009"" editable=""1""/>
  <field name=""dist_2010"" editable=""1""/>
  <field name=""dist_2011"" editable=""1""/>
  <field name=""dist_2012"" editable=""1""/>
  <field name=""dist_2013"" editable=""1""/>
  <field name=""dist_2014"" editable=""1""/>
  <field name=""dist_2015"" editable=""1""/>
  <field name=""dist_2016"" editable=""1""/>
  <field name=""dist_2017"" editable=""1""/>
  <field name=""dist_2018"" editable=""1""/>
  <field name=""dist_2019"" editable=""1""/>
  <field name=""dist_2020"" editable=""1""/>
  <field name=""dist_2021"" editable=""1""/>
  <field name=""eln_outl"" editable=""1""/>
  <field name=""eln_rate"" editable=""1""/>
  <field name=""eln_sig"" editable=""1""/>
  <field name=""fid"" editable=""1""/>
  <field name=""growth"" editable=""1""/>
  <field name=""incpt_IOD"" editable=""1""/>
  <field name=""incpt_IPO"" editable=""1""/>
  <field name=""incpt_PDO"" editable=""1""/>
  <field name=""incpt_SAM"" editable=""1""/>
  <field name=""incpt_SOI"" editable=""1""/>
  <field name=""incpt_tide"" editable=""1""/>
  <field name=""incpt_time"" editable=""1""/>
  <field name=""lan_outl"" editable=""1""/>
  <field name=""lan_rate"" editable=""1""/>
  <field name=""lan_sig"" editable=""1""/>
  <field name=""layer"" editable=""1""/>
  <field name=""max_year"" editable=""1""/>
  <field name=""min_year"" editable=""1""/>
  <field name=""mov_outl"" editable=""1""/>
  <field name=""mov_rate"" editable=""1""/>
  <field name=""mov_sig"" editable=""1""/>
  <field name=""move_abs"" editable=""1""/>
  <field name=""n"" editable=""1""/>
  <field name=""neg_outl"" editable=""1""/>
  <field name=""neg_rate"" editable=""1""/>
  <field name=""neg_sig"" editable=""1""/>
  <field name=""nsm"" editable=""1""/>
  <field name=""orig_ogc_fid"" editable=""1""/>
  <field name=""outl_IOD"" editable=""1""/>
  <field name=""outl_IPO"" editable=""1""/>
  <field name=""outl_PDO"" editable=""1""/>
  <field name=""outl_SAM"" editable=""1""/>
  <field name=""outl_SOI"" editable=""1""/>
  <field name=""outl_soi"" editable=""1""/>
  <field name=""outl_tide"" editable=""1""/>
  <field name=""outl_time"" editable=""1""/>
  <field name=""path"" editable=""1""/>
  <field name=""pos_outl"" editable=""1""/>
  <field name=""pos_rate"" editable=""1""/>
  <field name=""pos_sig"" editable=""1""/>
  <field name=""radius_m"" editable=""1""/>
  <field name=""rate_IOD"" editable=""1""/>
  <field name=""rate_IPO"" editable=""1""/>
  <field name=""rate_PDO"" editable=""1""/>
  <field name=""rate_SAM"" editable=""1""/>
  <field name=""rate_SOI"" editable=""1""/>
  <field name=""rate_soi"" editable=""1""/>
  <field name=""rate_tide"" editable=""1""/>
  <field name=""rate_time"" editable=""1""/>
  <field name=""retreat"" editable=""1""/>
  <field name=""sce"" editable=""1""/>
  <field name=""se_soi"" editable=""1""/>
  <field name=""se_time"" editable=""1""/>
  <field name=""sig_IOD"" editable=""1""/>
  <field name=""sig_IPO"" editable=""1""/>
  <field name=""sig_PDO"" editable=""1""/>
  <field name=""sig_SAM"" editable=""1""/>
  <field name=""sig_SOI"" editable=""1""/>
  <field name=""sig_soi"" editable=""1""/>
  <field name=""sig_tide"" editable=""1""/>
  <field name=""sig_time"" editable=""1""/>
  <field name=""soi_outl"" editable=""1""/>
  <field name=""soi_rate"" editable=""1""/>
  <field name=""soi_sig"" editable=""1""/>
  <field name=""uid"" editable=""1""/>
  <field name=""valid_obs"" editable=""1""/>
  <field name=""valid_span"" editable=""1""/>
  <field name=""wms_s_abs"" editable=""1""/>
  <field name=""wms_s_conf"" editable=""1""/>
  <field name=""wms_s_sig"" editable=""1""/>
  <field name=""wms_t_abs"" editable=""1""/>
  <field name=""wms_t_conf"" editable=""1""/>
  <field name=""wms_t_grew"" editable=""1""/>
  <field name=""wms_t_less"" editable=""1""/>
  <field name=""wms_t_retr"" editable=""1""/>
  <field name=""wms_t_sig"" editable=""1""/>
  <field name=""wms_valobs"" editable=""1""/>
 </editable>
 <labelOnTop>
  <field labelOnTop=""0"" name=""1987-01-01""/>
  <field labelOnTop=""0"" name=""1988""/>
  <field labelOnTop=""0"" name=""1988-01-01""/>
  <field labelOnTop=""0"" name=""1989""/>
  <field labelOnTop=""0"" name=""1989-01-01""/>
  <field labelOnTop=""0"" name=""1990""/>
  <field labelOnTop=""0"" name=""1990-01-01""/>
  <field labelOnTop=""0"" name=""1991""/>
  <field labelOnTop=""0"" name=""1991-01-01""/>
  <field labelOnTop=""0"" name=""1992""/>
  <field labelOnTop=""0"" name=""1992-01-01""/>
  <field labelOnTop=""0"" name=""1993""/>
  <field labelOnTop=""0"" name=""1993-01-01""/>
  <field labelOnTop=""0"" name=""1994""/>
  <field labelOnTop=""0"" name=""1994-01-01""/>
  <field labelOnTop=""0"" name=""1995""/>
  <field labelOnTop=""0"" name=""1995-01-01""/>
  <field labelOnTop=""0"" name=""1996""/>
  <field labelOnTop=""0"" name=""1996-01-01""/>
  <field labelOnTop=""0"" name=""1997""/>
  <field labelOnTop=""0"" name=""1997-01-01""/>
  <field labelOnTop=""0"" name=""1998""/>
  <field labelOnTop=""0"" name=""1998-01-01""/>
  <field labelOnTop=""0"" name=""1999""/>
  <field labelOnTop=""0"" name=""1999-01-01""/>
  <field labelOnTop=""0"" name=""2000""/>
  <field labelOnTop=""0"" name=""2000-01-01""/>
  <field labelOnTop=""0"" name=""2001""/>
  <field labelOnTop=""0"" name=""2001-01-01""/>
  <field labelOnTop=""0"" name=""2002""/>
  <field labelOnTop=""0"" name=""2002-01-01""/>
  <field labelOnTop=""0"" name=""2003""/>
  <field labelOnTop=""0"" name=""2003-01-01""/>
  <field labelOnTop=""0"" name=""2004""/>
  <field labelOnTop=""0"" name=""2004-01-01""/>
  <field labelOnTop=""0"" name=""2005""/>
  <field labelOnTop=""0"" name=""2005-01-01""/>
  <field labelOnTop=""0"" name=""2006""/>
  <field labelOnTop=""0"" name=""2006-01-01""/>
  <field labelOnTop=""0"" name=""2007""/>
  <field labelOnTop=""0"" name=""2007-01-01""/>
  <field labelOnTop=""0"" name=""2008""/>
  <field labelOnTop=""0"" name=""2008-01-01""/>
  <field labelOnTop=""0"" name=""2009""/>
  <field labelOnTop=""0"" name=""2009-01-01""/>
  <field labelOnTop=""0"" name=""2010""/>
  <field labelOnTop=""0"" name=""2010-01-01""/>
  <field labelOnTop=""0"" name=""2011""/>
  <field labelOnTop=""0"" name=""2011-01-01""/>
  <field labelOnTop=""0"" name=""2012""/>
  <field labelOnTop=""0"" name=""2012-01-01""/>
  <field labelOnTop=""0"" name=""2013""/>
  <field labelOnTop=""0"" name=""2013-01-01""/>
  <field labelOnTop=""0"" name=""2014""/>
  <field labelOnTop=""0"" name=""2014-01-01""/>
  <field labelOnTop=""0"" name=""2015""/>
  <field labelOnTop=""0"" name=""2015-01-01""/>
  <field labelOnTop=""0"" name=""2016""/>
  <field labelOnTop=""0"" name=""2016-01-01""/>
  <field labelOnTop=""0"" name=""2017""/>
  <field labelOnTop=""0"" name=""2017-01-01""/>
  <field labelOnTop=""0"" name=""2018""/>
  <field labelOnTop=""0"" name=""2018-01-01""/>
  <field labelOnTop=""0"" name=""angle_mean""/>
  <field labelOnTop=""0"" name=""angle_std""/>
  <field labelOnTop=""0"" name=""breakpoints""/>
  <field labelOnTop=""0"" name=""breaks""/>
  <field labelOnTop=""0"" name=""certainty""/>
  <field labelOnTop=""0"" name=""country""/>
  <field labelOnTop=""0"" name=""dist_1988""/>
  <field labelOnTop=""0"" name=""dist_1989""/>
  <field labelOnTop=""0"" name=""dist_1990""/>
  <field labelOnTop=""0"" name=""dist_1991""/>
  <field labelOnTop=""0"" name=""dist_1992""/>
  <field labelOnTop=""0"" name=""dist_1993""/>
  <field labelOnTop=""0"" name=""dist_1994""/>
  <field labelOnTop=""0"" name=""dist_1995""/>
  <field labelOnTop=""0"" name=""dist_1996""/>
  <field labelOnTop=""0"" name=""dist_1997""/>
  <field labelOnTop=""0"" name=""dist_1998""/>
  <field labelOnTop=""0"" name=""dist_1999""/>
  <field labelOnTop=""0"" name=""dist_2000""/>
  <field labelOnTop=""0"" name=""dist_2001""/>
  <field labelOnTop=""0"" name=""dist_2002""/>
  <field labelOnTop=""0"" name=""dist_2003""/>
  <field labelOnTop=""0"" name=""dist_2004""/>
  <field labelOnTop=""0"" name=""dist_2005""/>
  <field labelOnTop=""0"" name=""dist_2006""/>
  <field labelOnTop=""0"" name=""dist_2007""/>
  <field labelOnTop=""0"" name=""dist_2008""/>
  <field labelOnTop=""0"" name=""dist_2009""/>
  <field labelOnTop=""0"" name=""dist_2010""/>
  <field labelOnTop=""0"" name=""dist_2011""/>
  <field labelOnTop=""0"" name=""dist_2012""/>
  <field labelOnTop=""0"" name=""dist_2013""/>
  <field labelOnTop=""0"" name=""dist_2014""/>
  <field labelOnTop=""0"" name=""dist_2015""/>
  <field labelOnTop=""0"" name=""dist_2016""/>
  <field labelOnTop=""0"" name=""dist_2017""/>
  <field labelOnTop=""0"" name=""dist_2018""/>
  <field labelOnTop=""0"" name=""dist_2019""/>
  <field labelOnTop=""0"" name=""dist_2020""/>
  <field labelOnTop=""0"" name=""dist_2021""/>
  <field labelOnTop=""0"" name=""eln_outl""/>
  <field labelOnTop=""0"" name=""eln_rate""/>
  <field labelOnTop=""0"" name=""eln_sig""/>
  <field labelOnTop=""0"" name=""fid""/>
  <field labelOnTop=""0"" name=""growth""/>
  <field labelOnTop=""0"" name=""incpt_IOD""/>
  <field labelOnTop=""0"" name=""incpt_IPO""/>
  <field labelOnTop=""0"" name=""incpt_PDO""/>
  <field labelOnTop=""0"" name=""incpt_SAM""/>
  <field labelOnTop=""0"" name=""incpt_SOI""/>
  <field labelOnTop=""0"" name=""incpt_tide""/>
  <field labelOnTop=""0"" name=""incpt_time""/>
  <field labelOnTop=""0"" name=""lan_outl""/>
  <field labelOnTop=""0"" name=""lan_rate""/>
  <field labelOnTop=""0"" name=""lan_sig""/>
  <field labelOnTop=""0"" name=""layer""/>
  <field labelOnTop=""0"" name=""max_year""/>
  <field labelOnTop=""0"" name=""min_year""/>
  <field labelOnTop=""0"" name=""mov_outl""/>
  <field labelOnTop=""0"" name=""mov_rate""/>
  <field labelOnTop=""0"" name=""mov_sig""/>
  <field labelOnTop=""0"" name=""move_abs""/>
  <field labelOnTop=""0"" name=""n""/>
  <field labelOnTop=""0"" name=""neg_outl""/>
  <field labelOnTop=""0"" name=""neg_rate""/>
  <field labelOnTop=""0"" name=""neg_sig""/>
  <field labelOnTop=""0"" name=""nsm""/>
  <field labelOnTop=""0"" name=""orig_ogc_fid""/>
  <field labelOnTop=""0"" name=""outl_IOD""/>
  <field labelOnTop=""0"" name=""outl_IPO""/>
  <field labelOnTop=""0"" name=""outl_PDO""/>
  <field labelOnTop=""0"" name=""outl_SAM""/>
  <field labelOnTop=""0"" name=""outl_SOI""/>
  <field labelOnTop=""0"" name=""outl_soi""/>
  <field labelOnTop=""0"" name=""outl_tide""/>
  <field labelOnTop=""0"" name=""outl_time""/>
  <field labelOnTop=""0"" name=""path""/>
  <field labelOnTop=""0"" name=""pos_outl""/>
  <field labelOnTop=""0"" name=""pos_rate""/>
  <field labelOnTop=""0"" name=""pos_sig""/>
  <field labelOnTop=""0"" name=""radius_m""/>
  <field labelOnTop=""0"" name=""rate_IOD""/>
  <field labelOnTop=""0"" name=""rate_IPO""/>
  <field labelOnTop=""0"" name=""rate_PDO""/>
  <field labelOnTop=""0"" name=""rate_SAM""/>
  <field labelOnTop=""0"" name=""rate_SOI""/>
  <field labelOnTop=""0"" name=""rate_soi""/>
  <field labelOnTop=""0"" name=""rate_tide""/>
  <field labelOnTop=""0"" name=""rate_time""/>
  <field labelOnTop=""0"" name=""retreat""/>
  <field labelOnTop=""0"" name=""sce""/>
  <field labelOnTop=""0"" name=""se_soi""/>
  <field labelOnTop=""0"" name=""se_time""/>
  <field labelOnTop=""0"" name=""sig_IOD""/>
  <field labelOnTop=""0"" name=""sig_IPO""/>
  <field labelOnTop=""0"" name=""sig_PDO""/>
  <field labelOnTop=""0"" name=""sig_SAM""/>
  <field labelOnTop=""0"" name=""sig_SOI""/>
  <field labelOnTop=""0"" name=""sig_soi""/>
  <field labelOnTop=""0"" name=""sig_tide""/>
  <field labelOnTop=""0"" name=""sig_time""/>
  <field labelOnTop=""0"" name=""soi_outl""/>
  <field labelOnTop=""0"" name=""soi_rate""/>
  <field labelOnTop=""0"" name=""soi_sig""/>
  <field labelOnTop=""0"" name=""uid""/>
  <field labelOnTop=""0"" name=""valid_obs""/>
  <field labelOnTop=""0"" name=""valid_span""/>
  <field labelOnTop=""0"" name=""wms_s_abs""/>
  <field labelOnTop=""0"" name=""wms_s_conf""/>
  <field labelOnTop=""0"" name=""wms_s_sig""/>
  <field labelOnTop=""0"" name=""wms_t_abs""/>
  <field labelOnTop=""0"" name=""wms_t_conf""/>
  <field labelOnTop=""0"" name=""wms_t_grew""/>
  <field labelOnTop=""0"" name=""wms_t_less""/>
  <field labelOnTop=""0"" name=""wms_t_retr""/>
  <field labelOnTop=""0"" name=""wms_t_sig""/>
  <field labelOnTop=""0"" name=""wms_valobs""/>
 </labelOnTop>
 <dataDefinedFieldProperties/>
 <widgets/>
 <previewExpression>1987-01-01</previewExpression>
 <mapTip></mapTip>
 <layerGeometryType>0</layerGeometryType>
</qgis>
","<?xml version=""1.0"" encoding=""UTF-8""?>
<StyledLayerDescriptor xmlns=""http://www.opengis.net/sld"" xsi:schemaLocation=""http://www.opengis.net/sld http://schemas.opengis.net/sld/1.1.0/StyledLayerDescriptor.xsd"" xmlns:ogc=""http://www.opengis.net/ogc"" version=""1.1.0"" xmlns:xlink=""http://www.w3.org/1999/xlink"" xmlns:xsi=""http://www.w3.org/2001/XMLSchema-instance"" xmlns:se=""http://www.opengis.net/se"">
 <NamedLayer>
  <se:Name>hotspots_zoom_2</se:Name>
  <UserStyle>
   <se:Name>hotspots_zoom_2</se:Name>
   <se:FeatureTypeStyle>
    <se:Rule>
     <se:Name>&lt; -5.0 m / year coastline retreat</se:Name>
     <se:Description>
      <se:Title>&lt; -5.0 m / year coastline retreat</se:Title>
     </se:Description>
     <ogc:Filter xmlns:ogc=""http://www.opengis.net/ogc"">
      <ogc:And>
       <ogc:PropertyIsGreaterThanOrEqualTo>
        <ogc:PropertyName>if(  (""sig_time"" &lt;=0.01) AND (""certainty"" = 'good'), rate_time, 0)</ogc:PropertyName>
        <ogc:Literal>-50</ogc:Literal>
       </ogc:PropertyIsGreaterThanOrEqualTo>
       <ogc:PropertyIsLessThanOrEqualTo>
        <ogc:PropertyName>if(  (""sig_time"" &lt;=0.01) AND (""certainty"" = 'good'), rate_time, 0)</ogc:PropertyName>
        <ogc:Literal>-5</ogc:Literal>
       </ogc:PropertyIsLessThanOrEqualTo>
      </ogc:And>
     </ogc:Filter>
     <se:PointSymbolizer>
      <se:Graphic>
       <se:Mark>
        <se:WellKnownName>circle</se:WellKnownName>
        <se:Fill>
         <se:SvgParameter name=""fill"">#bd0020</se:SvgParameter>
        </se:Fill>
        <se:Stroke>
         <se:SvgParameter name=""stroke"">#ffffff</se:SvgParameter>
         <se:SvgParameter name=""stroke-opacity"">0</se:SvgParameter>
         <se:SvgParameter name=""stroke-width"">0.5</se:SvgParameter>
        </se:Stroke>
       </se:Mark>
       <se:Size>11</se:Size>
      </se:Graphic>
     </se:PointSymbolizer>
    </se:Rule>
    <se:Rule>
     <se:Name>   -5.0 to -3.0 m / year</se:Name>
     <se:Description>
      <se:Title>   -5.0 to -3.0 m / year</se:Title>
     </se:Description>
     <ogc:Filter xmlns:ogc=""http://www.opengis.net/ogc"">
      <ogc:And>
       <ogc:PropertyIsGreaterThan>
        <ogc:PropertyName>if(  (""sig_time"" &lt;=0.01) AND (""certainty"" = 'good'), rate_time, 0)</ogc:PropertyName>
        <ogc:Literal>-5</ogc:Literal>
       </ogc:PropertyIsGreaterThan>
       <ogc:PropertyIsLessThanOrEqualTo>
        <ogc:PropertyName>if(  (""sig_time"" &lt;=0.01) AND (""certainty"" = 'good'), rate_time, 0)</ogc:PropertyName>
        <ogc:Literal>-3</ogc:Literal>
       </ogc:PropertyIsLessThanOrEqualTo>
      </ogc:And>
     </ogc:Filter>
     <se:PointSymbolizer>
      <se:Graphic>
       <se:Mark>
        <se:WellKnownName>circle</se:WellKnownName>
        <se:Fill>
         <se:SvgParameter name=""fill"">#ca0020</se:SvgParameter>
        </se:Fill>
        <se:Stroke>
         <se:SvgParameter name=""stroke"">#ffffff</se:SvgParameter>
         <se:SvgParameter name=""stroke-opacity"">0</se:SvgParameter>
         <se:SvgParameter name=""stroke-width"">0.5</se:SvgParameter>
        </se:Stroke>
       </se:Mark>
       <se:Size>10</se:Size>
      </se:Graphic>
     </se:PointSymbolizer>
    </se:Rule>
    <se:Rule>
     <se:Name>   -3.0 to -1.0 m / year</se:Name>
     <se:Description>
      <se:Title>   -3.0 to -1.0 m / year</se:Title>
     </se:Description>
     <ogc:Filter xmlns:ogc=""http://www.opengis.net/ogc"">
      <ogc:And>
       <ogc:PropertyIsGreaterThan>
        <ogc:PropertyName>if(  (""sig_time"" &lt;=0.01) AND (""certainty"" = 'good'), rate_time, 0)</ogc:PropertyName>
        <ogc:Literal>-3</ogc:Literal>
       </ogc:PropertyIsGreaterThan>
       <ogc:PropertyIsLessThanOrEqualTo>
        <ogc:PropertyName>if(  (""sig_time"" &lt;=0.01) AND (""certainty"" = 'good'), rate_time, 0)</ogc:PropertyName>
        <ogc:Literal>-1</ogc:Literal>
       </ogc:PropertyIsLessThanOrEqualTo>
      </ogc:And>
     </ogc:Filter>
     <se:PointSymbolizer>
      <se:Graphic>
       <se:Mark>
        <se:WellKnownName>circle</se:WellKnownName>
        <se:Fill>
         <se:SvgParameter name=""fill"">#da3c43</se:SvgParameter>
        </se:Fill>
        <se:Stroke>
         <se:SvgParameter name=""stroke"">#ffffff</se:SvgParameter>
         <se:SvgParameter name=""stroke-opacity"">0</se:SvgParameter>
         <se:SvgParameter name=""stroke-width"">0.5</se:SvgParameter>
        </se:Stroke>
       </se:Mark>
       <se:Size>9</se:Size>
      </se:Graphic>
     </se:PointSymbolizer>
    </se:Rule>
    <se:Rule>
     <se:Name>   -1.0 to -0.5 m / year</se:Name>
     <se:Description>
      <se:Title>   -1.0 to -0.5 m / year</se:Title>
     </se:Description>
     <ogc:Filter xmlns:ogc=""http://www.opengis.net/ogc"">
      <ogc:And>
       <ogc:PropertyIsGreaterThan>
        <ogc:PropertyName>if(  (""sig_time"" &lt;=0.01) AND (""certainty"" = 'good'), rate_time, 0)</ogc:PropertyName>
        <ogc:Literal>-1</ogc:Literal>
       </ogc:PropertyIsGreaterThan>
       <ogc:PropertyIsLessThanOrEqualTo>
        <ogc:PropertyName>if(  (""sig_time"" &lt;=0.01) AND (""certainty"" = 'good'), rate_time, 0)</ogc:PropertyName>
        <ogc:Literal>-0.5</ogc:Literal>
       </ogc:PropertyIsLessThanOrEqualTo>
      </ogc:And>
     </ogc:Filter>
     <se:PointSymbolizer>
      <se:Graphic>
       <se:Mark>
        <se:WellKnownName>circle</se:WellKnownName>
        <se:Fill>
         <se:SvgParameter name=""fill"">#e97867</se:SvgParameter>
        </se:Fill>
        <se:Stroke>
         <se:SvgParameter name=""stroke"">#ffffff</se:SvgParameter>
         <se:SvgParameter name=""stroke-opacity"">0</se:SvgParameter>
         <se:SvgParameter name=""stroke-width"">0.5</se:SvgParameter>
        </se:Stroke>
       </se:Mark>
       <se:Size>7</se:Size>
      </se:Graphic>
     </se:PointSymbolizer>
    </se:Rule>
    <se:Rule>
     <se:Name>   -0.5 to -0.3 m / year</se:Name>
     <se:Description>
      <se:Title>   -0.5 to -0.3 m / year</se:Title>
     </se:Description>
     <ogc:Filter xmlns:ogc=""http://www.opengis.net/ogc"">
      <ogc:And>
       <ogc:PropertyIsGreaterThan>
        <ogc:PropertyName>if(  (""sig_time"" &lt;=0.01) AND (""certainty"" = 'good'), rate_time, 0)</ogc:PropertyName>
        <ogc:Literal>-0.5</ogc:Literal>
       </ogc:PropertyIsGreaterThan>
       <ogc:PropertyIsLessThanOrEqualTo>
        <ogc:PropertyName>if(  (""sig_time"" &lt;=0.01) AND (""certainty"" = 'good'), rate_time, 0)</ogc:PropertyName>
        <ogc:Literal>-0.29999999999999999</ogc:Literal>
       </ogc:PropertyIsLessThanOrEqualTo>
      </ogc:And>
     </ogc:Filter>
     <se:PointSymbolizer>
      <se:Graphic>
       <se:Mark>
        <se:WellKnownName>circle</se:WellKnownName>
        <se:Fill>
         <se:SvgParameter name=""fill"">#f5ad8d</se:SvgParameter>
        </se:Fill>
        <se:Stroke>
         <se:SvgParameter name=""stroke"">#ffffff</se:SvgParameter>
         <se:SvgParameter name=""stroke-opacity"">0</se:SvgParameter>
         <se:SvgParameter name=""stroke-width"">0.5</se:SvgParameter>
        </se:Stroke>
       </se:Mark>
       <se:Size>6</se:Size>
      </se:Graphic>
     </se:PointSymbolizer>
    </se:Rule>
    <se:Rule>
     <se:Name>   -0.3 to -0.15 m / year</se:Name>
     <se:Description>
      <se:Title>   -0.3 to -0.15 m / year</se:Title>
     </se:Description>
     <ogc:Filter xmlns:ogc=""http://www.opengis.net/ogc"">
      <ogc:And>
       <ogc:PropertyIsGreaterThan>
        <ogc:PropertyName>if(  (""sig_time"" &lt;=0.01) AND (""certainty"" = 'good'), rate_time, 0)</ogc:PropertyName>
        <ogc:Literal>-0.29999999999999999</ogc:Literal>
       </ogc:PropertyIsGreaterThan>
       <ogc:PropertyIsLessThanOrEqualTo>
        <ogc:PropertyName>if(  (""sig_time"" &lt;=0.01) AND (""certainty"" = 'good'), rate_time, 0)</ogc:PropertyName>
        <ogc:Literal>-0.14999999999999999</ogc:Literal>
       </ogc:PropertyIsLessThanOrEqualTo>
      </ogc:And>
     </ogc:Filter>
     <se:PointSymbolizer>
      <se:Graphic>
       <se:Mark>
        <se:WellKnownName>circle</se:WellKnownName>
        <se:Fill>
         <se:SvgParameter name=""fill"">#f6cbb7</se:SvgParameter>
        </se:Fill>
        <se:Stroke>
         <se:SvgParameter name=""stroke"">#ffffff</se:SvgParameter>
         <se:SvgParameter name=""stroke-opacity"">0</se:SvgParameter>
         <se:SvgParameter name=""stroke-width"">0.5</se:SvgParameter>
        </se:Stroke>
       </se:Mark>
       <se:Size>5</se:Size>
      </se:Graphic>
     </se:PointSymbolizer>
    </se:Rule>
    <se:Rule>
     <se:Name>   -0.15 m to 0 m / year</se:Name>
     <se:Description>
      <se:Title>   -0.15 m to 0 m / year</se:Title>
     </se:Description>
     <ogc:Filter xmlns:ogc=""http://www.opengis.net/ogc"">
      <ogc:And>
       <ogc:PropertyIsGreaterThan>
        <ogc:PropertyName>if(  (""sig_time"" &lt;=0.01) AND (""certainty"" = 'good'), rate_time, 0)</ogc:PropertyName>
        <ogc:Literal>-0.14999999999999999</ogc:Literal>
       </ogc:PropertyIsGreaterThan>
       <ogc:PropertyIsLessThanOrEqualTo>
        <ogc:PropertyName>if(  (""sig_time"" &lt;=0.01) AND (""certainty"" = 'good'), rate_time, 0)</ogc:PropertyName>
        <ogc:Literal>-0.01</ogc:Literal>
       </ogc:PropertyIsLessThanOrEqualTo>
      </ogc:And>
     </ogc:Filter>
     <se:PointSymbolizer>
      <se:Graphic>
       <se:Mark>
        <se:WellKnownName>circle</se:WellKnownName>
        <se:Fill>
         <se:SvgParameter name=""fill"">#f7e8e2</se:SvgParameter>
        </se:Fill>
        <se:Stroke>
         <se:SvgParameter name=""stroke"">#ffffff</se:SvgParameter>
         <se:SvgParameter name=""stroke-opacity"">0</se:SvgParameter>
         <se:SvgParameter name=""stroke-width"">0.5</se:SvgParameter>
        </se:Stroke>
       </se:Mark>
       <se:Size>4</se:Size>
      </se:Graphic>
     </se:PointSymbolizer>
    </se:Rule>
    <se:Rule>
     <se:Name>No significant change or low certainty</se:Name>
     <se:Description>
      <se:Title>No significant change or low certainty</se:Title>
     </se:Description>
     <ogc:Filter xmlns:ogc=""http://www.opengis.net/ogc"">
      <ogc:And>
       <ogc:PropertyIsGreaterThan>
        <ogc:PropertyName>if(  (""sig_time"" &lt;=0.01) AND (""certainty"" = 'good'), rate_time, 0)</ogc:PropertyName>
        <ogc:Literal>-0.01</ogc:Literal>
       </ogc:PropertyIsGreaterThan>
       <ogc:PropertyIsLessThanOrEqualTo>
        <ogc:PropertyName>if(  (""sig_time"" &lt;=0.01) AND (""certainty"" = 'good'), rate_time, 0)</ogc:PropertyName>
        <ogc:Literal>0.01</ogc:Literal>
       </ogc:PropertyIsLessThanOrEqualTo>
      </ogc:And>
     </ogc:Filter>
     <se:PointSymbolizer>
      <se:Graphic>
       <se:Mark>
        <se:WellKnownName>circle</se:WellKnownName>
        <se:Fill>
         <se:SvgParameter name=""fill"">#ffffff</se:SvgParameter>
        </se:Fill>
        <se:Stroke>
         <se:SvgParameter name=""stroke"">#ffffff</se:SvgParameter>
         <se:SvgParameter name=""stroke-opacity"">0.35</se:SvgParameter>
         <se:SvgParameter name=""stroke-width"">0.5</se:SvgParameter>
        </se:Stroke>
       </se:Mark>
       <se:Size>2</se:Size>
      </se:Graphic>
     </se:PointSymbolizer>
    </se:Rule>
    <se:Rule>
     <se:Name>    0.0 to 0.15 m / year</se:Name>
     <se:Description>
      <se:Title>    0.0 to 0.15 m / year</se:Title>
     </se:Description>
     <ogc:Filter xmlns:ogc=""http://www.opengis.net/ogc"">
      <ogc:And>
       <ogc:PropertyIsGreaterThan>
        <ogc:PropertyName>if(  (""sig_time"" &lt;=0.01) AND (""certainty"" = 'good'), rate_time, 0)</ogc:PropertyName>
        <ogc:Literal>0.01</ogc:Literal>
       </ogc:PropertyIsGreaterThan>
       <ogc:PropertyIsLessThanOrEqualTo>
        <ogc:PropertyName>if(  (""sig_time"" &lt;=0.01) AND (""certainty"" = 'good'), rate_time, 0)</ogc:PropertyName>
        <ogc:Literal>0.14999999999999999</ogc:Literal>
       </ogc:PropertyIsLessThanOrEqualTo>
      </ogc:And>
     </ogc:Filter>
     <se:PointSymbolizer>
      <se:Graphic>
       <se:Mark>
        <se:WellKnownName>circle</se:WellKnownName>
        <se:Fill>
         <se:SvgParameter name=""fill"">#e5eef3</se:SvgParameter>
        </se:Fill>
        <se:Stroke>
         <se:SvgParameter name=""stroke"">#ffffff</se:SvgParameter>
         <se:SvgParameter name=""stroke-opacity"">0</se:SvgParameter>
         <se:SvgParameter name=""stroke-width"">0.5</se:SvgParameter>
        </se:Stroke>
       </se:Mark>
       <se:Size>4</se:Size>
      </se:Graphic>
     </se:PointSymbolizer>
    </se:Rule>
    <se:Rule>
     <se:Name>    0.15 to 0.3 m / year</se:Name>
     <se:Description>
      <se:Title>    0.15 to 0.3 m / year</se:Title>
     </se:Description>
     <ogc:Filter xmlns:ogc=""http://www.opengis.net/ogc"">
      <ogc:And>
       <ogc:PropertyIsGreaterThan>
        <ogc:PropertyName>if(  (""sig_time"" &lt;=0.01) AND (""certainty"" = 'good'), rate_time, 0)</ogc:PropertyName>
        <ogc:Literal>0.14999999999999999</ogc:Literal>
       </ogc:PropertyIsGreaterThan>
       <ogc:PropertyIsLessThanOrEqualTo>
        <ogc:PropertyName>if(  (""sig_time"" &lt;=0.01) AND (""certainty"" = 'good'), rate_time, 0)</ogc:PropertyName>
        <ogc:Literal>0.29999999999999999</ogc:Literal>
       </ogc:PropertyIsLessThanOrEqualTo>
      </ogc:And>
     </ogc:Filter>
     <se:PointSymbolizer>
      <se:Graphic>
       <se:Mark>
        <se:WellKnownName>circle</se:WellKnownName>
        <se:Fill>
         <se:SvgParameter name=""fill"">#c0dcea</se:SvgParameter>
        </se:Fill>
        <se:Stroke>
         <se:SvgParameter name=""stroke"">#ffffff</se:SvgParameter>
         <se:SvgParameter name=""stroke-opacity"">0</se:SvgParameter>
         <se:SvgParameter name=""stroke-width"">0.5</se:SvgParameter>
        </se:Stroke>
       </se:Mark>
       <se:Size>5</se:Size>
      </se:Graphic>
     </se:PointSymbolizer>
    </se:Rule>
    <se:Rule>
     <se:Name>    0.3 to 0.5 m / year</se:Name>
     <se:Description>
      <se:Title>    0.3 to 0.5 m / year</se:Title>
     </se:Description>
     <ogc:Filter xmlns:ogc=""http://www.opengis.net/ogc"">
      <ogc:And>
       <ogc:PropertyIsGreaterThan>
        <ogc:PropertyName>if(  (""sig_time"" &lt;=0.01) AND (""certainty"" = 'good'), rate_time, 0)</ogc:PropertyName>
        <ogc:Literal>0.29999999999999999</ogc:Literal>
       </ogc:PropertyIsGreaterThan>
       <ogc:PropertyIsLessThanOrEqualTo>
        <ogc:PropertyName>if(  (""sig_time"" &lt;=0.01) AND (""certainty"" = 'good'), rate_time, 0)</ogc:PropertyName>
        <ogc:Literal>0.5</ogc:Literal>
       </ogc:PropertyIsLessThanOrEqualTo>
      </ogc:And>
     </ogc:Filter>
     <se:PointSymbolizer>
      <se:Graphic>
       <se:Mark>
        <se:WellKnownName>circle</se:WellKnownName>
        <se:Fill>
         <se:SvgParameter name=""fill"">#9bcae1</se:SvgParameter>
        </se:Fill>
        <se:Stroke>
         <se:SvgParameter name=""stroke"">#ffffff</se:SvgParameter>
         <se:SvgParameter name=""stroke-opacity"">0</se:SvgParameter>
         <se:SvgParameter name=""stroke-width"">0.5</se:SvgParameter>
        </se:Stroke>
       </se:Mark>
       <se:Size>6</se:Size>
      </se:Graphic>
     </se:PointSymbolizer>
    </se:Rule>
    <se:Rule>
     <se:Name>    0.5 to 1.0 m / year</se:Name>
     <se:Description>
      <se:Title>    0.5 to 1.0 m / year</se:Title>
     </se:Description>
     <ogc:Filter xmlns:ogc=""http://www.opengis.net/ogc"">
      <ogc:And>
       <ogc:PropertyIsGreaterThan>
        <ogc:PropertyName>if(  (""sig_time"" &lt;=0.01) AND (""certainty"" = 'good'), rate_time, 0)</ogc:PropertyName>
        <ogc:Literal>0.5</ogc:Literal>
       </ogc:PropertyIsGreaterThan>
       <ogc:PropertyIsLessThanOrEqualTo>
        <ogc:PropertyName>if(  (""sig_time"" &lt;=0.01) AND (""certainty"" = 'good'), rate_time, 0)</ogc:PropertyName>
        <ogc:Literal>1</ogc:Literal>
       </ogc:PropertyIsLessThanOrEqualTo>
      </ogc:And>
     </ogc:Filter>
     <se:PointSymbolizer>
      <se:Graphic>
       <se:Mark>
        <se:WellKnownName>circle</se:WellKnownName>
        <se:Fill>
         <se:SvgParameter name=""fill"">#6baed2</se:SvgParameter>
        </se:Fill>
        <se:Stroke>
         <se:SvgParameter name=""stroke"">#ffffff</se:SvgParameter>
         <se:SvgParameter name=""stroke-opacity"">0</se:SvgParameter>
         <se:SvgParameter name=""stroke-width"">0.5</se:SvgParameter>
        </se:Stroke>
       </se:Mark>
       <se:Size>7</se:Size>
      </se:Graphic>
     </se:PointSymbolizer>
    </se:Rule>
    <se:Rule>
     <se:Name>    1.0 to 3.0 m / year</se:Name>
     <se:Description>
      <se:Title>    1.0 to 3.0 m / year</se:Title>
     </se:Description>
     <ogc:Filter xmlns:ogc=""http://www.opengis.net/ogc"">
      <ogc:And>
       <ogc:PropertyIsGreaterThan>
        <ogc:PropertyName>if(  (""sig_time"" &lt;=0.01) AND (""certainty"" = 'good'), rate_time, 0)</ogc:PropertyName>
        <ogc:Literal>1</ogc:Literal>
       </ogc:PropertyIsGreaterThan>
       <ogc:PropertyIsLessThanOrEqualTo>
        <ogc:PropertyName>if(  (""sig_time"" &lt;=0.01) AND (""certainty"" = 'good'), rate_time, 0)</ogc:PropertyName>
        <ogc:Literal>3</ogc:Literal>
       </ogc:PropertyIsLessThanOrEqualTo>
      </ogc:And>
     </ogc:Filter>
     <se:PointSymbolizer>
      <se:Graphic>
       <se:Mark>
        <se:WellKnownName>circle</se:WellKnownName>
        <se:Fill>
         <se:SvgParameter name=""fill"">#3890c1</se:SvgParameter>
        </se:Fill>
        <se:Stroke>
         <se:SvgParameter name=""stroke"">#ffffff</se:SvgParameter>
         <se:SvgParameter name=""stroke-opacity"">0</se:SvgParameter>
         <se:SvgParameter name=""stroke-width"">0.5</se:SvgParameter>
        </se:Stroke>
       </se:Mark>
       <se:Size>9</se:Size>
      </se:Graphic>
     </se:PointSymbolizer>
    </se:Rule>
    <se:Rule>
     <se:Name>    3.0 to 5.0 m / year</se:Name>
     <se:Description>
      <se:Title>    3.0 to 5.0 m / year</se:Title>
     </se:Description>
     <ogc:Filter xmlns:ogc=""http://www.opengis.net/ogc"">
      <ogc:And>
       <ogc:PropertyIsGreaterThan>
        <ogc:PropertyName>if(  (""sig_time"" &lt;=0.01) AND (""certainty"" = 'good'), rate_time, 0)</ogc:PropertyName>
        <ogc:Literal>3</ogc:Literal>
       </ogc:PropertyIsGreaterThan>
       <ogc:PropertyIsLessThanOrEqualTo>
        <ogc:PropertyName>if(  (""sig_time"" &lt;=0.01) AND (""certainty"" = 'good'), rate_time, 0)</ogc:PropertyName>
        <ogc:Literal>5</ogc:Literal>
       </ogc:PropertyIsLessThanOrEqualTo>
      </ogc:And>
     </ogc:Filter>
     <se:PointSymbolizer>
      <se:Graphic>
       <se:Mark>
        <se:WellKnownName>circle</se:WellKnownName>
        <se:Fill>
         <se:SvgParameter name=""fill"">#0571b0</se:SvgParameter>
        </se:Fill>
        <se:Stroke>
         <se:SvgParameter name=""stroke"">#ffffff</se:SvgParameter>
         <se:SvgParameter name=""stroke-opacity"">0</se:SvgParameter>
         <se:SvgParameter name=""stroke-width"">0.5</se:SvgParameter>
        </se:Stroke>
       </se:Mark>
       <se:Size>10</se:Size>
      </se:Graphic>
     </se:PointSymbolizer>
    </se:Rule>
    <se:Rule>
     <se:Name> > 5.0 m / year coastline growth</se:Name>
     <se:Description>
      <se:Title> > 5.0 m / year coastline growth</se:Title>
     </se:Description>
     <ogc:Filter xmlns:ogc=""http://www.opengis.net/ogc"">
      <ogc:And>
       <ogc:PropertyIsGreaterThan>
        <ogc:PropertyName>if(  (""sig_time"" &lt;=0.01) AND (""certainty"" = 'good'), rate_time, 0)</ogc:PropertyName>
        <ogc:Literal>5</ogc:Literal>
       </ogc:PropertyIsGreaterThan>
       <ogc:PropertyIsLessThanOrEqualTo>
        <ogc:PropertyName>if(  (""sig_time"" &lt;=0.01) AND (""certainty"" = 'good'), rate_time, 0)</ogc:PropertyName>
        <ogc:Literal>50</ogc:Literal>
       </ogc:PropertyIsLessThanOrEqualTo>
      </ogc:And>
     </ogc:Filter>
     <se:PointSymbolizer>
      <se:Graphic>
       <se:Mark>
        <se:WellKnownName>circle</se:WellKnownName>
        <se:Fill>
         <se:SvgParameter name=""fill"">#0469a3</se:SvgParameter>
        </se:Fill>
        <se:Stroke>
         <se:SvgParameter name=""stroke"">#ffffff</se:SvgParameter>
         <se:SvgParameter name=""stroke-opacity"">0</se:SvgParameter>
         <se:SvgParameter name=""stroke-width"">0.5</se:SvgParameter>
        </se:Stroke>
       </se:Mark>
       <se:Size>11</se:Size>
      </se:Graphic>
     </se:PointSymbolizer>
    </se:Rule>
   </se:FeatureTypeStyle>
  </UserStyle>
 </NamedLayer>
</StyledLayerDescriptor>
",1,Wed Oct 19 11:00:44 2022,,,2022-06-02T07:16:18+00:00
,,hotspots_zoom_3,geom,hotspots_zoom_3,"<!DOCTYPE qgis PUBLIC 'http://mrcc.com/qgis.dtd' 'SYSTEM'>
<qgis styleCategories=""AllStyleCategories"" minScale=""5000000"" version=""3.16.14-Hannover"" simplifyDrawingTol=""1"" simplifyLocal=""1"" simplifyAlgorithm=""0"" readOnly=""0"" simplifyMaxScale=""1"" hasScaleBasedVisibilityFlag=""1"" labelsEnabled=""0"" simplifyDrawingHints=""0"" maxScale=""500000"">
 <flags>
  <Identifiable>1</Identifiable>
  <Removable>1</Removable>
  <Searchable>1</Searchable>
 </flags>
 <temporal endField="""" startExpression="""" accumulate=""0"" enabled=""0"" mode=""0"" durationUnit=""min"" startField="""" endExpression="""" durationField="""" fixedDuration=""0"">
  <fixedRange>
   <start></start>
   <end></end>
  </fixedRange>
 </temporal>
 <renderer-v2 enableorderby=""1"" type=""graduatedSymbol"" graduatedMethod=""GraduatedColor"" attr=""if(  (&quot;sig_time&quot; &lt;=0.01) AND (&quot;certainty&quot; = 'good'), rate_time, 0)"" symbollevels=""0"" forceraster=""0"">
  <ranges>
   <range label=""&lt; -5.0 m / year coastline retreat"" symbol=""0"" render=""true"" lower=""-50.000000000000000"" upper=""-5.000000000000000""/>
   <range label=""   -5.0 to -3.0 m / year"" symbol=""1"" render=""true"" lower=""-5.000000000000000"" upper=""-3.000000000000000""/>
   <range label=""   -3.0 to -1.0 m / year"" symbol=""2"" render=""true"" lower=""-3.000000000000000"" upper=""-1.000000000000000""/>
   <range label=""   -1.0 to -0.5 m / year"" symbol=""3"" render=""true"" lower=""-1.000000000000000"" upper=""-0.500000000000000""/>
   <range label=""   -0.5 to -0.3 m / year"" symbol=""4"" render=""true"" lower=""-0.500000000000000"" upper=""-0.300000000000000""/>
   <range label=""   -0.3 to -0.15 m / year"" symbol=""5"" render=""true"" lower=""-0.300000000000000"" upper=""-0.150000000000000""/>
   <range label=""   -0.15 m to 0 m / year"" symbol=""6"" render=""true"" lower=""-0.150000000000000"" upper=""-0.010000000000000""/>
   <range label=""No significant change or low certainty"" symbol=""7"" render=""true"" lower=""-0.010000000000000"" upper=""0.010000000000000""/>
   <range label=""    0.0 to 0.15 m / year"" symbol=""8"" render=""true"" lower=""0.010000000000000"" upper=""0.150000000000000""/>
   <range label=""    0.15 to 0.3 m / year"" symbol=""9"" render=""true"" lower=""0.150000000000000"" upper=""0.300000000000000""/>
   <range label=""    0.3 to 0.5 m / year"" symbol=""10"" render=""true"" lower=""0.300000000000000"" upper=""0.500000000000000""/>
   <range label=""    0.5 to 1.0 m / year"" symbol=""11"" render=""true"" lower=""0.500000000000000"" upper=""1.000000000000000""/>
   <range label=""    1.0 to 3.0 m / year"" symbol=""12"" render=""true"" lower=""1.000000000000000"" upper=""3.000000000000000""/>
   <range label=""    3.0 to 5.0 m / year"" symbol=""13"" render=""true"" lower=""3.000000000000000"" upper=""5.000000000000000""/>
   <range label="" > 5.0 m / year coastline growth"" symbol=""14"" render=""true"" lower=""5.000000000000000"" upper=""50.000000000000000""/>
  </ranges>
  <symbols>
   <symbol alpha=""1"" clip_to_extent=""1"" type=""marker"" name=""0"" force_rhr=""0"">
    <layer class=""SimpleMarker"" enabled=""1"" locked=""0"" pass=""0"">
     <prop k=""angle"" v=""0""/>
     <prop k=""color"" v=""189,0,32,255""/>
     <prop k=""horizontal_anchor_point"" v=""1""/>
     <prop k=""joinstyle"" v=""bevel""/>
     <prop k=""name"" v=""circle""/>
     <prop k=""offset"" v=""0,0""/>
     <prop k=""offset_map_unit_scale"" v=""3x:0,0,0,0,0,0""/>
     <prop k=""offset_unit"" v=""MM""/>
     <prop k=""outline_color"" v=""255,255,255,0""/>
     <prop k=""outline_style"" v=""solid""/>
     <prop k=""outline_width"" v=""0""/>
     <prop k=""outline_width_map_unit_scale"" v=""3x:0,0,0,0,0,0""/>
     <prop k=""outline_width_unit"" v=""MM""/>
     <prop k=""scale_method"" v=""diameter""/>
     <prop k=""size"" v=""3.2""/>
     <prop k=""size_map_unit_scale"" v=""3x:0,0,0,0,0,0""/>
     <prop k=""size_unit"" v=""MM""/>
     <prop k=""vertical_anchor_point"" v=""1""/>
     <data_defined_properties>
      <Option type=""Map"">
       <Option type=""QString"" name=""name"" value=""""/>
       <Option name=""properties""/>
       <Option type=""QString"" name=""type"" value=""collection""/>
      </Option>
     </data_defined_properties>
    </layer>
   </symbol>
   <symbol alpha=""1"" clip_to_extent=""1"" type=""marker"" name=""1"" force_rhr=""0"">
    <layer class=""SimpleMarker"" enabled=""1"" locked=""0"" pass=""0"">
     <prop k=""angle"" v=""0""/>
     <prop k=""color"" v=""202,0,32,255""/>
     <prop k=""horizontal_anchor_point"" v=""1""/>
     <prop k=""joinstyle"" v=""bevel""/>
     <prop k=""name"" v=""circle""/>
     <prop k=""offset"" v=""0,0""/>
     <prop k=""offset_map_unit_scale"" v=""3x:0,0,0,0,0,0""/>
     <prop k=""offset_unit"" v=""MM""/>
     <prop k=""outline_color"" v=""255,255,255,0""/>
     <prop k=""outline_style"" v=""solid""/>
     <prop k=""outline_width"" v=""0""/>
     <prop k=""outline_width_map_unit_scale"" v=""3x:0,0,0,0,0,0""/>
     <prop k=""outline_width_unit"" v=""MM""/>
     <prop k=""scale_method"" v=""diameter""/>
     <prop k=""size"" v=""2.8""/>
     <prop k=""size_map_unit_scale"" v=""3x:0,0,0,0,0,0""/>
     <prop k=""size_unit"" v=""MM""/>
     <prop k=""vertical_anchor_point"" v=""1""/>
     <data_defined_properties>
      <Option type=""Map"">
       <Option type=""QString"" name=""name"" value=""""/>
       <Option name=""properties""/>
       <Option type=""QString"" name=""type"" value=""collection""/>
      </Option>
     </data_defined_properties>
    </layer>
   </symbol>
   <symbol alpha=""1"" clip_to_extent=""1"" type=""marker"" name=""10"" force_rhr=""0"">
    <layer class=""SimpleMarker"" enabled=""1"" locked=""0"" pass=""0"">
     <prop k=""angle"" v=""0""/>
     <prop k=""color"" v=""155,202,225,255""/>
     <prop k=""horizontal_anchor_point"" v=""1""/>
     <prop k=""joinstyle"" v=""bevel""/>
     <prop k=""name"" v=""circle""/>
     <prop k=""offset"" v=""0,0""/>
     <prop k=""offset_map_unit_scale"" v=""3x:0,0,0,0,0,0""/>
     <prop k=""offset_unit"" v=""MM""/>
     <prop k=""outline_color"" v=""255,255,255,0""/>
     <prop k=""outline_style"" v=""solid""/>
     <prop k=""outline_width"" v=""0""/>
     <prop k=""outline_width_map_unit_scale"" v=""3x:0,0,0,0,0,0""/>
     <prop k=""outline_width_unit"" v=""MM""/>
     <prop k=""scale_method"" v=""diameter""/>
     <prop k=""size"" v=""1.6""/>
     <prop k=""size_map_unit_scale"" v=""3x:0,0,0,0,0,0""/>
     <prop k=""size_unit"" v=""MM""/>
     <prop k=""vertical_anchor_point"" v=""1""/>
     <data_defined_properties>
      <Option type=""Map"">
       <Option type=""QString"" name=""name"" value=""""/>
       <Option name=""properties""/>
       <Option type=""QString"" name=""type"" value=""collection""/>
      </Option>
     </data_defined_properties>
    </layer>
   </symbol>
   <symbol alpha=""1"" clip_to_extent=""1"" type=""marker"" name=""11"" force_rhr=""0"">
    <layer class=""SimpleMarker"" enabled=""1"" locked=""0"" pass=""0"">
     <prop k=""angle"" v=""0""/>
     <prop k=""color"" v=""107,174,210,255""/>
     <prop k=""horizontal_anchor_point"" v=""1""/>
     <prop k=""joinstyle"" v=""bevel""/>
     <prop k=""name"" v=""circle""/>
     <prop k=""offset"" v=""0,0""/>
     <prop k=""offset_map_unit_scale"" v=""3x:0,0,0,0,0,0""/>
     <prop k=""offset_unit"" v=""MM""/>
     <prop k=""outline_color"" v=""255,255,255,0""/>
     <prop k=""outline_style"" v=""solid""/>
     <prop k=""outline_width"" v=""0""/>
     <prop k=""outline_width_map_unit_scale"" v=""3x:0,0,0,0,0,0""/>
     <prop k=""outline_width_unit"" v=""MM""/>
     <prop k=""scale_method"" v=""diameter""/>
     <prop k=""size"" v=""2""/>
     <prop k=""size_map_unit_scale"" v=""3x:0,0,0,0,0,0""/>
     <prop k=""size_unit"" v=""MM""/>
     <prop k=""vertical_anchor_point"" v=""1""/>
     <data_defined_properties>
      <Option type=""Map"">
       <Option type=""QString"" name=""name"" value=""""/>
       <Option name=""properties""/>
       <Option type=""QString"" name=""type"" value=""collection""/>
      </Option>
     </data_defined_properties>
    </layer>
   </symbol>
   <symbol alpha=""1"" clip_to_extent=""1"" type=""marker"" name=""12"" force_rhr=""0"">
    <layer class=""SimpleMarker"" enabled=""1"" locked=""0"" pass=""0"">
     <prop k=""angle"" v=""0""/>
     <prop k=""color"" v=""56,144,193,255""/>
     <prop k=""horizontal_anchor_point"" v=""1""/>
     <prop k=""joinstyle"" v=""bevel""/>
     <prop k=""name"" v=""circle""/>
     <prop k=""offset"" v=""0,0""/>
     <prop k=""offset_map_unit_scale"" v=""3x:0,0,0,0,0,0""/>
     <prop k=""offset_unit"" v=""MM""/>
     <prop k=""outline_color"" v=""255,255,255,0""/>
     <prop k=""outline_style"" v=""solid""/>
     <prop k=""outline_width"" v=""0""/>
     <prop k=""outline_width_map_unit_scale"" v=""3x:0,0,0,0,0,0""/>
     <prop k=""outline_width_unit"" v=""MM""/>
     <prop k=""scale_method"" v=""diameter""/>
     <prop k=""size"" v=""2.4""/>
     <prop k=""size_map_unit_scale"" v=""3x:0,0,0,0,0,0""/>
     <prop k=""size_unit"" v=""MM""/>
     <prop k=""vertical_anchor_point"" v=""1""/>
     <data_defined_properties>
      <Option type=""Map"">
       <Option type=""QString"" name=""name"" value=""""/>
       <Option name=""properties""/>
       <Option type=""QString"" name=""type"" value=""collection""/>
      </Option>
     </data_defined_properties>
    </layer>
   </symbol>
   <symbol alpha=""1"" clip_to_extent=""1"" type=""marker"" name=""13"" force_rhr=""0"">
    <layer class=""SimpleMarker"" enabled=""1"" locked=""0"" pass=""0"">
     <prop k=""angle"" v=""0""/>
     <prop k=""color"" v=""5,113,176,255""/>
     <prop k=""horizontal_anchor_point"" v=""1""/>
     <prop k=""joinstyle"" v=""bevel""/>
     <prop k=""name"" v=""circle""/>
     <prop k=""offset"" v=""0,0""/>
     <prop k=""offset_map_unit_scale"" v=""3x:0,0,0,0,0,0""/>
     <prop k=""offset_unit"" v=""MM""/>
     <prop k=""outline_color"" v=""255,255,255,0""/>
     <prop k=""outline_style"" v=""solid""/>
     <prop k=""outline_width"" v=""0""/>
     <prop k=""outline_width_map_unit_scale"" v=""3x:0,0,0,0,0,0""/>
     <prop k=""outline_width_unit"" v=""MM""/>
     <prop k=""scale_method"" v=""diameter""/>
     <prop k=""size"" v=""2.8""/>
     <prop k=""size_map_unit_scale"" v=""3x:0,0,0,0,0,0""/>
     <prop k=""size_unit"" v=""MM""/>
     <prop k=""vertical_anchor_point"" v=""1""/>
     <data_defined_properties>
      <Option type=""Map"">
       <Option type=""QString"" name=""name"" value=""""/>
       <Option name=""properties""/>
       <Option type=""QString"" name=""type"" value=""collection""/>
      </Option>
     </data_defined_properties>
    </layer>
   </symbol>
   <symbol alpha=""1"" clip_to_extent=""1"" type=""marker"" name=""14"" force_rhr=""0"">
    <layer class=""SimpleMarker"" enabled=""1"" locked=""0"" pass=""0"">
     <prop k=""angle"" v=""0""/>
     <prop k=""color"" v=""4,105,163,255""/>
     <prop k=""horizontal_anchor_point"" v=""1""/>
     <prop k=""joinstyle"" v=""bevel""/>
     <prop k=""name"" v=""circle""/>
     <prop k=""offset"" v=""0,0""/>
     <prop k=""offset_map_unit_scale"" v=""3x:0,0,0,0,0,0""/>
     <prop k=""offset_unit"" v=""MM""/>
     <prop k=""outline_color"" v=""255,255,255,0""/>
     <prop k=""outline_style"" v=""solid""/>
     <prop k=""outline_width"" v=""0""/>
     <prop k=""outline_width_map_unit_scale"" v=""3x:0,0,0,0,0,0""/>
     <prop k=""outline_width_unit"" v=""MM""/>
     <prop k=""scale_method"" v=""diameter""/>
     <prop k=""size"" v=""3.2""/>
     <prop k=""size_map_unit_scale"" v=""3x:0,0,0,0,0,0""/>
     <prop k=""size_unit"" v=""MM""/>
     <prop k=""vertical_anchor_point"" v=""1""/>
     <data_defined_properties>
      <Option type=""Map"">
       <Option type=""QString"" name=""name"" value=""""/>
       <Option name=""properties""/>
       <Option type=""QString"" name=""type"" value=""collection""/>
      </Option>
     </data_defined_properties>
    </layer>
   </symbol>
   <symbol alpha=""1"" clip_to_extent=""1"" type=""marker"" name=""2"" force_rhr=""0"">
    <layer class=""SimpleMarker"" enabled=""1"" locked=""0"" pass=""0"">
     <prop k=""angle"" v=""0""/>
     <prop k=""color"" v=""218,60,67,255""/>
     <prop k=""horizontal_anchor_point"" v=""1""/>
     <prop k=""joinstyle"" v=""bevel""/>
     <prop k=""name"" v=""circle""/>
     <prop k=""offset"" v=""0,0""/>
     <prop k=""offset_map_unit_scale"" v=""3x:0,0,0,0,0,0""/>
     <prop k=""offset_unit"" v=""MM""/>
     <prop k=""outline_color"" v=""255,255,255,0""/>
     <prop k=""outline_style"" v=""solid""/>
     <prop k=""outline_width"" v=""0""/>
     <prop k=""outline_width_map_unit_scale"" v=""3x:0,0,0,0,0,0""/>
     <prop k=""outline_width_unit"" v=""MM""/>
     <prop k=""scale_method"" v=""diameter""/>
     <prop k=""size"" v=""2.4""/>
     <prop k=""size_map_unit_scale"" v=""3x:0,0,0,0,0,0""/>
     <prop k=""size_unit"" v=""MM""/>
     <prop k=""vertical_anchor_point"" v=""1""/>
     <data_defined_properties>
      <Option type=""Map"">
       <Option type=""QString"" name=""name"" value=""""/>
       <Option name=""properties""/>
       <Option type=""QString"" name=""type"" value=""collection""/>
      </Option>
     </data_defined_properties>
    </layer>
   </symbol>
   <symbol alpha=""1"" clip_to_extent=""1"" type=""marker"" name=""3"" force_rhr=""0"">
    <layer class=""SimpleMarker"" enabled=""1"" locked=""0"" pass=""0"">
     <prop k=""angle"" v=""0""/>
     <prop k=""color"" v=""233,120,103,255""/>
     <prop k=""horizontal_anchor_point"" v=""1""/>
     <prop k=""joinstyle"" v=""bevel""/>
     <prop k=""name"" v=""circle""/>
     <prop k=""offset"" v=""0,0""/>
     <prop k=""offset_map_unit_scale"" v=""3x:0,0,0,0,0,0""/>
     <prop k=""offset_unit"" v=""MM""/>
     <prop k=""outline_color"" v=""255,255,255,0""/>
     <prop k=""outline_style"" v=""solid""/>
     <prop k=""outline_width"" v=""0""/>
     <prop k=""outline_width_map_unit_scale"" v=""3x:0,0,0,0,0,0""/>
     <prop k=""outline_width_unit"" v=""MM""/>
     <prop k=""scale_method"" v=""diameter""/>
     <prop k=""size"" v=""2""/>
     <prop k=""size_map_unit_scale"" v=""3x:0,0,0,0,0,0""/>
     <prop k=""size_unit"" v=""MM""/>
     <prop k=""vertical_anchor_point"" v=""1""/>
     <data_defined_properties>
      <Option type=""Map"">
       <Option type=""QString"" name=""name"" value=""""/>
       <Option name=""properties""/>
       <Option type=""QString"" name=""type"" value=""collection""/>
      </Option>
     </data_defined_properties>
    </layer>
   </symbol>
   <symbol alpha=""1"" clip_to_extent=""1"" type=""marker"" name=""4"" force_rhr=""0"">
    <layer class=""SimpleMarker"" enabled=""1"" locked=""0"" pass=""0"">
     <prop k=""angle"" v=""0""/>
     <prop k=""color"" v=""245,173,141,255""/>
     <prop k=""horizontal_anchor_point"" v=""1""/>
     <prop k=""joinstyle"" v=""bevel""/>
     <prop k=""name"" v=""circle""/>
     <prop k=""offset"" v=""0,0""/>
     <prop k=""offset_map_unit_scale"" v=""3x:0,0,0,0,0,0""/>
     <prop k=""offset_unit"" v=""MM""/>
     <prop k=""outline_color"" v=""255,255,255,0""/>
     <prop k=""outline_style"" v=""solid""/>
     <prop k=""outline_width"" v=""0""/>
     <prop k=""outline_width_map_unit_scale"" v=""3x:0,0,0,0,0,0""/>
     <prop k=""outline_width_unit"" v=""MM""/>
     <prop k=""scale_method"" v=""diameter""/>
     <prop k=""size"" v=""1.6""/>
     <prop k=""size_map_unit_scale"" v=""3x:0,0,0,0,0,0""/>
     <prop k=""size_unit"" v=""MM""/>
     <prop k=""vertical_anchor_point"" v=""1""/>
     <data_defined_properties>
      <Option type=""Map"">
       <Option type=""QString"" name=""name"" value=""""/>
       <Option name=""properties""/>
       <Option type=""QString"" name=""type"" value=""collection""/>
      </Option>
     </data_defined_properties>
    </layer>
   </symbol>
   <symbol alpha=""1"" clip_to_extent=""1"" type=""marker"" name=""5"" force_rhr=""0"">
    <layer class=""SimpleMarker"" enabled=""1"" locked=""0"" pass=""0"">
     <prop k=""angle"" v=""0""/>
     <prop k=""color"" v=""246,203,183,255""/>
     <prop k=""horizontal_anchor_point"" v=""1""/>
     <prop k=""joinstyle"" v=""bevel""/>
     <prop k=""name"" v=""circle""/>
     <prop k=""offset"" v=""0,0""/>
     <prop k=""offset_map_unit_scale"" v=""3x:0,0,0,0,0,0""/>
     <prop k=""offset_unit"" v=""MM""/>
     <prop k=""outline_color"" v=""255,255,255,0""/>
     <prop k=""outline_style"" v=""solid""/>
     <prop k=""outline_width"" v=""0""/>
     <prop k=""outline_width_map_unit_scale"" v=""3x:0,0,0,0,0,0""/>
     <prop k=""outline_width_unit"" v=""MM""/>
     <prop k=""scale_method"" v=""diameter""/>
     <prop k=""size"" v=""1.3""/>
     <prop k=""size_map_unit_scale"" v=""3x:0,0,0,0,0,0""/>
     <prop k=""size_unit"" v=""MM""/>
     <prop k=""vertical_anchor_point"" v=""1""/>
     <data_defined_properties>
      <Option type=""Map"">
       <Option type=""QString"" name=""name"" value=""""/>
       <Option name=""properties""/>
       <Option type=""QString"" name=""type"" value=""collection""/>
      </Option>
     </data_defined_properties>
    </layer>
   </symbol>
   <symbol alpha=""1"" clip_to_extent=""1"" type=""marker"" name=""6"" force_rhr=""0"">
    <layer class=""SimpleMarker"" enabled=""1"" locked=""0"" pass=""0"">
     <prop k=""angle"" v=""0""/>
     <prop k=""color"" v=""247,232,226,255""/>
     <prop k=""horizontal_anchor_point"" v=""1""/>
     <prop k=""joinstyle"" v=""bevel""/>
     <prop k=""name"" v=""circle""/>
     <prop k=""offset"" v=""0,0""/>
     <prop k=""offset_map_unit_scale"" v=""3x:0,0,0,0,0,0""/>
     <prop k=""offset_unit"" v=""MM""/>
     <prop k=""outline_color"" v=""255,255,255,0""/>
     <prop k=""outline_style"" v=""solid""/>
     <prop k=""outline_width"" v=""0""/>
     <prop k=""outline_width_map_unit_scale"" v=""3x:0,0,0,0,0,0""/>
     <prop k=""outline_width_unit"" v=""MM""/>
     <prop k=""scale_method"" v=""diameter""/>
     <prop k=""size"" v=""1""/>
     <prop k=""size_map_unit_scale"" v=""3x:0,0,0,0,0,0""/>
     <prop k=""size_unit"" v=""MM""/>
     <prop k=""vertical_anchor_point"" v=""1""/>
     <data_defined_properties>
      <Option type=""Map"">
       <Option type=""QString"" name=""name"" value=""""/>
       <Option name=""properties""/>
       <Option type=""QString"" name=""type"" value=""collection""/>
      </Option>
     </data_defined_properties>
    </layer>
   </symbol>
   <symbol alpha=""1"" clip_to_extent=""1"" type=""marker"" name=""7"" force_rhr=""0"">
    <layer class=""SimpleMarker"" enabled=""1"" locked=""0"" pass=""0"">
     <prop k=""angle"" v=""0""/>
     <prop k=""color"" v=""255,255,255,255""/>
     <prop k=""horizontal_anchor_point"" v=""1""/>
     <prop k=""joinstyle"" v=""bevel""/>
     <prop k=""name"" v=""circle""/>
     <prop k=""offset"" v=""0,0""/>
     <prop k=""offset_map_unit_scale"" v=""3x:0,0,0,0,0,0""/>
     <prop k=""offset_unit"" v=""MM""/>
     <prop k=""outline_color"" v=""255,255,255,88""/>
     <prop k=""outline_style"" v=""solid""/>
     <prop k=""outline_width"" v=""0""/>
     <prop k=""outline_width_map_unit_scale"" v=""3x:0,0,0,0,0,0""/>
     <prop k=""outline_width_unit"" v=""MM""/>
     <prop k=""scale_method"" v=""diameter""/>
     <prop k=""size"" v=""0.5""/>
     <prop k=""size_map_unit_scale"" v=""3x:0,0,0,0,0,0""/>
     <prop k=""size_unit"" v=""MM""/>
     <prop k=""vertical_anchor_point"" v=""1""/>
     <data_defined_properties>
      <Option type=""Map"">
       <Option type=""QString"" name=""name"" value=""""/>
       <Option name=""properties""/>
       <Option type=""QString"" name=""type"" value=""collection""/>
      </Option>
     </data_defined_properties>
    </layer>
   </symbol>
   <symbol alpha=""1"" clip_to_extent=""1"" type=""marker"" name=""8"" force_rhr=""0"">
    <layer class=""SimpleMarker"" enabled=""1"" locked=""0"" pass=""0"">
     <prop k=""angle"" v=""0""/>
     <prop k=""color"" v=""229,238,243,255""/>
     <prop k=""horizontal_anchor_point"" v=""1""/>
     <prop k=""joinstyle"" v=""bevel""/>
     <prop k=""name"" v=""circle""/>
     <prop k=""offset"" v=""0,0""/>
     <prop k=""offset_map_unit_scale"" v=""3x:0,0,0,0,0,0""/>
     <prop k=""offset_unit"" v=""MM""/>
     <prop k=""outline_color"" v=""255,255,255,0""/>
     <prop k=""outline_style"" v=""solid""/>
     <prop k=""outline_width"" v=""0""/>
     <prop k=""outline_width_map_unit_scale"" v=""3x:0,0,0,0,0,0""/>
     <prop k=""outline_width_unit"" v=""MM""/>
     <prop k=""scale_method"" v=""diameter""/>
     <prop k=""size"" v=""1""/>
     <prop k=""size_map_unit_scale"" v=""3x:0,0,0,0,0,0""/>
     <prop k=""size_unit"" v=""MM""/>
     <prop k=""vertical_anchor_point"" v=""1""/>
     <data_defined_properties>
      <Option type=""Map"">
       <Option type=""QString"" name=""name"" value=""""/>
       <Option name=""properties""/>
       <Option type=""QString"" name=""type"" value=""collection""/>
      </Option>
     </data_defined_properties>
    </layer>
   </symbol>
   <symbol alpha=""1"" clip_to_extent=""1"" type=""marker"" name=""9"" force_rhr=""0"">
    <layer class=""SimpleMarker"" enabled=""1"" locked=""0"" pass=""0"">
     <prop k=""angle"" v=""0""/>
     <prop k=""color"" v=""192,220,234,255""/>
     <prop k=""horizontal_anchor_point"" v=""1""/>
     <prop k=""joinstyle"" v=""bevel""/>
     <prop k=""name"" v=""circle""/>
     <prop k=""offset"" v=""0,0""/>
     <prop k=""offset_map_unit_scale"" v=""3x:0,0,0,0,0,0""/>
     <prop k=""offset_unit"" v=""MM""/>
     <prop k=""outline_color"" v=""255,255,255,0""/>
     <prop k=""outline_style"" v=""solid""/>
     <prop k=""outline_width"" v=""0""/>
     <prop k=""outline_width_map_unit_scale"" v=""3x:0,0,0,0,0,0""/>
     <prop k=""outline_width_unit"" v=""MM""/>
     <prop k=""scale_method"" v=""diameter""/>
     <prop k=""size"" v=""1.3""/>
     <prop k=""size_map_unit_scale"" v=""3x:0,0,0,0,0,0""/>
     <prop k=""size_unit"" v=""MM""/>
     <prop k=""vertical_anchor_point"" v=""1""/>
     <data_defined_properties>
      <Option type=""Map"">
       <Option type=""QString"" name=""name"" value=""""/>
       <Option name=""properties""/>
       <Option type=""QString"" name=""type"" value=""collection""/>
      </Option>
     </data_defined_properties>
    </layer>
   </symbol>
  </symbols>
  <source-symbol>
   <symbol alpha=""1"" clip_to_extent=""1"" type=""marker"" name=""0"" force_rhr=""0"">
    <layer class=""SimpleMarker"" enabled=""1"" locked=""0"" pass=""0"">
     <prop k=""angle"" v=""0""/>
     <prop k=""color"" v=""255,158,23,255""/>
     <prop k=""horizontal_anchor_point"" v=""1""/>
     <prop k=""joinstyle"" v=""bevel""/>
     <prop k=""name"" v=""circle""/>
     <prop k=""offset"" v=""0,0""/>
     <prop k=""offset_map_unit_scale"" v=""3x:0,0,0,0,0,0""/>
     <prop k=""offset_unit"" v=""MM""/>
     <prop k=""outline_color"" v=""255,255,255,88""/>
     <prop k=""outline_style"" v=""solid""/>
     <prop k=""outline_width"" v=""0""/>
     <prop k=""outline_width_map_unit_scale"" v=""3x:0,0,0,0,0,0""/>
     <prop k=""outline_width_unit"" v=""MM""/>
     <prop k=""scale_method"" v=""diameter""/>
     <prop k=""size"" v=""2""/>
     <prop k=""size_map_unit_scale"" v=""3x:0,0,0,0,0,0""/>
     <prop k=""size_unit"" v=""MM""/>
     <prop k=""vertical_anchor_point"" v=""1""/>
     <data_defined_properties>
      <Option type=""Map"">
       <Option type=""QString"" name=""name"" value=""""/>
       <Option name=""properties""/>
       <Option type=""QString"" name=""type"" value=""collection""/>
      </Option>
     </data_defined_properties>
    </layer>
   </symbol>
  </source-symbol>
  <colorramp type=""gradient"" name=""[source]"">
   <prop k=""color1"" v=""202,0,32,255""/>
   <prop k=""color2"" v=""5,113,176,255""/>
   <prop k=""discrete"" v=""0""/>
   <prop k=""rampType"" v=""gradient""/>
   <prop k=""stops"" v=""0.25;244,165,130,0:0.5;247,247,247,0:0.75;146,197,222,0""/>
  </colorramp>
  <classificationMethod id=""Custom"">
   <symmetricMode astride=""0"" enabled=""0"" symmetrypoint=""0""/>
   <labelFormat trimtrailingzeroes=""1"" format=""%1 - %2"" labelprecision=""4""/>
   <parameters>
    <Option/>
   </parameters>
   <extraInformation/>
  </classificationMethod>
  <rotation/>
  <sizescale/>
  <orderby>
   <orderByClause nullsFirst=""0"" asc=""1"">(""sig_time"" &lt;=0.01) AND (""certainty"" = 'good')</orderByClause>
   <orderByClause nullsFirst=""0"" asc=""1""> abs(""rate_time"" )</orderByClause>
  </orderby>
 </renderer-v2>
 <labeling type=""simple"">
  <settings calloutType=""simple"">
   <text-style fontWordSpacing=""0"" textOrientation=""horizontal"" fontItalic=""0"" allowHtml=""0"" fontKerning=""1"" previewBkgrdColor=""0,0,0,255"" namedStyle=""Regular"" textColor=""255,255,255,255"" fontSizeMapUnitScale=""3x:0,0,0,0,0,0"" useSubstitutions=""0"" textOpacity=""1"" blendMode=""0"" fontSize=""7.5"" fontStrikeout=""0"" fontWeight=""50"" multilineHeight=""5"" fieldName=""if(abs(rate_time) >= 0.3, concat(format_number(rate_time, 1), ' m (±', format_number(se_time * 1.96, 1), ')'), NULL)"" fontFamily=""MS Shell Dlg 2"" fontUnderline=""0"" isExpression=""1"" capitalization=""0"" fontLetterSpacing=""0"" fontSizeUnit=""Point"">
    <text-buffer bufferBlendMode=""0"" bufferDraw=""1"" bufferColor=""0,0,0,255"" bufferSizeMapUnitScale=""3x:0,0,0,0,0,0"" bufferNoFill=""1"" bufferOpacity=""0.5"" bufferJoinStyle=""128"" bufferSize=""0.77780000000000005"" bufferSizeUnits=""MM""/>
    <text-mask maskSize=""0"" maskedSymbolLayers="""" maskJoinStyle=""128"" maskSizeUnits=""MM"" maskType=""0"" maskSizeMapUnitScale=""3x:0,0,0,0,0,0"" maskEnabled=""0"" maskOpacity=""1""/>
    <background shapeRadiiX=""5"" shapeOffsetUnit=""MM"" shapeRotation=""0"" shapeSVGFile="""" shapeFillColor=""255,255,255,0"" shapeSizeY=""5"" shapeJoinStyle=""64"" shapeSizeX=""5"" shapeOffsetX=""0"" shapeRotationType=""0"" shapeSizeType=""0"" shapeBorderColor=""128,128,128,0"" shapeOffsetY=""0"" shapeType=""0"" shapeRadiiMapUnitScale=""3x:0,0,0,0,0,0"" shapeBorderWidth=""0"" shapeBorderWidthMapUnitScale=""3x:0,0,0,0,0,0"" shapeDraw=""0"" shapeOffsetMapUnitScale=""3x:0,0,0,0,0,0"" shapeSizeUnit=""MM"" shapeBorderWidthUnit=""MM"" shapeRadiiY=""5"" shapeOpacity=""1"" shapeBlendMode=""0"" shapeSizeMapUnitScale=""3x:0,0,0,0,0,0"" shapeRadiiUnit=""MM"">
     <symbol alpha=""1"" clip_to_extent=""1"" type=""marker"" name=""markerSymbol"" force_rhr=""0"">
      <layer class=""SimpleMarker"" enabled=""1"" locked=""0"" pass=""0"">
       <prop k=""angle"" v=""0""/>
       <prop k=""color"" v=""190,207,80,255""/>
       <prop k=""horizontal_anchor_point"" v=""1""/>
       <prop k=""joinstyle"" v=""bevel""/>
       <prop k=""name"" v=""circle""/>
       <prop k=""offset"" v=""0,0""/>
       <prop k=""offset_map_unit_scale"" v=""3x:0,0,0,0,0,0""/>
       <prop k=""offset_unit"" v=""MM""/>
       <prop k=""outline_color"" v=""35,35,35,255""/>
       <prop k=""outline_style"" v=""solid""/>
       <prop k=""outline_width"" v=""0""/>
       <prop k=""outline_width_map_unit_scale"" v=""3x:0,0,0,0,0,0""/>
       <prop k=""outline_width_unit"" v=""MM""/>
       <prop k=""scale_method"" v=""diameter""/>
       <prop k=""size"" v=""2""/>
       <prop k=""size_map_unit_scale"" v=""3x:0,0,0,0,0,0""/>
       <prop k=""size_unit"" v=""MM""/>
       <prop k=""vertical_anchor_point"" v=""1""/>
       <data_defined_properties>
        <Option type=""Map"">
         <Option type=""QString"" name=""name"" value=""""/>
         <Option name=""properties""/>
         <Option type=""QString"" name=""type"" value=""collection""/>
        </Option>
       </data_defined_properties>
      </layer>
     </symbol>
    </background>
    <shadow shadowOffsetAngle=""135"" shadowOffsetGlobal=""1"" shadowOpacity=""1"" shadowRadiusMapUnitScale=""3x:0,0,0,0,0,0"" shadowOffsetUnit=""MM"" shadowOffsetMapUnitScale=""3x:0,0,0,0,0,0"" shadowRadius=""1.5"" shadowUnder=""0"" shadowScale=""100"" shadowOffsetDist=""1"" shadowRadiusAlphaOnly=""0"" shadowColor=""255,255,255,255"" shadowRadiusUnit=""MM"" shadowDraw=""1"" shadowBlendMode=""8""/>
    <dd_properties>
     <Option type=""Map"">
      <Option type=""QString"" name=""name"" value=""""/>
      <Option name=""properties""/>
      <Option type=""QString"" name=""type"" value=""collection""/>
     </Option>
    </dd_properties>
    <substitutions/>
   </text-style>
   <text-format reverseDirectionSymbol=""0"" rightDirectionSymbol="">"" autoWrapLength=""0"" decimals=""1"" formatNumbers=""0"" leftDirectionSymbol=""&lt;"" placeDirectionSymbol=""0"" plussign=""0"" useMaxLineLengthForAutoWrap=""1"" wrapChar="""" multilineAlign=""3"" addDirectionSymbol=""0""/>
   <placement centroidWhole=""0"" maxCurvedCharAngleOut=""-25"" maxCurvedCharAngleIn=""25"" priority=""1"" geometryGeneratorEnabled=""0"" xOffset=""-5"" repeatDistanceMapUnitScale=""3x:0,0,0,0,0,0"" offsetUnits=""MM"" lineAnchorType=""0"" fitInPolygonOnly=""0"" yOffset=""0"" preserveRotation=""1"" overrunDistance=""0"" centroidInside=""0"" placementFlags=""10"" rotationAngle=""0"" overrunDistanceMapUnitScale=""3x:0,0,0,0,0,0"" labelOffsetMapUnitScale=""3x:0,0,0,0,0,0"" offsetType=""0"" geometryGenerator="""" distMapUnitScale=""3x:0,0,0,0,0,0"" repeatDistance=""0"" overrunDistanceUnit=""MM"" geometryGeneratorType=""PointGeometry"" placement=""1"" dist=""0"" distUnits=""MM"" polygonPlacementFlags=""2"" quadOffset=""3"" predefinedPositionOrder=""TR,TL,BR,BL,R,L,TSR,BSR"" repeatDistanceUnits=""MM"" lineAnchorPercent=""0.5"" layerType=""PointGeometry""/>
   <rendering scaleMin=""0"" fontMinPixelSize=""3"" zIndex=""0"" upsidedownLabels=""0"" fontLimitPixelSize=""0"" displayAll=""0"" fontMaxPixelSize=""10000"" labelPerPart=""0"" obstacle=""1"" maxNumLabels=""50"" mergeLines=""0"" obstacleFactor=""1"" obstacleType=""0"" scaleVisibility=""0"" minFeatureSize=""0"" limitNumLabels=""0"" scaleMax=""1000000"" drawLabels=""1""/>
   <dd_properties>
    <Option type=""Map"">
     <Option type=""QString"" name=""name"" value=""""/>
     <Option type=""Map"" name=""properties"">
      <Option type=""Map"" name=""Priority"">
       <Option type=""bool"" name=""active"" value=""true""/>
       <Option type=""QString"" name=""expression"" value=""abs(&quot;rate_time&quot;)""/>
       <Option type=""int"" name=""type"" value=""3""/>
      </Option>
     </Option>
     <Option type=""QString"" name=""type"" value=""collection""/>
    </Option>
   </dd_properties>
   <callout type=""simple"">
    <Option type=""Map"">
     <Option type=""QString"" name=""anchorPoint"" value=""pole_of_inaccessibility""/>
     <Option type=""Map"" name=""ddProperties"">
      <Option type=""QString"" name=""name"" value=""""/>
      <Option name=""properties""/>
      <Option type=""QString"" name=""type"" value=""collection""/>
     </Option>
     <Option type=""bool"" name=""drawToAllParts"" value=""false""/>
     <Option type=""QString"" name=""enabled"" value=""0""/>
     <Option type=""QString"" name=""labelAnchorPoint"" value=""point_on_exterior""/>
     <Option type=""QString"" name=""lineSymbol"" value=""&lt;symbol alpha=&quot;1&quot; clip_to_extent=&quot;1&quot; type=&quot;line&quot; name=&quot;symbol&quot; force_rhr=&quot;0&quot;>&lt;layer class=&quot;SimpleLine&quot; enabled=&quot;1&quot; locked=&quot;0&quot; pass=&quot;0&quot;>&lt;prop k=&quot;align_dash_pattern&quot; v=&quot;0&quot;/>&lt;prop k=&quot;capstyle&quot; v=&quot;square&quot;/>&lt;prop k=&quot;customdash&quot; v=&quot;5;2&quot;/>&lt;prop k=&quot;customdash_map_unit_scale&quot; v=&quot;3x:0,0,0,0,0,0&quot;/>&lt;prop k=&quot;customdash_unit&quot; v=&quot;MM&quot;/>&lt;prop k=&quot;dash_pattern_offset&quot; v=&quot;0&quot;/>&lt;prop k=&quot;dash_pattern_offset_map_unit_scale&quot; v=&quot;3x:0,0,0,0,0,0&quot;/>&lt;prop k=&quot;dash_pattern_offset_unit&quot; v=&quot;MM&quot;/>&lt;prop k=&quot;draw_inside_polygon&quot; v=&quot;0&quot;/>&lt;prop k=&quot;joinstyle&quot; v=&quot;bevel&quot;/>&lt;prop k=&quot;line_color&quot; v=&quot;60,60,60,255&quot;/>&lt;prop k=&quot;line_style&quot; v=&quot;solid&quot;/>&lt;prop k=&quot;line_width&quot; v=&quot;0.3&quot;/>&lt;prop k=&quot;line_width_unit&quot; v=&quot;MM&quot;/>&lt;prop k=&quot;offset&quot; v=&quot;0&quot;/>&lt;prop k=&quot;offset_map_unit_scale&quot; v=&quot;3x:0,0,0,0,0,0&quot;/>&lt;prop k=&quot;offset_unit&quot; v=&quot;MM&quot;/>&lt;prop k=&quot;ring_filter&quot; v=&quot;0&quot;/>&lt;prop k=&quot;tweak_dash_pattern_on_corners&quot; v=&quot;0&quot;/>&lt;prop k=&quot;use_custom_dash&quot; v=&quot;0&quot;/>&lt;prop k=&quot;width_map_unit_scale&quot; v=&quot;3x:0,0,0,0,0,0&quot;/>&lt;data_defined_properties>&lt;Option type=&quot;Map&quot;>&lt;Option type=&quot;QString&quot; name=&quot;name&quot; value=&quot;&quot;/>&lt;Option name=&quot;properties&quot;/>&lt;Option type=&quot;QString&quot; name=&quot;type&quot; value=&quot;collection&quot;/>&lt;/Option>&lt;/data_defined_properties>&lt;/layer>&lt;/symbol>""/>
     <Option type=""double"" name=""minLength"" value=""0""/>
     <Option type=""QString"" name=""minLengthMapUnitScale"" value=""3x:0,0,0,0,0,0""/>
     <Option type=""QString"" name=""minLengthUnit"" value=""MM""/>
     <Option type=""double"" name=""offsetFromAnchor"" value=""0""/>
     <Option type=""QString"" name=""offsetFromAnchorMapUnitScale"" value=""3x:0,0,0,0,0,0""/>
     <Option type=""QString"" name=""offsetFromAnchorUnit"" value=""MM""/>
     <Option type=""double"" name=""offsetFromLabel"" value=""0""/>
     <Option type=""QString"" name=""offsetFromLabelMapUnitScale"" value=""3x:0,0,0,0,0,0""/>
     <Option type=""QString"" name=""offsetFromLabelUnit"" value=""MM""/>
    </Option>
   </callout>
  </settings>
 </labeling>
 <customproperties>
  <property key=""embeddedWidgets/count"" value=""0""/>
  <property key=""variableNames""/>
  <property key=""variableValues""/>
 </customproperties>
 <blendMode>0</blendMode>
 <featureBlendMode>0</featureBlendMode>
 <layerOpacity>1</layerOpacity>
 <SingleCategoryDiagramRenderer diagramType=""Histogram"" attributeLegend=""1"">
  <DiagramCategory enabled=""0"" scaleDependency=""Area"" backgroundAlpha=""255"" labelPlacementMethod=""XHeight"" minimumSize=""0"" lineSizeScale=""3x:0,0,0,0,0,0"" diagramOrientation=""Up"" direction=""1"" opacity=""1"" minScaleDenominator=""15000"" maxScaleDenominator=""1e+08"" rotationOffset=""270"" sizeType=""MM"" barWidth=""5"" penColor=""#000000"" spacing=""0"" spacingUnitScale=""3x:0,0,0,0,0,0"" showAxis=""0"" spacingUnit=""MM"" sizeScale=""3x:0,0,0,0,0,0"" scaleBasedVisibility=""0"" penWidth=""0"" height=""15"" width=""15"" penAlpha=""255"" backgroundColor=""#ffffff"" lineSizeType=""MM"">
   <fontProperties style="""" description=""Cantarell,11,-1,5,50,0,0,0,0,0""/>
   <attribute color=""#000000"" label="""" field=""""/>
   <axisSymbol>
    <symbol alpha=""1"" clip_to_extent=""1"" type=""line"" name="""" force_rhr=""0"">
     <layer class=""SimpleLine"" enabled=""1"" locked=""0"" pass=""0"">
      <prop k=""align_dash_pattern"" v=""0""/>
      <prop k=""capstyle"" v=""square""/>
      <prop k=""customdash"" v=""5;2""/>
      <prop k=""customdash_map_unit_scale"" v=""3x:0,0,0,0,0,0""/>
      <prop k=""customdash_unit"" v=""MM""/>
      <prop k=""dash_pattern_offset"" v=""0""/>
      <prop k=""dash_pattern_offset_map_unit_scale"" v=""3x:0,0,0,0,0,0""/>
      <prop k=""dash_pattern_offset_unit"" v=""MM""/>
      <prop k=""draw_inside_polygon"" v=""0""/>
      <prop k=""joinstyle"" v=""bevel""/>
      <prop k=""line_color"" v=""35,35,35,255""/>
      <prop k=""line_style"" v=""solid""/>
      <prop k=""line_width"" v=""0.26""/>
      <prop k=""line_width_unit"" v=""MM""/>
      <prop k=""offset"" v=""0""/>
      <prop k=""offset_map_unit_scale"" v=""3x:0,0,0,0,0,0""/>
      <prop k=""offset_unit"" v=""MM""/>
      <prop k=""ring_filter"" v=""0""/>
      <prop k=""tweak_dash_pattern_on_corners"" v=""0""/>
      <prop k=""use_custom_dash"" v=""0""/>
      <prop k=""width_map_unit_scale"" v=""3x:0,0,0,0,0,0""/>
      <data_defined_properties>
       <Option type=""Map"">
        <Option type=""QString"" name=""name"" value=""""/>
        <Option name=""properties""/>
        <Option type=""QString"" name=""type"" value=""collection""/>
       </Option>
      </data_defined_properties>
     </layer>
    </symbol>
   </axisSymbol>
  </DiagramCategory>
 </SingleCategoryDiagramRenderer>
 <DiagramLayerSettings placement=""0"" priority=""0"" dist=""0"" showAll=""1"" obstacle=""0"" linePlacementFlags=""18"" zIndex=""0"">
  <properties>
   <Option type=""Map"">
    <Option type=""QString"" name=""name"" value=""""/>
    <Option name=""properties""/>
    <Option type=""QString"" name=""type"" value=""collection""/>
   </Option>
  </properties>
 </DiagramLayerSettings>
 <geometryOptions removeDuplicateNodes=""0"" geometryPrecision=""0"">
  <activeChecks/>
  <checkConfiguration/>
 </geometryOptions>
 <legend type=""default-vector""/>
 <referencedLayers/>
 <fieldConfiguration>
  <field name=""fid"" configurationFlags=""None"">
   <editWidget type=""TextEdit"">
    <config>
     <Option/>
    </config>
   </editWidget>
  </field>
  <field name=""uid"" configurationFlags=""None"">
   <editWidget type=""TextEdit"">
    <config>
     <Option/>
    </config>
   </editWidget>
  </field>
  <field name=""dist_1988"" configurationFlags=""None"">
   <editWidget type=""TextEdit"">
    <config>
     <Option/>
    </config>
   </editWidget>
  </field>
  <field name=""dist_1989"" configurationFlags=""None"">
   <editWidget type=""TextEdit"">
    <config>
     <Option/>
    </config>
   </editWidget>
  </field>
  <field name=""dist_1990"" configurationFlags=""None"">
   <editWidget type=""TextEdit"">
    <config>
     <Option/>
    </config>
   </editWidget>
  </field>
  <field name=""dist_1991"" configurationFlags=""None"">
   <editWidget type=""TextEdit"">
    <config>
     <Option/>
    </config>
   </editWidget>
  </field>
  <field name=""dist_1992"" configurationFlags=""None"">
   <editWidget type=""TextEdit"">
    <config>
     <Option/>
    </config>
   </editWidget>
  </field>
  <field name=""dist_1993"" configurationFlags=""None"">
   <editWidget type=""TextEdit"">
    <config>
     <Option/>
    </config>
   </editWidget>
  </field>
  <field name=""dist_1994"" configurationFlags=""None"">
   <editWidget type=""TextEdit"">
    <config>
     <Option/>
    </config>
   </editWidget>
  </field>
  <field name=""dist_1995"" configurationFlags=""None"">
   <editWidget type=""TextEdit"">
    <config>
     <Option/>
    </config>
   </editWidget>
  </field>
  <field name=""dist_1996"" configurationFlags=""None"">
   <editWidget type=""TextEdit"">
    <config>
     <Option/>
    </config>
   </editWidget>
  </field>
  <field name=""dist_1997"" configurationFlags=""None"">
   <editWidget type=""TextEdit"">
    <config>
     <Option/>
    </config>
   </editWidget>
  </field>
  <field name=""dist_1998"" configurationFlags=""None"">
   <editWidget type=""TextEdit"">
    <config>
     <Option/>
    </config>
   </editWidget>
  </field>
  <field name=""dist_1999"" configurationFlags=""None"">
   <editWidget type=""TextEdit"">
    <config>
     <Option/>
    </config>
   </editWidget>
  </field>
  <field name=""dist_2000"" configurationFlags=""None"">
   <editWidget type=""TextEdit"">
    <config>
     <Option/>
    </config>
   </editWidget>
  </field>
  <field name=""dist_2001"" configurationFlags=""None"">
   <editWidget type=""TextEdit"">
    <config>
     <Option/>
    </config>
   </editWidget>
  </field>
  <field name=""dist_2002"" configurationFlags=""None"">
   <editWidget type=""TextEdit"">
    <config>
     <Option/>
    </config>
   </editWidget>
  </field>
  <field name=""dist_2003"" configurationFlags=""None"">
   <editWidget type=""TextEdit"">
    <config>
     <Option/>
    </config>
   </editWidget>
  </field>
  <field name=""dist_2004"" configurationFlags=""None"">
   <editWidget type=""TextEdit"">
    <config>
     <Option/>
    </config>
   </editWidget>
  </field>
  <field name=""dist_2005"" configurationFlags=""None"">
   <editWidget type=""TextEdit"">
    <config>
     <Option/>
    </config>
   </editWidget>
  </field>
  <field name=""dist_2006"" configurationFlags=""None"">
   <editWidget type=""TextEdit"">
    <config>
     <Option/>
    </config>
   </editWidget>
  </field>
  <field name=""dist_2007"" configurationFlags=""None"">
   <editWidget type=""TextEdit"">
    <config>
     <Option/>
    </config>
   </editWidget>
  </field>
  <field name=""dist_2008"" configurationFlags=""None"">
   <editWidget type=""TextEdit"">
    <config>
     <Option/>
    </config>
   </editWidget>
  </field>
  <field name=""dist_2009"" configurationFlags=""None"">
   <editWidget type=""TextEdit"">
    <config>
     <Option/>
    </config>
   </editWidget>
  </field>
  <field name=""dist_2010"" configurationFlags=""None"">
   <editWidget type=""TextEdit"">
    <config>
     <Option/>
    </config>
   </editWidget>
  </field>
  <field name=""dist_2011"" configurationFlags=""None"">
   <editWidget type=""TextEdit"">
    <config>
     <Option/>
    </config>
   </editWidget>
  </field>
  <field name=""dist_2012"" configurationFlags=""None"">
   <editWidget type=""TextEdit"">
    <config>
     <Option/>
    </config>
   </editWidget>
  </field>
  <field name=""dist_2013"" configurationFlags=""None"">
   <editWidget type=""TextEdit"">
    <config>
     <Option/>
    </config>
   </editWidget>
  </field>
  <field name=""dist_2014"" configurationFlags=""None"">
   <editWidget type=""TextEdit"">
    <config>
     <Option/>
    </config>
   </editWidget>
  </field>
  <field name=""dist_2015"" configurationFlags=""None"">
   <editWidget type=""TextEdit"">
    <config>
     <Option/>
    </config>
   </editWidget>
  </field>
  <field name=""dist_2016"" configurationFlags=""None"">
   <editWidget type=""TextEdit"">
    <config>
     <Option/>
    </config>
   </editWidget>
  </field>
  <field name=""dist_2017"" configurationFlags=""None"">
   <editWidget type=""TextEdit"">
    <config>
     <Option/>
    </config>
   </editWidget>
  </field>
  <field name=""dist_2018"" configurationFlags=""None"">
   <editWidget type=""TextEdit"">
    <config>
     <Option/>
    </config>
   </editWidget>
  </field>
  <field name=""dist_2019"" configurationFlags=""None"">
   <editWidget type=""TextEdit"">
    <config>
     <Option/>
    </config>
   </editWidget>
  </field>
  <field name=""dist_2020"" configurationFlags=""None"">
   <editWidget type=""TextEdit"">
    <config>
     <Option/>
    </config>
   </editWidget>
  </field>
  <field name=""dist_2021"" configurationFlags=""None"">
   <editWidget type=""TextEdit"">
    <config>
     <Option/>
    </config>
   </editWidget>
  </field>
  <field name=""rate_time"" configurationFlags=""None"">
   <editWidget type=""TextEdit"">
    <config>
     <Option/>
    </config>
   </editWidget>
  </field>
  <field name=""sig_time"" configurationFlags=""None"">
   <editWidget type=""TextEdit"">
    <config>
     <Option/>
    </config>
   </editWidget>
  </field>
  <field name=""se_time"" configurationFlags=""None"">
   <editWidget type=""TextEdit"">
    <config>
     <Option/>
    </config>
   </editWidget>
  </field>
  <field name=""outl_time"" configurationFlags=""None"">
   <editWidget type=""TextEdit"">
    <config>
     <Option/>
    </config>
   </editWidget>
  </field>
  <field name=""radius_m"" configurationFlags=""None"">
   <editWidget type=""TextEdit"">
    <config>
     <Option/>
    </config>
   </editWidget>
  </field>
  <field name=""certainty"" configurationFlags=""None"">
   <editWidget type=""TextEdit"">
    <config>
     <Option/>
    </config>
   </editWidget>
  </field>
  <field name=""n"" configurationFlags=""None"">
   <editWidget type=""TextEdit"">
    <config>
     <Option/>
    </config>
   </editWidget>
  </field>
 </fieldConfiguration>
 <aliases>
  <alias index=""0"" name="""" field=""fid""/>
  <alias index=""1"" name="""" field=""uid""/>
  <alias index=""2"" name="""" field=""dist_1988""/>
  <alias index=""3"" name="""" field=""dist_1989""/>
  <alias index=""4"" name="""" field=""dist_1990""/>
  <alias index=""5"" name="""" field=""dist_1991""/>
  <alias index=""6"" name="""" field=""dist_1992""/>
  <alias index=""7"" name="""" field=""dist_1993""/>
  <alias index=""8"" name="""" field=""dist_1994""/>
  <alias index=""9"" name="""" field=""dist_1995""/>
  <alias index=""10"" name="""" field=""dist_1996""/>
  <alias index=""11"" name="""" field=""dist_1997""/>
  <alias index=""12"" name="""" field=""dist_1998""/>
  <alias index=""13"" name="""" field=""dist_1999""/>
  <alias index=""14"" name="""" field=""dist_2000""/>
  <alias index=""15"" name="""" field=""dist_2001""/>
  <alias index=""16"" name="""" field=""dist_2002""/>
  <alias index=""17"" name="""" field=""dist_2003""/>
  <alias index=""18"" name="""" field=""dist_2004""/>
  <alias index=""19"" name="""" field=""dist_2005""/>
  <alias index=""20"" name="""" field=""dist_2006""/>
  <alias index=""21"" name="""" field=""dist_2007""/>
  <alias index=""22"" name="""" field=""dist_2008""/>
  <alias index=""23"" name="""" field=""dist_2009""/>
  <alias index=""24"" name="""" field=""dist_2010""/>
  <alias index=""25"" name="""" field=""dist_2011""/>
  <alias index=""26"" name="""" field=""dist_2012""/>
  <alias index=""27"" name="""" field=""dist_2013""/>
  <alias index=""28"" name="""" field=""dist_2014""/>
  <alias index=""29"" name="""" field=""dist_2015""/>
  <alias index=""30"" name="""" field=""dist_2016""/>
  <alias index=""31"" name="""" field=""dist_2017""/>
  <alias index=""32"" name="""" field=""dist_2018""/>
  <alias index=""33"" name="""" field=""dist_2019""/>
  <alias index=""34"" name="""" field=""dist_2020""/>
  <alias index=""35"" name="""" field=""dist_2021""/>
  <alias index=""36"" name="""" field=""rate_time""/>
  <alias index=""37"" name="""" field=""sig_time""/>
  <alias index=""38"" name="""" field=""se_time""/>
  <alias index=""39"" name="""" field=""outl_time""/>
  <alias index=""40"" name="""" field=""radius_m""/>
  <alias index=""41"" name="""" field=""certainty""/>
  <alias index=""42"" name="""" field=""n""/>
 </aliases>
 <defaults>
  <default applyOnUpdate=""0"" field=""fid"" expression=""""/>
  <default applyOnUpdate=""0"" field=""uid"" expression=""""/>
  <default applyOnUpdate=""0"" field=""dist_1988"" expression=""""/>
  <default applyOnUpdate=""0"" field=""dist_1989"" expression=""""/>
  <default applyOnUpdate=""0"" field=""dist_1990"" expression=""""/>
  <default applyOnUpdate=""0"" field=""dist_1991"" expression=""""/>
  <default applyOnUpdate=""0"" field=""dist_1992"" expression=""""/>
  <default applyOnUpdate=""0"" field=""dist_1993"" expression=""""/>
  <default applyOnUpdate=""0"" field=""dist_1994"" expression=""""/>
  <default applyOnUpdate=""0"" field=""dist_1995"" expression=""""/>
  <default applyOnUpdate=""0"" field=""dist_1996"" expression=""""/>
  <default applyOnUpdate=""0"" field=""dist_1997"" expression=""""/>
  <default applyOnUpdate=""0"" field=""dist_1998"" expression=""""/>
  <default applyOnUpdate=""0"" field=""dist_1999"" expression=""""/>
  <default applyOnUpdate=""0"" field=""dist_2000"" expression=""""/>
  <default applyOnUpdate=""0"" field=""dist_2001"" expression=""""/>
  <default applyOnUpdate=""0"" field=""dist_2002"" expression=""""/>
  <default applyOnUpdate=""0"" field=""dist_2003"" expression=""""/>
  <default applyOnUpdate=""0"" field=""dist_2004"" expression=""""/>
  <default applyOnUpdate=""0"" field=""dist_2005"" expression=""""/>
  <default applyOnUpdate=""0"" field=""dist_2006"" expression=""""/>
  <default applyOnUpdate=""0"" field=""dist_2007"" expression=""""/>
  <default applyOnUpdate=""0"" field=""dist_2008"" expression=""""/>
  <default applyOnUpdate=""0"" field=""dist_2009"" expression=""""/>
  <default applyOnUpdate=""0"" field=""dist_2010"" expression=""""/>
  <default applyOnUpdate=""0"" field=""dist_2011"" expression=""""/>
  <default applyOnUpdate=""0"" field=""dist_2012"" expression=""""/>
  <default applyOnUpdate=""0"" field=""dist_2013"" expression=""""/>
  <default applyOnUpdate=""0"" field=""dist_2014"" expression=""""/>
  <default applyOnUpdate=""0"" field=""dist_2015"" expression=""""/>
  <default applyOnUpdate=""0"" field=""dist_2016"" expression=""""/>
  <default applyOnUpdate=""0"" field=""dist_2017"" expression=""""/>
  <default applyOnUpdate=""0"" field=""dist_2018"" expression=""""/>
  <default applyOnUpdate=""0"" field=""dist_2019"" expression=""""/>
  <default applyOnUpdate=""0"" field=""dist_2020"" expression=""""/>
  <default applyOnUpdate=""0"" field=""dist_2021"" expression=""""/>
  <default applyOnUpdate=""0"" field=""rate_time"" expression=""""/>
  <default applyOnUpdate=""0"" field=""sig_time"" expression=""""/>
  <default applyOnUpdate=""0"" field=""se_time"" expression=""""/>
  <default applyOnUpdate=""0"" field=""outl_time"" expression=""""/>
  <default applyOnUpdate=""0"" field=""radius_m"" expression=""""/>
  <default applyOnUpdate=""0"" field=""certainty"" expression=""""/>
  <default applyOnUpdate=""0"" field=""n"" expression=""""/>
 </defaults>
 <constraints>
  <constraint notnull_strength=""1"" constraints=""7"" exp_strength=""1"" unique_strength=""1"" field=""fid""/>
  <constraint notnull_strength=""0"" constraints=""0"" exp_strength=""0"" unique_strength=""0"" field=""uid""/>
  <constraint notnull_strength=""0"" constraints=""0"" exp_strength=""0"" unique_strength=""0"" field=""dist_1988""/>
  <constraint notnull_strength=""0"" constraints=""0"" exp_strength=""0"" unique_strength=""0"" field=""dist_1989""/>
  <constraint notnull_strength=""0"" constraints=""0"" exp_strength=""0"" unique_strength=""0"" field=""dist_1990""/>
  <constraint notnull_strength=""0"" constraints=""0"" exp_strength=""0"" unique_strength=""0"" field=""dist_1991""/>
  <constraint notnull_strength=""0"" constraints=""0"" exp_strength=""0"" unique_strength=""0"" field=""dist_1992""/>
  <constraint notnull_strength=""0"" constraints=""0"" exp_strength=""0"" unique_strength=""0"" field=""dist_1993""/>
  <constraint notnull_strength=""0"" constraints=""0"" exp_strength=""0"" unique_strength=""0"" field=""dist_1994""/>
  <constraint notnull_strength=""0"" constraints=""0"" exp_strength=""0"" unique_strength=""0"" field=""dist_1995""/>
  <constraint notnull_strength=""0"" constraints=""0"" exp_strength=""0"" unique_strength=""0"" field=""dist_1996""/>
  <constraint notnull_strength=""0"" constraints=""0"" exp_strength=""0"" unique_strength=""0"" field=""dist_1997""/>
  <constraint notnull_strength=""0"" constraints=""0"" exp_strength=""0"" unique_strength=""0"" field=""dist_1998""/>
  <constraint notnull_strength=""0"" constraints=""0"" exp_strength=""0"" unique_strength=""0"" field=""dist_1999""/>
  <constraint notnull_strength=""0"" constraints=""0"" exp_strength=""0"" unique_strength=""0"" field=""dist_2000""/>
  <constraint notnull_strength=""0"" constraints=""0"" exp_strength=""0"" unique_strength=""0"" field=""dist_2001""/>
  <constraint notnull_strength=""0"" constraints=""0"" exp_strength=""0"" unique_strength=""0"" field=""dist_2002""/>
  <constraint notnull_strength=""0"" constraints=""0"" exp_strength=""0"" unique_strength=""0"" field=""dist_2003""/>
  <constraint notnull_strength=""0"" constraints=""0"" exp_strength=""0"" unique_strength=""0"" field=""dist_2004""/>
  <constraint notnull_strength=""0"" constraints=""0"" exp_strength=""0"" unique_strength=""0"" field=""dist_2005""/>
  <constraint notnull_strength=""0"" constraints=""0"" exp_strength=""0"" unique_strength=""0"" field=""dist_2006""/>
  <constraint notnull_strength=""0"" constraints=""0"" exp_strength=""0"" unique_strength=""0"" field=""dist_2007""/>
  <constraint notnull_strength=""0"" constraints=""0"" exp_strength=""0"" unique_strength=""0"" field=""dist_2008""/>
  <constraint notnull_strength=""0"" constraints=""0"" exp_strength=""0"" unique_strength=""0"" field=""dist_2009""/>
  <constraint notnull_strength=""0"" constraints=""0"" exp_strength=""0"" unique_strength=""0"" field=""dist_2010""/>
  <constraint notnull_strength=""0"" constraints=""0"" exp_strength=""0"" unique_strength=""0"" field=""dist_2011""/>
  <constraint notnull_strength=""0"" constraints=""0"" exp_strength=""0"" unique_strength=""0"" field=""dist_2012""/>
  <constraint notnull_strength=""0"" constraints=""0"" exp_strength=""0"" unique_strength=""0"" field=""dist_2013""/>
  <constraint notnull_strength=""0"" constraints=""0"" exp_strength=""0"" unique_strength=""0"" field=""dist_2014""/>
  <constraint notnull_strength=""0"" constraints=""0"" exp_strength=""0"" unique_strength=""0"" field=""dist_2015""/>
  <constraint notnull_strength=""0"" constraints=""0"" exp_strength=""0"" unique_strength=""0"" field=""dist_2016""/>
  <constraint notnull_strength=""0"" constraints=""0"" exp_strength=""0"" unique_strength=""0"" field=""dist_2017""/>
  <constraint notnull_strength=""0"" constraints=""0"" exp_strength=""0"" unique_strength=""0"" field=""dist_2018""/>
  <constraint notnull_strength=""0"" constraints=""0"" exp_strength=""0"" unique_strength=""0"" field=""dist_2019""/>
  <constraint notnull_strength=""0"" constraints=""0"" exp_strength=""0"" unique_strength=""0"" field=""dist_2020""/>
  <constraint notnull_strength=""0"" constraints=""0"" exp_strength=""0"" unique_strength=""0"" field=""dist_2021""/>
  <constraint notnull_strength=""0"" constraints=""0"" exp_strength=""0"" unique_strength=""0"" field=""rate_time""/>
  <constraint notnull_strength=""0"" constraints=""0"" exp_strength=""0"" unique_strength=""0"" field=""sig_time""/>
  <constraint notnull_strength=""0"" constraints=""0"" exp_strength=""0"" unique_strength=""0"" field=""se_time""/>
  <constraint notnull_strength=""0"" constraints=""0"" exp_strength=""0"" unique_strength=""0"" field=""outl_time""/>
  <constraint notnull_strength=""0"" constraints=""0"" exp_strength=""0"" unique_strength=""0"" field=""radius_m""/>
  <constraint notnull_strength=""0"" constraints=""0"" exp_strength=""0"" unique_strength=""0"" field=""certainty""/>
  <constraint notnull_strength=""0"" constraints=""0"" exp_strength=""0"" unique_strength=""0"" field=""n""/>
 </constraints>
 <constraintExpressions>
  <constraint exp="""" field=""fid"" desc=""""/>
  <constraint exp="""" field=""uid"" desc=""""/>
  <constraint exp="""" field=""dist_1988"" desc=""""/>
  <constraint exp="""" field=""dist_1989"" desc=""""/>
  <constraint exp="""" field=""dist_1990"" desc=""""/>
  <constraint exp="""" field=""dist_1991"" desc=""""/>
  <constraint exp="""" field=""dist_1992"" desc=""""/>
  <constraint exp="""" field=""dist_1993"" desc=""""/>
  <constraint exp="""" field=""dist_1994"" desc=""""/>
  <constraint exp="""" field=""dist_1995"" desc=""""/>
  <constraint exp="""" field=""dist_1996"" desc=""""/>
  <constraint exp="""" field=""dist_1997"" desc=""""/>
  <constraint exp="""" field=""dist_1998"" desc=""""/>
  <constraint exp="""" field=""dist_1999"" desc=""""/>
  <constraint exp="""" field=""dist_2000"" desc=""""/>
  <constraint exp="""" field=""dist_2001"" desc=""""/>
  <constraint exp="""" field=""dist_2002"" desc=""""/>
  <constraint exp="""" field=""dist_2003"" desc=""""/>
  <constraint exp="""" field=""dist_2004"" desc=""""/>
  <constraint exp="""" field=""dist_2005"" desc=""""/>
  <constraint exp="""" field=""dist_2006"" desc=""""/>
  <constraint exp="""" field=""dist_2007"" desc=""""/>
  <constraint exp="""" field=""dist_2008"" desc=""""/>
  <constraint exp="""" field=""dist_2009"" desc=""""/>
  <constraint exp="""" field=""dist_2010"" desc=""""/>
  <constraint exp="""" field=""dist_2011"" desc=""""/>
  <constraint exp="""" field=""dist_2012"" desc=""""/>
  <constraint exp="""" field=""dist_2013"" desc=""""/>
  <constraint exp="""" field=""dist_2014"" desc=""""/>
  <constraint exp="""" field=""dist_2015"" desc=""""/>
  <constraint exp="""" field=""dist_2016"" desc=""""/>
  <constraint exp="""" field=""dist_2017"" desc=""""/>
  <constraint exp="""" field=""dist_2018"" desc=""""/>
  <constraint exp="""" field=""dist_2019"" desc=""""/>
  <constraint exp="""" field=""dist_2020"" desc=""""/>
  <constraint exp="""" field=""dist_2021"" desc=""""/>
  <constraint exp="""" field=""rate_time"" desc=""""/>
  <constraint exp="""" field=""sig_time"" desc=""""/>
  <constraint exp="""" field=""se_time"" desc=""""/>
  <constraint exp="""" field=""outl_time"" desc=""""/>
  <constraint exp="""" field=""radius_m"" desc=""""/>
  <constraint exp="""" field=""certainty"" desc=""""/>
  <constraint exp="""" field=""n"" desc=""""/>
 </constraintExpressions>
 <expressionfields/>
 <attributeactions>
  <defaultAction key=""Canvas"" value=""{00000000-0000-0000-0000-000000000000}""/>
 </attributeactions>
 <attributetableconfig actionWidgetStyle=""dropDown"" sortExpression=""&quot;move_abs&quot;"" sortOrder=""1"">
  <columns>
   <column width=""-1"" type=""actions"" hidden=""1""/>
   <column width=""-1"" type=""field"" name=""rate_time"" hidden=""0""/>
   <column width=""-1"" type=""field"" name=""sig_time"" hidden=""0""/>
   <column width=""-1"" type=""field"" name=""outl_time"" hidden=""0""/>
   <column width=""-1"" type=""field"" name=""se_time"" hidden=""0""/>
   <column width=""-1"" type=""field"" name=""dist_2000"" hidden=""0""/>
   <column width=""-1"" type=""field"" name=""dist_2001"" hidden=""0""/>
   <column width=""-1"" type=""field"" name=""dist_2002"" hidden=""0""/>
   <column width=""-1"" type=""field"" name=""dist_2003"" hidden=""0""/>
   <column width=""-1"" type=""field"" name=""dist_2004"" hidden=""0""/>
   <column width=""-1"" type=""field"" name=""dist_2005"" hidden=""0""/>
   <column width=""-1"" type=""field"" name=""dist_2006"" hidden=""0""/>
   <column width=""-1"" type=""field"" name=""dist_2007"" hidden=""0""/>
   <column width=""-1"" type=""field"" name=""dist_2008"" hidden=""0""/>
   <column width=""-1"" type=""field"" name=""dist_2009"" hidden=""0""/>
   <column width=""-1"" type=""field"" name=""dist_2010"" hidden=""0""/>
   <column width=""-1"" type=""field"" name=""dist_2011"" hidden=""0""/>
   <column width=""-1"" type=""field"" name=""dist_2012"" hidden=""0""/>
   <column width=""-1"" type=""field"" name=""dist_2013"" hidden=""0""/>
   <column width=""-1"" type=""field"" name=""dist_2014"" hidden=""0""/>
   <column width=""-1"" type=""field"" name=""dist_2015"" hidden=""0""/>
   <column width=""-1"" type=""field"" name=""dist_2016"" hidden=""0""/>
   <column width=""-1"" type=""field"" name=""dist_2017"" hidden=""0""/>
   <column width=""-1"" type=""field"" name=""dist_2018"" hidden=""0""/>
   <column width=""-1"" type=""field"" name=""dist_2019"" hidden=""0""/>
   <column width=""-1"" type=""field"" name=""dist_2020"" hidden=""0""/>
   <column width=""-1"" type=""field"" name=""fid"" hidden=""0""/>
   <column width=""-1"" type=""field"" name=""certainty"" hidden=""0""/>
   <column width=""-1"" type=""field"" name=""uid"" hidden=""0""/>
   <column width=""-1"" type=""field"" name=""radius_m"" hidden=""0""/>
   <column width=""-1"" type=""field"" name=""n"" hidden=""0""/>
   <column width=""-1"" type=""field"" name=""dist_2021"" hidden=""0""/>
   <column width=""-1"" type=""field"" name=""dist_1988"" hidden=""0""/>
   <column width=""-1"" type=""field"" name=""dist_1989"" hidden=""0""/>
   <column width=""-1"" type=""field"" name=""dist_1990"" hidden=""0""/>
   <column width=""-1"" type=""field"" name=""dist_1991"" hidden=""0""/>
   <column width=""-1"" type=""field"" name=""dist_1992"" hidden=""0""/>
   <column width=""-1"" type=""field"" name=""dist_1993"" hidden=""0""/>
   <column width=""-1"" type=""field"" name=""dist_1994"" hidden=""0""/>
   <column width=""-1"" type=""field"" name=""dist_1995"" hidden=""0""/>
   <column width=""-1"" type=""field"" name=""dist_1996"" hidden=""0""/>
   <column width=""-1"" type=""field"" name=""dist_1997"" hidden=""0""/>
   <column width=""-1"" type=""field"" name=""dist_1998"" hidden=""0""/>
   <column width=""-1"" type=""field"" name=""dist_1999"" hidden=""0""/>
  </columns>
 </attributetableconfig>
 <conditionalstyles>
  <rowstyles/>
  <fieldstyles/>
 </conditionalstyles>
 <storedexpressions/>
 <editform tolerant=""1""></editform>
 <editforminit/>
 <editforminitcodesource>0</editforminitcodesource>
 <editforminitfilepath></editforminitfilepath>
 <editforminitcode><![CDATA[# -*- coding: utf-8 -*-
""""""
QGIS forms can have a Python function that is called when the form is
opened.

Use this function to add extra logic to your forms.

Enter the name of the function in the ""Python Init function""
field.
An example follows:
""""""
from qgis.PyQt.QtWidgets import QWidget

def my_form_open(dialog, layer, feature):
	geom = feature.geometry()
	control = dialog.findChild(QWidget, ""MyLineEdit"")
]]></editforminitcode>
 <featformsuppress>0</featformsuppress>
 <editorlayout>generatedlayout</editorlayout>
 <editable>
  <field name=""1987-01-01"" editable=""1""/>
  <field name=""1988"" editable=""1""/>
  <field name=""1988-01-01"" editable=""1""/>
  <field name=""1989"" editable=""1""/>
  <field name=""1989-01-01"" editable=""1""/>
  <field name=""1990"" editable=""1""/>
  <field name=""1990-01-01"" editable=""1""/>
  <field name=""1991"" editable=""1""/>
  <field name=""1991-01-01"" editable=""1""/>
  <field name=""1992"" editable=""1""/>
  <field name=""1992-01-01"" editable=""1""/>
  <field name=""1993"" editable=""1""/>
  <field name=""1993-01-01"" editable=""1""/>
  <field name=""1994"" editable=""1""/>
  <field name=""1994-01-01"" editable=""1""/>
  <field name=""1995"" editable=""1""/>
  <field name=""1995-01-01"" editable=""1""/>
  <field name=""1996"" editable=""1""/>
  <field name=""1996-01-01"" editable=""1""/>
  <field name=""1997"" editable=""1""/>
  <field name=""1997-01-01"" editable=""1""/>
  <field name=""1998"" editable=""1""/>
  <field name=""1998-01-01"" editable=""1""/>
  <field name=""1999"" editable=""1""/>
  <field name=""1999-01-01"" editable=""1""/>
  <field name=""2000"" editable=""1""/>
  <field name=""2000-01-01"" editable=""1""/>
  <field name=""2001"" editable=""1""/>
  <field name=""2001-01-01"" editable=""1""/>
  <field name=""2002"" editable=""1""/>
  <field name=""2002-01-01"" editable=""1""/>
  <field name=""2003"" editable=""1""/>
  <field name=""2003-01-01"" editable=""1""/>
  <field name=""2004"" editable=""1""/>
  <field name=""2004-01-01"" editable=""1""/>
  <field name=""2005"" editable=""1""/>
  <field name=""2005-01-01"" editable=""1""/>
  <field name=""2006"" editable=""1""/>
  <field name=""2006-01-01"" editable=""1""/>
  <field name=""2007"" editable=""1""/>
  <field name=""2007-01-01"" editable=""1""/>
  <field name=""2008"" editable=""1""/>
  <field name=""2008-01-01"" editable=""1""/>
  <field name=""2009"" editable=""1""/>
  <field name=""2009-01-01"" editable=""1""/>
  <field name=""2010"" editable=""1""/>
  <field name=""2010-01-01"" editable=""1""/>
  <field name=""2011"" editable=""1""/>
  <field name=""2011-01-01"" editable=""1""/>
  <field name=""2012"" editable=""1""/>
  <field name=""2012-01-01"" editable=""1""/>
  <field name=""2013"" editable=""1""/>
  <field name=""2013-01-01"" editable=""1""/>
  <field name=""2014"" editable=""1""/>
  <field name=""2014-01-01"" editable=""1""/>
  <field name=""2015"" editable=""1""/>
  <field name=""2015-01-01"" editable=""1""/>
  <field name=""2016"" editable=""1""/>
  <field name=""2016-01-01"" editable=""1""/>
  <field name=""2017"" editable=""1""/>
  <field name=""2017-01-01"" editable=""1""/>
  <field name=""2018"" editable=""1""/>
  <field name=""2018-01-01"" editable=""1""/>
  <field name=""angle_mean"" editable=""1""/>
  <field name=""angle_std"" editable=""1""/>
  <field name=""breakpoints"" editable=""1""/>
  <field name=""breaks"" editable=""1""/>
  <field name=""certainty"" editable=""1""/>
  <field name=""country"" editable=""1""/>
  <field name=""dist_1988"" editable=""1""/>
  <field name=""dist_1989"" editable=""1""/>
  <field name=""dist_1990"" editable=""1""/>
  <field name=""dist_1991"" editable=""1""/>
  <field name=""dist_1992"" editable=""1""/>
  <field name=""dist_1993"" editable=""1""/>
  <field name=""dist_1994"" editable=""1""/>
  <field name=""dist_1995"" editable=""1""/>
  <field name=""dist_1996"" editable=""1""/>
  <field name=""dist_1997"" editable=""1""/>
  <field name=""dist_1998"" editable=""1""/>
  <field name=""dist_1999"" editable=""1""/>
  <field name=""dist_2000"" editable=""1""/>
  <field name=""dist_2001"" editable=""1""/>
  <field name=""dist_2002"" editable=""1""/>
  <field name=""dist_2003"" editable=""1""/>
  <field name=""dist_2004"" editable=""1""/>
  <field name=""dist_2005"" editable=""1""/>
  <field name=""dist_2006"" editable=""1""/>
  <field name=""dist_2007"" editable=""1""/>
  <field name=""dist_2008"" editable=""1""/>
  <field name=""dist_2009"" editable=""1""/>
  <field name=""dist_2010"" editable=""1""/>
  <field name=""dist_2011"" editable=""1""/>
  <field name=""dist_2012"" editable=""1""/>
  <field name=""dist_2013"" editable=""1""/>
  <field name=""dist_2014"" editable=""1""/>
  <field name=""dist_2015"" editable=""1""/>
  <field name=""dist_2016"" editable=""1""/>
  <field name=""dist_2017"" editable=""1""/>
  <field name=""dist_2018"" editable=""1""/>
  <field name=""dist_2019"" editable=""1""/>
  <field name=""dist_2020"" editable=""1""/>
  <field name=""dist_2021"" editable=""1""/>
  <field name=""eln_outl"" editable=""1""/>
  <field name=""eln_rate"" editable=""1""/>
  <field name=""eln_sig"" editable=""1""/>
  <field name=""fid"" editable=""1""/>
  <field name=""growth"" editable=""1""/>
  <field name=""incpt_IOD"" editable=""1""/>
  <field name=""incpt_IPO"" editable=""1""/>
  <field name=""incpt_PDO"" editable=""1""/>
  <field name=""incpt_SAM"" editable=""1""/>
  <field name=""incpt_SOI"" editable=""1""/>
  <field name=""incpt_tide"" editable=""1""/>
  <field name=""incpt_time"" editable=""1""/>
  <field name=""lan_outl"" editable=""1""/>
  <field name=""lan_rate"" editable=""1""/>
  <field name=""lan_sig"" editable=""1""/>
  <field name=""layer"" editable=""1""/>
  <field name=""max_year"" editable=""1""/>
  <field name=""min_year"" editable=""1""/>
  <field name=""mov_outl"" editable=""1""/>
  <field name=""mov_rate"" editable=""1""/>
  <field name=""mov_sig"" editable=""1""/>
  <field name=""move_abs"" editable=""1""/>
  <field name=""n"" editable=""1""/>
  <field name=""neg_outl"" editable=""1""/>
  <field name=""neg_rate"" editable=""1""/>
  <field name=""neg_sig"" editable=""1""/>
  <field name=""nsm"" editable=""1""/>
  <field name=""orig_ogc_fid"" editable=""1""/>
  <field name=""outl_IOD"" editable=""1""/>
  <field name=""outl_IPO"" editable=""1""/>
  <field name=""outl_PDO"" editable=""1""/>
  <field name=""outl_SAM"" editable=""1""/>
  <field name=""outl_SOI"" editable=""1""/>
  <field name=""outl_soi"" editable=""1""/>
  <field name=""outl_tide"" editable=""1""/>
  <field name=""outl_time"" editable=""1""/>
  <field name=""path"" editable=""1""/>
  <field name=""pos_outl"" editable=""1""/>
  <field name=""pos_rate"" editable=""1""/>
  <field name=""pos_sig"" editable=""1""/>
  <field name=""radius_m"" editable=""1""/>
  <field name=""rate_IOD"" editable=""1""/>
  <field name=""rate_IPO"" editable=""1""/>
  <field name=""rate_PDO"" editable=""1""/>
  <field name=""rate_SAM"" editable=""1""/>
  <field name=""rate_SOI"" editable=""1""/>
  <field name=""rate_soi"" editable=""1""/>
  <field name=""rate_tide"" editable=""1""/>
  <field name=""rate_time"" editable=""1""/>
  <field name=""retreat"" editable=""1""/>
  <field name=""sce"" editable=""1""/>
  <field name=""se_soi"" editable=""1""/>
  <field name=""se_time"" editable=""1""/>
  <field name=""sig_IOD"" editable=""1""/>
  <field name=""sig_IPO"" editable=""1""/>
  <field name=""sig_PDO"" editable=""1""/>
  <field name=""sig_SAM"" editable=""1""/>
  <field name=""sig_SOI"" editable=""1""/>
  <field name=""sig_soi"" editable=""1""/>
  <field name=""sig_tide"" editable=""1""/>
  <field name=""sig_time"" editable=""1""/>
  <field name=""soi_outl"" editable=""1""/>
  <field name=""soi_rate"" editable=""1""/>
  <field name=""soi_sig"" editable=""1""/>
  <field name=""uid"" editable=""1""/>
  <field name=""valid_obs"" editable=""1""/>
  <field name=""valid_span"" editable=""1""/>
  <field name=""wms_s_abs"" editable=""1""/>
  <field name=""wms_s_conf"" editable=""1""/>
  <field name=""wms_s_sig"" editable=""1""/>
  <field name=""wms_t_abs"" editable=""1""/>
  <field name=""wms_t_conf"" editable=""1""/>
  <field name=""wms_t_grew"" editable=""1""/>
  <field name=""wms_t_less"" editable=""1""/>
  <field name=""wms_t_retr"" editable=""1""/>
  <field name=""wms_t_sig"" editable=""1""/>
  <field name=""wms_valobs"" editable=""1""/>
 </editable>
 <labelOnTop>
  <field labelOnTop=""0"" name=""1987-01-01""/>
  <field labelOnTop=""0"" name=""1988""/>
  <field labelOnTop=""0"" name=""1988-01-01""/>
  <field labelOnTop=""0"" name=""1989""/>
  <field labelOnTop=""0"" name=""1989-01-01""/>
  <field labelOnTop=""0"" name=""1990""/>
  <field labelOnTop=""0"" name=""1990-01-01""/>
  <field labelOnTop=""0"" name=""1991""/>
  <field labelOnTop=""0"" name=""1991-01-01""/>
  <field labelOnTop=""0"" name=""1992""/>
  <field labelOnTop=""0"" name=""1992-01-01""/>
  <field labelOnTop=""0"" name=""1993""/>
  <field labelOnTop=""0"" name=""1993-01-01""/>
  <field labelOnTop=""0"" name=""1994""/>
  <field labelOnTop=""0"" name=""1994-01-01""/>
  <field labelOnTop=""0"" name=""1995""/>
  <field labelOnTop=""0"" name=""1995-01-01""/>
  <field labelOnTop=""0"" name=""1996""/>
  <field labelOnTop=""0"" name=""1996-01-01""/>
  <field labelOnTop=""0"" name=""1997""/>
  <field labelOnTop=""0"" name=""1997-01-01""/>
  <field labelOnTop=""0"" name=""1998""/>
  <field labelOnTop=""0"" name=""1998-01-01""/>
  <field labelOnTop=""0"" name=""1999""/>
  <field labelOnTop=""0"" name=""1999-01-01""/>
  <field labelOnTop=""0"" name=""2000""/>
  <field labelOnTop=""0"" name=""2000-01-01""/>
  <field labelOnTop=""0"" name=""2001""/>
  <field labelOnTop=""0"" name=""2001-01-01""/>
  <field labelOnTop=""0"" name=""2002""/>
  <field labelOnTop=""0"" name=""2002-01-01""/>
  <field labelOnTop=""0"" name=""2003""/>
  <field labelOnTop=""0"" name=""2003-01-01""/>
  <field labelOnTop=""0"" name=""2004""/>
  <field labelOnTop=""0"" name=""2004-01-01""/>
  <field labelOnTop=""0"" name=""2005""/>
  <field labelOnTop=""0"" name=""2005-01-01""/>
  <field labelOnTop=""0"" name=""2006""/>
  <field labelOnTop=""0"" name=""2006-01-01""/>
  <field labelOnTop=""0"" name=""2007""/>
  <field labelOnTop=""0"" name=""2007-01-01""/>
  <field labelOnTop=""0"" name=""2008""/>
  <field labelOnTop=""0"" name=""2008-01-01""/>
  <field labelOnTop=""0"" name=""2009""/>
  <field labelOnTop=""0"" name=""2009-01-01""/>
  <field labelOnTop=""0"" name=""2010""/>
  <field labelOnTop=""0"" name=""2010-01-01""/>
  <field labelOnTop=""0"" name=""2011""/>
  <field labelOnTop=""0"" name=""2011-01-01""/>
  <field labelOnTop=""0"" name=""2012""/>
  <field labelOnTop=""0"" name=""2012-01-01""/>
  <field labelOnTop=""0"" name=""2013""/>
  <field labelOnTop=""0"" name=""2013-01-01""/>
  <field labelOnTop=""0"" name=""2014""/>
  <field labelOnTop=""0"" name=""2014-01-01""/>
  <field labelOnTop=""0"" name=""2015""/>
  <field labelOnTop=""0"" name=""2015-01-01""/>
  <field labelOnTop=""0"" name=""2016""/>
  <field labelOnTop=""0"" name=""2016-01-01""/>
  <field labelOnTop=""0"" name=""2017""/>
  <field labelOnTop=""0"" name=""2017-01-01""/>
  <field labelOnTop=""0"" name=""2018""/>
  <field labelOnTop=""0"" name=""2018-01-01""/>
  <field labelOnTop=""0"" name=""angle_mean""/>
  <field labelOnTop=""0"" name=""angle_std""/>
  <field labelOnTop=""0"" name=""breakpoints""/>
  <field labelOnTop=""0"" name=""breaks""/>
  <field labelOnTop=""0"" name=""certainty""/>
  <field labelOnTop=""0"" name=""country""/>
  <field labelOnTop=""0"" name=""dist_1988""/>
  <field labelOnTop=""0"" name=""dist_1989""/>
  <field labelOnTop=""0"" name=""dist_1990""/>
  <field labelOnTop=""0"" name=""dist_1991""/>
  <field labelOnTop=""0"" name=""dist_1992""/>
  <field labelOnTop=""0"" name=""dist_1993""/>
  <field labelOnTop=""0"" name=""dist_1994""/>
  <field labelOnTop=""0"" name=""dist_1995""/>
  <field labelOnTop=""0"" name=""dist_1996""/>
  <field labelOnTop=""0"" name=""dist_1997""/>
  <field labelOnTop=""0"" name=""dist_1998""/>
  <field labelOnTop=""0"" name=""dist_1999""/>
  <field labelOnTop=""0"" name=""dist_2000""/>
  <field labelOnTop=""0"" name=""dist_2001""/>
  <field labelOnTop=""0"" name=""dist_2002""/>
  <field labelOnTop=""0"" name=""dist_2003""/>
  <field labelOnTop=""0"" name=""dist_2004""/>
  <field labelOnTop=""0"" name=""dist_2005""/>
  <field labelOnTop=""0"" name=""dist_2006""/>
  <field labelOnTop=""0"" name=""dist_2007""/>
  <field labelOnTop=""0"" name=""dist_2008""/>
  <field labelOnTop=""0"" name=""dist_2009""/>
  <field labelOnTop=""0"" name=""dist_2010""/>
  <field labelOnTop=""0"" name=""dist_2011""/>
  <field labelOnTop=""0"" name=""dist_2012""/>
  <field labelOnTop=""0"" name=""dist_2013""/>
  <field labelOnTop=""0"" name=""dist_2014""/>
  <field labelOnTop=""0"" name=""dist_2015""/>
  <field labelOnTop=""0"" name=""dist_2016""/>
  <field labelOnTop=""0"" name=""dist_2017""/>
  <field labelOnTop=""0"" name=""dist_2018""/>
  <field labelOnTop=""0"" name=""dist_2019""/>
  <field labelOnTop=""0"" name=""dist_2020""/>
  <field labelOnTop=""0"" name=""dist_2021""/>
  <field labelOnTop=""0"" name=""eln_outl""/>
  <field labelOnTop=""0"" name=""eln_rate""/>
  <field labelOnTop=""0"" name=""eln_sig""/>
  <field labelOnTop=""0"" name=""fid""/>
  <field labelOnTop=""0"" name=""growth""/>
  <field labelOnTop=""0"" name=""incpt_IOD""/>
  <field labelOnTop=""0"" name=""incpt_IPO""/>
  <field labelOnTop=""0"" name=""incpt_PDO""/>
  <field labelOnTop=""0"" name=""incpt_SAM""/>
  <field labelOnTop=""0"" name=""incpt_SOI""/>
  <field labelOnTop=""0"" name=""incpt_tide""/>
  <field labelOnTop=""0"" name=""incpt_time""/>
  <field labelOnTop=""0"" name=""lan_outl""/>
  <field labelOnTop=""0"" name=""lan_rate""/>
  <field labelOnTop=""0"" name=""lan_sig""/>
  <field labelOnTop=""0"" name=""layer""/>
  <field labelOnTop=""0"" name=""max_year""/>
  <field labelOnTop=""0"" name=""min_year""/>
  <field labelOnTop=""0"" name=""mov_outl""/>
  <field labelOnTop=""0"" name=""mov_rate""/>
  <field labelOnTop=""0"" name=""mov_sig""/>
  <field labelOnTop=""0"" name=""move_abs""/>
  <field labelOnTop=""0"" name=""n""/>
  <field labelOnTop=""0"" name=""neg_outl""/>
  <field labelOnTop=""0"" name=""neg_rate""/>
  <field labelOnTop=""0"" name=""neg_sig""/>
  <field labelOnTop=""0"" name=""nsm""/>
  <field labelOnTop=""0"" name=""orig_ogc_fid""/>
  <field labelOnTop=""0"" name=""outl_IOD""/>
  <field labelOnTop=""0"" name=""outl_IPO""/>
  <field labelOnTop=""0"" name=""outl_PDO""/>
  <field labelOnTop=""0"" name=""outl_SAM""/>
  <field labelOnTop=""0"" name=""outl_SOI""/>
  <field labelOnTop=""0"" name=""outl_soi""/>
  <field labelOnTop=""0"" name=""outl_tide""/>
  <field labelOnTop=""0"" name=""outl_time""/>
  <field labelOnTop=""0"" name=""path""/>
  <field labelOnTop=""0"" name=""pos_outl""/>
  <field labelOnTop=""0"" name=""pos_rate""/>
  <field labelOnTop=""0"" name=""pos_sig""/>
  <field labelOnTop=""0"" name=""radius_m""/>
  <field labelOnTop=""0"" name=""rate_IOD""/>
  <field labelOnTop=""0"" name=""rate_IPO""/>
  <field labelOnTop=""0"" name=""rate_PDO""/>
  <field labelOnTop=""0"" name=""rate_SAM""/>
  <field labelOnTop=""0"" name=""rate_SOI""/>
  <field labelOnTop=""0"" name=""rate_soi""/>
  <field labelOnTop=""0"" name=""rate_tide""/>
  <field labelOnTop=""0"" name=""rate_time""/>
  <field labelOnTop=""0"" name=""retreat""/>
  <field labelOnTop=""0"" name=""sce""/>
  <field labelOnTop=""0"" name=""se_soi""/>
  <field labelOnTop=""0"" name=""se_time""/>
  <field labelOnTop=""0"" name=""sig_IOD""/>
  <field labelOnTop=""0"" name=""sig_IPO""/>
  <field labelOnTop=""0"" name=""sig_PDO""/>
  <field labelOnTop=""0"" name=""sig_SAM""/>
  <field labelOnTop=""0"" name=""sig_SOI""/>
  <field labelOnTop=""0"" name=""sig_soi""/>
  <field labelOnTop=""0"" name=""sig_tide""/>
  <field labelOnTop=""0"" name=""sig_time""/>
  <field labelOnTop=""0"" name=""soi_outl""/>
  <field labelOnTop=""0"" name=""soi_rate""/>
  <field labelOnTop=""0"" name=""soi_sig""/>
  <field labelOnTop=""0"" name=""uid""/>
  <field labelOnTop=""0"" name=""valid_obs""/>
  <field labelOnTop=""0"" name=""valid_span""/>
  <field labelOnTop=""0"" name=""wms_s_abs""/>
  <field labelOnTop=""0"" name=""wms_s_conf""/>
  <field labelOnTop=""0"" name=""wms_s_sig""/>
  <field labelOnTop=""0"" name=""wms_t_abs""/>
  <field labelOnTop=""0"" name=""wms_t_conf""/>
  <field labelOnTop=""0"" name=""wms_t_grew""/>
  <field labelOnTop=""0"" name=""wms_t_less""/>
  <field labelOnTop=""0"" name=""wms_t_retr""/>
  <field labelOnTop=""0"" name=""wms_t_sig""/>
  <field labelOnTop=""0"" name=""wms_valobs""/>
 </labelOnTop>
 <dataDefinedFieldProperties/>
 <widgets/>
 <previewExpression>1987-01-01</previewExpression>
 <mapTip></mapTip>
 <layerGeometryType>0</layerGeometryType>
</qgis>
","<?xml version=""1.0"" encoding=""UTF-8""?>
<StyledLayerDescriptor xmlns=""http://www.opengis.net/sld"" xsi:schemaLocation=""http://www.opengis.net/sld http://schemas.opengis.net/sld/1.1.0/StyledLayerDescriptor.xsd"" xmlns:ogc=""http://www.opengis.net/ogc"" version=""1.1.0"" xmlns:xlink=""http://www.w3.org/1999/xlink"" xmlns:xsi=""http://www.w3.org/2001/XMLSchema-instance"" xmlns:se=""http://www.opengis.net/se"">
 <NamedLayer>
  <se:Name>hotspots_zoom_3</se:Name>
  <UserStyle>
   <se:Name>hotspots_zoom_3</se:Name>
   <se:FeatureTypeStyle>
    <se:Rule>
     <se:Name>&lt; -5.0 m / year coastline retreat</se:Name>
     <se:Description>
      <se:Title>&lt; -5.0 m / year coastline retreat</se:Title>
     </se:Description>
     <ogc:Filter xmlns:ogc=""http://www.opengis.net/ogc"">
      <ogc:And>
       <ogc:PropertyIsGreaterThanOrEqualTo>
        <ogc:PropertyName>if(  (""sig_time"" &lt;=0.01) AND (""certainty"" = 'good'), rate_time, 0)</ogc:PropertyName>
        <ogc:Literal>-50</ogc:Literal>
       </ogc:PropertyIsGreaterThanOrEqualTo>
       <ogc:PropertyIsLessThanOrEqualTo>
        <ogc:PropertyName>if(  (""sig_time"" &lt;=0.01) AND (""certainty"" = 'good'), rate_time, 0)</ogc:PropertyName>
        <ogc:Literal>-5</ogc:Literal>
       </ogc:PropertyIsLessThanOrEqualTo>
      </ogc:And>
     </ogc:Filter>
     <se:PointSymbolizer>
      <se:Graphic>
       <se:Mark>
        <se:WellKnownName>circle</se:WellKnownName>
        <se:Fill>
         <se:SvgParameter name=""fill"">#bd0020</se:SvgParameter>
        </se:Fill>
        <se:Stroke>
         <se:SvgParameter name=""stroke"">#ffffff</se:SvgParameter>
         <se:SvgParameter name=""stroke-opacity"">0</se:SvgParameter>
         <se:SvgParameter name=""stroke-width"">0.5</se:SvgParameter>
        </se:Stroke>
       </se:Mark>
       <se:Size>11</se:Size>
      </se:Graphic>
     </se:PointSymbolizer>
    </se:Rule>
    <se:Rule>
     <se:Name>   -5.0 to -3.0 m / year</se:Name>
     <se:Description>
      <se:Title>   -5.0 to -3.0 m / year</se:Title>
     </se:Description>
     <ogc:Filter xmlns:ogc=""http://www.opengis.net/ogc"">
      <ogc:And>
       <ogc:PropertyIsGreaterThan>
        <ogc:PropertyName>if(  (""sig_time"" &lt;=0.01) AND (""certainty"" = 'good'), rate_time, 0)</ogc:PropertyName>
        <ogc:Literal>-5</ogc:Literal>
       </ogc:PropertyIsGreaterThan>
       <ogc:PropertyIsLessThanOrEqualTo>
        <ogc:PropertyName>if(  (""sig_time"" &lt;=0.01) AND (""certainty"" = 'good'), rate_time, 0)</ogc:PropertyName>
        <ogc:Literal>-3</ogc:Literal>
       </ogc:PropertyIsLessThanOrEqualTo>
      </ogc:And>
     </ogc:Filter>
     <se:PointSymbolizer>
      <se:Graphic>
       <se:Mark>
        <se:WellKnownName>circle</se:WellKnownName>
        <se:Fill>
         <se:SvgParameter name=""fill"">#ca0020</se:SvgParameter>
        </se:Fill>
        <se:Stroke>
         <se:SvgParameter name=""stroke"">#ffffff</se:SvgParameter>
         <se:SvgParameter name=""stroke-opacity"">0</se:SvgParameter>
         <se:SvgParameter name=""stroke-width"">0.5</se:SvgParameter>
        </se:Stroke>
       </se:Mark>
       <se:Size>10</se:Size>
      </se:Graphic>
     </se:PointSymbolizer>
    </se:Rule>
    <se:Rule>
     <se:Name>   -3.0 to -1.0 m / year</se:Name>
     <se:Description>
      <se:Title>   -3.0 to -1.0 m / year</se:Title>
     </se:Description>
     <ogc:Filter xmlns:ogc=""http://www.opengis.net/ogc"">
      <ogc:And>
       <ogc:PropertyIsGreaterThan>
        <ogc:PropertyName>if(  (""sig_time"" &lt;=0.01) AND (""certainty"" = 'good'), rate_time, 0)</ogc:PropertyName>
        <ogc:Literal>-3</ogc:Literal>
       </ogc:PropertyIsGreaterThan>
       <ogc:PropertyIsLessThanOrEqualTo>
        <ogc:PropertyName>if(  (""sig_time"" &lt;=0.01) AND (""certainty"" = 'good'), rate_time, 0)</ogc:PropertyName>
        <ogc:Literal>-1</ogc:Literal>
       </ogc:PropertyIsLessThanOrEqualTo>
      </ogc:And>
     </ogc:Filter>
     <se:PointSymbolizer>
      <se:Graphic>
       <se:Mark>
        <se:WellKnownName>circle</se:WellKnownName>
        <se:Fill>
         <se:SvgParameter name=""fill"">#da3c43</se:SvgParameter>
        </se:Fill>
        <se:Stroke>
         <se:SvgParameter name=""stroke"">#ffffff</se:SvgParameter>
         <se:SvgParameter name=""stroke-opacity"">0</se:SvgParameter>
         <se:SvgParameter name=""stroke-width"">0.5</se:SvgParameter>
        </se:Stroke>
       </se:Mark>
       <se:Size>9</se:Size>
      </se:Graphic>
     </se:PointSymbolizer>
    </se:Rule>
    <se:Rule>
     <se:Name>   -1.0 to -0.5 m / year</se:Name>
     <se:Description>
      <se:Title>   -1.0 to -0.5 m / year</se:Title>
     </se:Description>
     <ogc:Filter xmlns:ogc=""http://www.opengis.net/ogc"">
      <ogc:And>
       <ogc:PropertyIsGreaterThan>
        <ogc:PropertyName>if(  (""sig_time"" &lt;=0.01) AND (""certainty"" = 'good'), rate_time, 0)</ogc:PropertyName>
        <ogc:Literal>-1</ogc:Literal>
       </ogc:PropertyIsGreaterThan>
       <ogc:PropertyIsLessThanOrEqualTo>
        <ogc:PropertyName>if(  (""sig_time"" &lt;=0.01) AND (""certainty"" = 'good'), rate_time, 0)</ogc:PropertyName>
        <ogc:Literal>-0.5</ogc:Literal>
       </ogc:PropertyIsLessThanOrEqualTo>
      </ogc:And>
     </ogc:Filter>
     <se:PointSymbolizer>
      <se:Graphic>
       <se:Mark>
        <se:WellKnownName>circle</se:WellKnownName>
        <se:Fill>
         <se:SvgParameter name=""fill"">#e97867</se:SvgParameter>
        </se:Fill>
        <se:Stroke>
         <se:SvgParameter name=""stroke"">#ffffff</se:SvgParameter>
         <se:SvgParameter name=""stroke-opacity"">0</se:SvgParameter>
         <se:SvgParameter name=""stroke-width"">0.5</se:SvgParameter>
        </se:Stroke>
       </se:Mark>
       <se:Size>7</se:Size>
      </se:Graphic>
     </se:PointSymbolizer>
    </se:Rule>
    <se:Rule>
     <se:Name>   -0.5 to -0.3 m / year</se:Name>
     <se:Description>
      <se:Title>   -0.5 to -0.3 m / year</se:Title>
     </se:Description>
     <ogc:Filter xmlns:ogc=""http://www.opengis.net/ogc"">
      <ogc:And>
       <ogc:PropertyIsGreaterThan>
        <ogc:PropertyName>if(  (""sig_time"" &lt;=0.01) AND (""certainty"" = 'good'), rate_time, 0)</ogc:PropertyName>
        <ogc:Literal>-0.5</ogc:Literal>
       </ogc:PropertyIsGreaterThan>
       <ogc:PropertyIsLessThanOrEqualTo>
        <ogc:PropertyName>if(  (""sig_time"" &lt;=0.01) AND (""certainty"" = 'good'), rate_time, 0)</ogc:PropertyName>
        <ogc:Literal>-0.29999999999999999</ogc:Literal>
       </ogc:PropertyIsLessThanOrEqualTo>
      </ogc:And>
     </ogc:Filter>
     <se:PointSymbolizer>
      <se:Graphic>
       <se:Mark>
        <se:WellKnownName>circle</se:WellKnownName>
        <se:Fill>
         <se:SvgParameter name=""fill"">#f5ad8d</se:SvgParameter>
        </se:Fill>
        <se:Stroke>
         <se:SvgParameter name=""stroke"">#ffffff</se:SvgParameter>
         <se:SvgParameter name=""stroke-opacity"">0</se:SvgParameter>
         <se:SvgParameter name=""stroke-width"">0.5</se:SvgParameter>
        </se:Stroke>
       </se:Mark>
       <se:Size>6</se:Size>
      </se:Graphic>
     </se:PointSymbolizer>
    </se:Rule>
    <se:Rule>
     <se:Name>   -0.3 to -0.15 m / year</se:Name>
     <se:Description>
      <se:Title>   -0.3 to -0.15 m / year</se:Title>
     </se:Description>
     <ogc:Filter xmlns:ogc=""http://www.opengis.net/ogc"">
      <ogc:And>
       <ogc:PropertyIsGreaterThan>
        <ogc:PropertyName>if(  (""sig_time"" &lt;=0.01) AND (""certainty"" = 'good'), rate_time, 0)</ogc:PropertyName>
        <ogc:Literal>-0.29999999999999999</ogc:Literal>
       </ogc:PropertyIsGreaterThan>
       <ogc:PropertyIsLessThanOrEqualTo>
        <ogc:PropertyName>if(  (""sig_time"" &lt;=0.01) AND (""certainty"" = 'good'), rate_time, 0)</ogc:PropertyName>
        <ogc:Literal>-0.14999999999999999</ogc:Literal>
       </ogc:PropertyIsLessThanOrEqualTo>
      </ogc:And>
     </ogc:Filter>
     <se:PointSymbolizer>
      <se:Graphic>
       <se:Mark>
        <se:WellKnownName>circle</se:WellKnownName>
        <se:Fill>
         <se:SvgParameter name=""fill"">#f6cbb7</se:SvgParameter>
        </se:Fill>
        <se:Stroke>
         <se:SvgParameter name=""stroke"">#ffffff</se:SvgParameter>
         <se:SvgParameter name=""stroke-opacity"">0</se:SvgParameter>
         <se:SvgParameter name=""stroke-width"">0.5</se:SvgParameter>
        </se:Stroke>
       </se:Mark>
       <se:Size>5</se:Size>
      </se:Graphic>
     </se:PointSymbolizer>
    </se:Rule>
    <se:Rule>
     <se:Name>   -0.15 m to 0 m / year</se:Name>
     <se:Description>
      <se:Title>   -0.15 m to 0 m / year</se:Title>
     </se:Description>
     <ogc:Filter xmlns:ogc=""http://www.opengis.net/ogc"">
      <ogc:And>
       <ogc:PropertyIsGreaterThan>
        <ogc:PropertyName>if(  (""sig_time"" &lt;=0.01) AND (""certainty"" = 'good'), rate_time, 0)</ogc:PropertyName>
        <ogc:Literal>-0.14999999999999999</ogc:Literal>
       </ogc:PropertyIsGreaterThan>
       <ogc:PropertyIsLessThanOrEqualTo>
        <ogc:PropertyName>if(  (""sig_time"" &lt;=0.01) AND (""certainty"" = 'good'), rate_time, 0)</ogc:PropertyName>
        <ogc:Literal>-0.01</ogc:Literal>
       </ogc:PropertyIsLessThanOrEqualTo>
      </ogc:And>
     </ogc:Filter>
     <se:PointSymbolizer>
      <se:Graphic>
       <se:Mark>
        <se:WellKnownName>circle</se:WellKnownName>
        <se:Fill>
         <se:SvgParameter name=""fill"">#f7e8e2</se:SvgParameter>
        </se:Fill>
        <se:Stroke>
         <se:SvgParameter name=""stroke"">#ffffff</se:SvgParameter>
         <se:SvgParameter name=""stroke-opacity"">0</se:SvgParameter>
         <se:SvgParameter name=""stroke-width"">0.5</se:SvgParameter>
        </se:Stroke>
       </se:Mark>
       <se:Size>4</se:Size>
      </se:Graphic>
     </se:PointSymbolizer>
    </se:Rule>
    <se:Rule>
     <se:Name>No significant change or low certainty</se:Name>
     <se:Description>
      <se:Title>No significant change or low certainty</se:Title>
     </se:Description>
     <ogc:Filter xmlns:ogc=""http://www.opengis.net/ogc"">
      <ogc:And>
       <ogc:PropertyIsGreaterThan>
        <ogc:PropertyName>if(  (""sig_time"" &lt;=0.01) AND (""certainty"" = 'good'), rate_time, 0)</ogc:PropertyName>
        <ogc:Literal>-0.01</ogc:Literal>
       </ogc:PropertyIsGreaterThan>
       <ogc:PropertyIsLessThanOrEqualTo>
        <ogc:PropertyName>if(  (""sig_time"" &lt;=0.01) AND (""certainty"" = 'good'), rate_time, 0)</ogc:PropertyName>
        <ogc:Literal>0.01</ogc:Literal>
       </ogc:PropertyIsLessThanOrEqualTo>
      </ogc:And>
     </ogc:Filter>
     <se:PointSymbolizer>
      <se:Graphic>
       <se:Mark>
        <se:WellKnownName>circle</se:WellKnownName>
        <se:Fill>
         <se:SvgParameter name=""fill"">#ffffff</se:SvgParameter>
        </se:Fill>
        <se:Stroke>
         <se:SvgParameter name=""stroke"">#ffffff</se:SvgParameter>
         <se:SvgParameter name=""stroke-opacity"">0.35</se:SvgParameter>
         <se:SvgParameter name=""stroke-width"">0.5</se:SvgParameter>
        </se:Stroke>
       </se:Mark>
       <se:Size>2</se:Size>
      </se:Graphic>
     </se:PointSymbolizer>
    </se:Rule>
    <se:Rule>
     <se:Name>    0.0 to 0.15 m / year</se:Name>
     <se:Description>
      <se:Title>    0.0 to 0.15 m / year</se:Title>
     </se:Description>
     <ogc:Filter xmlns:ogc=""http://www.opengis.net/ogc"">
      <ogc:And>
       <ogc:PropertyIsGreaterThan>
        <ogc:PropertyName>if(  (""sig_time"" &lt;=0.01) AND (""certainty"" = 'good'), rate_time, 0)</ogc:PropertyName>
        <ogc:Literal>0.01</ogc:Literal>
       </ogc:PropertyIsGreaterThan>
       <ogc:PropertyIsLessThanOrEqualTo>
        <ogc:PropertyName>if(  (""sig_time"" &lt;=0.01) AND (""certainty"" = 'good'), rate_time, 0)</ogc:PropertyName>
        <ogc:Literal>0.14999999999999999</ogc:Literal>
       </ogc:PropertyIsLessThanOrEqualTo>
      </ogc:And>
     </ogc:Filter>
     <se:PointSymbolizer>
      <se:Graphic>
       <se:Mark>
        <se:WellKnownName>circle</se:WellKnownName>
        <se:Fill>
         <se:SvgParameter name=""fill"">#e5eef3</se:SvgParameter>
        </se:Fill>
        <se:Stroke>
         <se:SvgParameter name=""stroke"">#ffffff</se:SvgParameter>
         <se:SvgParameter name=""stroke-opacity"">0</se:SvgParameter>
         <se:SvgParameter name=""stroke-width"">0.5</se:SvgParameter>
        </se:Stroke>
       </se:Mark>
       <se:Size>4</se:Size>
      </se:Graphic>
     </se:PointSymbolizer>
    </se:Rule>
    <se:Rule>
     <se:Name>    0.15 to 0.3 m / year</se:Name>
     <se:Description>
      <se:Title>    0.15 to 0.3 m / year</se:Title>
     </se:Description>
     <ogc:Filter xmlns:ogc=""http://www.opengis.net/ogc"">
      <ogc:And>
       <ogc:PropertyIsGreaterThan>
        <ogc:PropertyName>if(  (""sig_time"" &lt;=0.01) AND (""certainty"" = 'good'), rate_time, 0)</ogc:PropertyName>
        <ogc:Literal>0.14999999999999999</ogc:Literal>
       </ogc:PropertyIsGreaterThan>
       <ogc:PropertyIsLessThanOrEqualTo>
        <ogc:PropertyName>if(  (""sig_time"" &lt;=0.01) AND (""certainty"" = 'good'), rate_time, 0)</ogc:PropertyName>
        <ogc:Literal>0.29999999999999999</ogc:Literal>
       </ogc:PropertyIsLessThanOrEqualTo>
      </ogc:And>
     </ogc:Filter>
     <se:PointSymbolizer>
      <se:Graphic>
       <se:Mark>
        <se:WellKnownName>circle</se:WellKnownName>
        <se:Fill>
         <se:SvgParameter name=""fill"">#c0dcea</se:SvgParameter>
        </se:Fill>
        <se:Stroke>
         <se:SvgParameter name=""stroke"">#ffffff</se:SvgParameter>
         <se:SvgParameter name=""stroke-opacity"">0</se:SvgParameter>
         <se:SvgParameter name=""stroke-width"">0.5</se:SvgParameter>
        </se:Stroke>
       </se:Mark>
       <se:Size>5</se:Size>
      </se:Graphic>
     </se:PointSymbolizer>
    </se:Rule>
    <se:Rule>
     <se:Name>    0.3 to 0.5 m / year</se:Name>
     <se:Description>
      <se:Title>    0.3 to 0.5 m / year</se:Title>
     </se:Description>
     <ogc:Filter xmlns:ogc=""http://www.opengis.net/ogc"">
      <ogc:And>
       <ogc:PropertyIsGreaterThan>
        <ogc:PropertyName>if(  (""sig_time"" &lt;=0.01) AND (""certainty"" = 'good'), rate_time, 0)</ogc:PropertyName>
        <ogc:Literal>0.29999999999999999</ogc:Literal>
       </ogc:PropertyIsGreaterThan>
       <ogc:PropertyIsLessThanOrEqualTo>
        <ogc:PropertyName>if(  (""sig_time"" &lt;=0.01) AND (""certainty"" = 'good'), rate_time, 0)</ogc:PropertyName>
        <ogc:Literal>0.5</ogc:Literal>
       </ogc:PropertyIsLessThanOrEqualTo>
      </ogc:And>
     </ogc:Filter>
     <se:PointSymbolizer>
      <se:Graphic>
       <se:Mark>
        <se:WellKnownName>circle</se:WellKnownName>
        <se:Fill>
         <se:SvgParameter name=""fill"">#9bcae1</se:SvgParameter>
        </se:Fill>
        <se:Stroke>
         <se:SvgParameter name=""stroke"">#ffffff</se:SvgParameter>
         <se:SvgParameter name=""stroke-opacity"">0</se:SvgParameter>
         <se:SvgParameter name=""stroke-width"">0.5</se:SvgParameter>
        </se:Stroke>
       </se:Mark>
       <se:Size>6</se:Size>
      </se:Graphic>
     </se:PointSymbolizer>
    </se:Rule>
    <se:Rule>
     <se:Name>    0.5 to 1.0 m / year</se:Name>
     <se:Description>
      <se:Title>    0.5 to 1.0 m / year</se:Title>
     </se:Description>
     <ogc:Filter xmlns:ogc=""http://www.opengis.net/ogc"">
      <ogc:And>
       <ogc:PropertyIsGreaterThan>
        <ogc:PropertyName>if(  (""sig_time"" &lt;=0.01) AND (""certainty"" = 'good'), rate_time, 0)</ogc:PropertyName>
        <ogc:Literal>0.5</ogc:Literal>
       </ogc:PropertyIsGreaterThan>
       <ogc:PropertyIsLessThanOrEqualTo>
        <ogc:PropertyName>if(  (""sig_time"" &lt;=0.01) AND (""certainty"" = 'good'), rate_time, 0)</ogc:PropertyName>
        <ogc:Literal>1</ogc:Literal>
       </ogc:PropertyIsLessThanOrEqualTo>
      </ogc:And>
     </ogc:Filter>
     <se:PointSymbolizer>
      <se:Graphic>
       <se:Mark>
        <se:WellKnownName>circle</se:WellKnownName>
        <se:Fill>
         <se:SvgParameter name=""fill"">#6baed2</se:SvgParameter>
        </se:Fill>
        <se:Stroke>
         <se:SvgParameter name=""stroke"">#ffffff</se:SvgParameter>
         <se:SvgParameter name=""stroke-opacity"">0</se:SvgParameter>
         <se:SvgParameter name=""stroke-width"">0.5</se:SvgParameter>
        </se:Stroke>
       </se:Mark>
       <se:Size>7</se:Size>
      </se:Graphic>
     </se:PointSymbolizer>
    </se:Rule>
    <se:Rule>
     <se:Name>    1.0 to 3.0 m / year</se:Name>
     <se:Description>
      <se:Title>    1.0 to 3.0 m / year</se:Title>
     </se:Description>
     <ogc:Filter xmlns:ogc=""http://www.opengis.net/ogc"">
      <ogc:And>
       <ogc:PropertyIsGreaterThan>
        <ogc:PropertyName>if(  (""sig_time"" &lt;=0.01) AND (""certainty"" = 'good'), rate_time, 0)</ogc:PropertyName>
        <ogc:Literal>1</ogc:Literal>
       </ogc:PropertyIsGreaterThan>
       <ogc:PropertyIsLessThanOrEqualTo>
        <ogc:PropertyName>if(  (""sig_time"" &lt;=0.01) AND (""certainty"" = 'good'), rate_time, 0)</ogc:PropertyName>
        <ogc:Literal>3</ogc:Literal>
       </ogc:PropertyIsLessThanOrEqualTo>
      </ogc:And>
     </ogc:Filter>
     <se:PointSymbolizer>
      <se:Graphic>
       <se:Mark>
        <se:WellKnownName>circle</se:WellKnownName>
        <se:Fill>
         <se:SvgParameter name=""fill"">#3890c1</se:SvgParameter>
        </se:Fill>
        <se:Stroke>
         <se:SvgParameter name=""stroke"">#ffffff</se:SvgParameter>
         <se:SvgParameter name=""stroke-opacity"">0</se:SvgParameter>
         <se:SvgParameter name=""stroke-width"">0.5</se:SvgParameter>
        </se:Stroke>
       </se:Mark>
       <se:Size>9</se:Size>
      </se:Graphic>
     </se:PointSymbolizer>
    </se:Rule>
    <se:Rule>
     <se:Name>    3.0 to 5.0 m / year</se:Name>
     <se:Description>
      <se:Title>    3.0 to 5.0 m / year</se:Title>
     </se:Description>
     <ogc:Filter xmlns:ogc=""http://www.opengis.net/ogc"">
      <ogc:And>
       <ogc:PropertyIsGreaterThan>
        <ogc:PropertyName>if(  (""sig_time"" &lt;=0.01) AND (""certainty"" = 'good'), rate_time, 0)</ogc:PropertyName>
        <ogc:Literal>3</ogc:Literal>
       </ogc:PropertyIsGreaterThan>
       <ogc:PropertyIsLessThanOrEqualTo>
        <ogc:PropertyName>if(  (""sig_time"" &lt;=0.01) AND (""certainty"" = 'good'), rate_time, 0)</ogc:PropertyName>
        <ogc:Literal>5</ogc:Literal>
       </ogc:PropertyIsLessThanOrEqualTo>
      </ogc:And>
     </ogc:Filter>
     <se:PointSymbolizer>
      <se:Graphic>
       <se:Mark>
        <se:WellKnownName>circle</se:WellKnownName>
        <se:Fill>
         <se:SvgParameter name=""fill"">#0571b0</se:SvgParameter>
        </se:Fill>
        <se:Stroke>
         <se:SvgParameter name=""stroke"">#ffffff</se:SvgParameter>
         <se:SvgParameter name=""stroke-opacity"">0</se:SvgParameter>
         <se:SvgParameter name=""stroke-width"">0.5</se:SvgParameter>
        </se:Stroke>
       </se:Mark>
       <se:Size>10</se:Size>
      </se:Graphic>
     </se:PointSymbolizer>
    </se:Rule>
    <se:Rule>
     <se:Name> > 5.0 m / year coastline growth</se:Name>
     <se:Description>
      <se:Title> > 5.0 m / year coastline growth</se:Title>
     </se:Description>
     <ogc:Filter xmlns:ogc=""http://www.opengis.net/ogc"">
      <ogc:And>
       <ogc:PropertyIsGreaterThan>
        <ogc:PropertyName>if(  (""sig_time"" &lt;=0.01) AND (""certainty"" = 'good'), rate_time, 0)</ogc:PropertyName>
        <ogc:Literal>5</ogc:Literal>
       </ogc:PropertyIsGreaterThan>
       <ogc:PropertyIsLessThanOrEqualTo>
        <ogc:PropertyName>if(  (""sig_time"" &lt;=0.01) AND (""certainty"" = 'good'), rate_time, 0)</ogc:PropertyName>
        <ogc:Literal>50</ogc:Literal>
       </ogc:PropertyIsLessThanOrEqualTo>
      </ogc:And>
     </ogc:Filter>
     <se:PointSymbolizer>
      <se:Graphic>
       <se:Mark>
        <se:WellKnownName>circle</se:WellKnownName>
        <se:Fill>
         <se:SvgParameter name=""fill"">#0469a3</se:SvgParameter>
        </se:Fill>
        <se:Stroke>
         <se:SvgParameter name=""stroke"">#ffffff</se:SvgParameter>
         <se:SvgParameter name=""stroke-opacity"">0</se:SvgParameter>
         <se:SvgParameter name=""stroke-width"">0.5</se:SvgParameter>
        </se:Stroke>
       </se:Mark>
       <se:Size>11</se:Size>
      </se:Graphic>
     </se:PointSymbolizer>
    </se:Rule>
   </se:FeatureTypeStyle>
  </UserStyle>
 </NamedLayer>
</StyledLayerDescriptor>
",1,Wed Oct 19 11:00:54 2022,,,2022-06-02T07:16:18+00:00
,,rates_of_change,geom,rates_of_change,"<!DOCTYPE qgis PUBLIC 'http://mrcc.com/qgis.dtd' 'SYSTEM'>
<qgis styleCategories=""AllStyleCategories"" minScale=""500000"" version=""3.16.14-Hannover"" simplifyDrawingTol=""1"" simplifyLocal=""1"" simplifyAlgorithm=""0"" readOnly=""0"" simplifyMaxScale=""1"" hasScaleBasedVisibilityFlag=""1"" labelsEnabled=""1"" simplifyDrawingHints=""0"" maxScale=""25000"">
 <flags>
  <Identifiable>1</Identifiable>
  <Removable>1</Removable>
  <Searchable>1</Searchable>
 </flags>
 <temporal endField="""" startExpression="""" accumulate=""0"" enabled=""0"" mode=""0"" durationUnit=""min"" startField="""" endExpression="""" durationField="""" fixedDuration=""0"">
  <fixedRange>
   <start></start>
   <end></end>
  </fixedRange>
 </temporal>
 <renderer-v2 enableorderby=""1"" type=""graduatedSymbol"" graduatedMethod=""GraduatedColor"" attr=""if(  (&quot;sig_time&quot; &lt;=0.01) AND (&quot;certainty&quot; = 'good'), rate_time, 0)"" symbollevels=""0"" forceraster=""0"">
  <ranges>
   <range label=""&lt; -5.0 m / year coastline retreat"" symbol=""0"" render=""true"" lower=""-50.000000000000000"" upper=""-5.000000000000000""/>
   <range label=""   -5.0 to -3.0 m / year"" symbol=""1"" render=""true"" lower=""-5.000000000000000"" upper=""-3.000000000000000""/>
   <range label=""   -3.0 to -1.0 m / year"" symbol=""2"" render=""true"" lower=""-3.000000000000000"" upper=""-1.000000000000000""/>
   <range label=""   -1.0 to -0.5 m / year"" symbol=""3"" render=""true"" lower=""-1.000000000000000"" upper=""-0.500000000000000""/>
   <range label=""   -0.5 to -0.3 m / year"" symbol=""4"" render=""true"" lower=""-0.500000000000000"" upper=""-0.300000000000000""/>
   <range label=""   -0.3 to -0.15 m / year"" symbol=""5"" render=""true"" lower=""-0.300000000000000"" upper=""-0.150000000000000""/>
   <range label=""   -0.15 m to 0 m / year"" symbol=""6"" render=""true"" lower=""-0.150000000000000"" upper=""-0.010000000000000""/>
   <range label=""No significant change or low certainty"" symbol=""7"" render=""true"" lower=""-0.010000000000000"" upper=""0.010000000000000""/>
   <range label=""    0.0 to 0.15 m / year"" symbol=""8"" render=""true"" lower=""0.010000000000000"" upper=""0.150000000000000""/>
   <range label=""    0.15 to 0.3 m / year"" symbol=""9"" render=""true"" lower=""0.150000000000000"" upper=""0.300000000000000""/>
   <range label=""    0.3 to 0.5 m / year"" symbol=""10"" render=""true"" lower=""0.300000000000000"" upper=""0.500000000000000""/>
   <range label=""    0.5 to 1.0 m / year"" symbol=""11"" render=""true"" lower=""0.500000000000000"" upper=""1.000000000000000""/>
   <range label=""    1.0 to 3.0 m / year"" symbol=""12"" render=""true"" lower=""1.000000000000000"" upper=""3.000000000000000""/>
   <range label=""    3.0 to 5.0 m / year"" symbol=""13"" render=""true"" lower=""3.000000000000000"" upper=""5.000000000000000""/>
   <range label="" > 5.0 m / year coastline growth"" symbol=""14"" render=""true"" lower=""5.000000000000000"" upper=""50.000000000000000""/>
  </ranges>
  <symbols>
   <symbol alpha=""1"" clip_to_extent=""1"" type=""marker"" name=""0"" force_rhr=""0"">
    <layer class=""SimpleMarker"" enabled=""1"" locked=""0"" pass=""0"">
     <prop k=""angle"" v=""0""/>
     <prop k=""color"" v=""189,0,32,255""/>
     <prop k=""horizontal_anchor_point"" v=""1""/>
     <prop k=""joinstyle"" v=""bevel""/>
     <prop k=""name"" v=""circle""/>
     <prop k=""offset"" v=""0,0""/>
     <prop k=""offset_map_unit_scale"" v=""3x:0,0,0,0,0,0""/>
     <prop k=""offset_unit"" v=""MM""/>
     <prop k=""outline_color"" v=""255,255,255,0""/>
     <prop k=""outline_style"" v=""solid""/>
     <prop k=""outline_width"" v=""0""/>
     <prop k=""outline_width_map_unit_scale"" v=""3x:0,0,0,0,0,0""/>
     <prop k=""outline_width_unit"" v=""MM""/>
     <prop k=""scale_method"" v=""diameter""/>
     <prop k=""size"" v=""3.2""/>
     <prop k=""size_map_unit_scale"" v=""3x:0,0,0,0,0,0""/>
     <prop k=""size_unit"" v=""MM""/>
     <prop k=""vertical_anchor_point"" v=""1""/>
     <data_defined_properties>
      <Option type=""Map"">
       <Option type=""QString"" name=""name"" value=""""/>
       <Option name=""properties""/>
       <Option type=""QString"" name=""type"" value=""collection""/>
      </Option>
     </data_defined_properties>
    </layer>
   </symbol>
   <symbol alpha=""1"" clip_to_extent=""1"" type=""marker"" name=""1"" force_rhr=""0"">
    <layer class=""SimpleMarker"" enabled=""1"" locked=""0"" pass=""0"">
     <prop k=""angle"" v=""0""/>
     <prop k=""color"" v=""202,0,32,255""/>
     <prop k=""horizontal_anchor_point"" v=""1""/>
     <prop k=""joinstyle"" v=""bevel""/>
     <prop k=""name"" v=""circle""/>
     <prop k=""offset"" v=""0,0""/>
     <prop k=""offset_map_unit_scale"" v=""3x:0,0,0,0,0,0""/>
     <prop k=""offset_unit"" v=""MM""/>
     <prop k=""outline_color"" v=""255,255,255,0""/>
     <prop k=""outline_style"" v=""solid""/>
     <prop k=""outline_width"" v=""0""/>
     <prop k=""outline_width_map_unit_scale"" v=""3x:0,0,0,0,0,0""/>
     <prop k=""outline_width_unit"" v=""MM""/>
     <prop k=""scale_method"" v=""diameter""/>
     <prop k=""size"" v=""2.8""/>
     <prop k=""size_map_unit_scale"" v=""3x:0,0,0,0,0,0""/>
     <prop k=""size_unit"" v=""MM""/>
     <prop k=""vertical_anchor_point"" v=""1""/>
     <data_defined_properties>
      <Option type=""Map"">
       <Option type=""QString"" name=""name"" value=""""/>
       <Option name=""properties""/>
       <Option type=""QString"" name=""type"" value=""collection""/>
      </Option>
     </data_defined_properties>
    </layer>
   </symbol>
   <symbol alpha=""1"" clip_to_extent=""1"" type=""marker"" name=""10"" force_rhr=""0"">
    <layer class=""SimpleMarker"" enabled=""1"" locked=""0"" pass=""0"">
     <prop k=""angle"" v=""0""/>
     <prop k=""color"" v=""155,202,225,255""/>
     <prop k=""horizontal_anchor_point"" v=""1""/>
     <prop k=""joinstyle"" v=""bevel""/>
     <prop k=""name"" v=""circle""/>
     <prop k=""offset"" v=""0,0""/>
     <prop k=""offset_map_unit_scale"" v=""3x:0,0,0,0,0,0""/>
     <prop k=""offset_unit"" v=""MM""/>
     <prop k=""outline_color"" v=""255,255,255,0""/>
     <prop k=""outline_style"" v=""solid""/>
     <prop k=""outline_width"" v=""0""/>
     <prop k=""outline_width_map_unit_scale"" v=""3x:0,0,0,0,0,0""/>
     <prop k=""outline_width_unit"" v=""MM""/>
     <prop k=""scale_method"" v=""diameter""/>
     <prop k=""size"" v=""1.6""/>
     <prop k=""size_map_unit_scale"" v=""3x:0,0,0,0,0,0""/>
     <prop k=""size_unit"" v=""MM""/>
     <prop k=""vertical_anchor_point"" v=""1""/>
     <data_defined_properties>
      <Option type=""Map"">
       <Option type=""QString"" name=""name"" value=""""/>
       <Option name=""properties""/>
       <Option type=""QString"" name=""type"" value=""collection""/>
      </Option>
     </data_defined_properties>
    </layer>
   </symbol>
   <symbol alpha=""1"" clip_to_extent=""1"" type=""marker"" name=""11"" force_rhr=""0"">
    <layer class=""SimpleMarker"" enabled=""1"" locked=""0"" pass=""0"">
     <prop k=""angle"" v=""0""/>
     <prop k=""color"" v=""107,174,210,255""/>
     <prop k=""horizontal_anchor_point"" v=""1""/>
     <prop k=""joinstyle"" v=""bevel""/>
     <prop k=""name"" v=""circle""/>
     <prop k=""offset"" v=""0,0""/>
     <prop k=""offset_map_unit_scale"" v=""3x:0,0,0,0,0,0""/>
     <prop k=""offset_unit"" v=""MM""/>
     <prop k=""outline_color"" v=""255,255,255,0""/>
     <prop k=""outline_style"" v=""solid""/>
     <prop k=""outline_width"" v=""0""/>
     <prop k=""outline_width_map_unit_scale"" v=""3x:0,0,0,0,0,0""/>
     <prop k=""outline_width_unit"" v=""MM""/>
     <prop k=""scale_method"" v=""diameter""/>
     <prop k=""size"" v=""2""/>
     <prop k=""size_map_unit_scale"" v=""3x:0,0,0,0,0,0""/>
     <prop k=""size_unit"" v=""MM""/>
     <prop k=""vertical_anchor_point"" v=""1""/>
     <data_defined_properties>
      <Option type=""Map"">
       <Option type=""QString"" name=""name"" value=""""/>
       <Option name=""properties""/>
       <Option type=""QString"" name=""type"" value=""collection""/>
      </Option>
     </data_defined_properties>
    </layer>
   </symbol>
   <symbol alpha=""1"" clip_to_extent=""1"" type=""marker"" name=""12"" force_rhr=""0"">
    <layer class=""SimpleMarker"" enabled=""1"" locked=""0"" pass=""0"">
     <prop k=""angle"" v=""0""/>
     <prop k=""color"" v=""56,144,193,255""/>
     <prop k=""horizontal_anchor_point"" v=""1""/>
     <prop k=""joinstyle"" v=""bevel""/>
     <prop k=""name"" v=""circle""/>
     <prop k=""offset"" v=""0,0""/>
     <prop k=""offset_map_unit_scale"" v=""3x:0,0,0,0,0,0""/>
     <prop k=""offset_unit"" v=""MM""/>
     <prop k=""outline_color"" v=""255,255,255,0""/>
     <prop k=""outline_style"" v=""solid""/>
     <prop k=""outline_width"" v=""0""/>
     <prop k=""outline_width_map_unit_scale"" v=""3x:0,0,0,0,0,0""/>
     <prop k=""outline_width_unit"" v=""MM""/>
     <prop k=""scale_method"" v=""diameter""/>
     <prop k=""size"" v=""2.4""/>
     <prop k=""size_map_unit_scale"" v=""3x:0,0,0,0,0,0""/>
     <prop k=""size_unit"" v=""MM""/>
     <prop k=""vertical_anchor_point"" v=""1""/>
     <data_defined_properties>
      <Option type=""Map"">
       <Option type=""QString"" name=""name"" value=""""/>
       <Option name=""properties""/>
       <Option type=""QString"" name=""type"" value=""collection""/>
      </Option>
     </data_defined_properties>
    </layer>
   </symbol>
   <symbol alpha=""1"" clip_to_extent=""1"" type=""marker"" name=""13"" force_rhr=""0"">
    <layer class=""SimpleMarker"" enabled=""1"" locked=""0"" pass=""0"">
     <prop k=""angle"" v=""0""/>
     <prop k=""color"" v=""5,113,176,255""/>
     <prop k=""horizontal_anchor_point"" v=""1""/>
     <prop k=""joinstyle"" v=""bevel""/>
     <prop k=""name"" v=""circle""/>
     <prop k=""offset"" v=""0,0""/>
     <prop k=""offset_map_unit_scale"" v=""3x:0,0,0,0,0,0""/>
     <prop k=""offset_unit"" v=""MM""/>
     <prop k=""outline_color"" v=""255,255,255,0""/>
     <prop k=""outline_style"" v=""solid""/>
     <prop k=""outline_width"" v=""0""/>
     <prop k=""outline_width_map_unit_scale"" v=""3x:0,0,0,0,0,0""/>
     <prop k=""outline_width_unit"" v=""MM""/>
     <prop k=""scale_method"" v=""diameter""/>
     <prop k=""size"" v=""2.8""/>
     <prop k=""size_map_unit_scale"" v=""3x:0,0,0,0,0,0""/>
     <prop k=""size_unit"" v=""MM""/>
     <prop k=""vertical_anchor_point"" v=""1""/>
     <data_defined_properties>
      <Option type=""Map"">
       <Option type=""QString"" name=""name"" value=""""/>
       <Option name=""properties""/>
       <Option type=""QString"" name=""type"" value=""collection""/>
      </Option>
     </data_defined_properties>
    </layer>
   </symbol>
   <symbol alpha=""1"" clip_to_extent=""1"" type=""marker"" name=""14"" force_rhr=""0"">
    <layer class=""SimpleMarker"" enabled=""1"" locked=""0"" pass=""0"">
     <prop k=""angle"" v=""0""/>
     <prop k=""color"" v=""4,105,163,255""/>
     <prop k=""horizontal_anchor_point"" v=""1""/>
     <prop k=""joinstyle"" v=""bevel""/>
     <prop k=""name"" v=""circle""/>
     <prop k=""offset"" v=""0,0""/>
     <prop k=""offset_map_unit_scale"" v=""3x:0,0,0,0,0,0""/>
     <prop k=""offset_unit"" v=""MM""/>
     <prop k=""outline_color"" v=""255,255,255,0""/>
     <prop k=""outline_style"" v=""solid""/>
     <prop k=""outline_width"" v=""0""/>
     <prop k=""outline_width_map_unit_scale"" v=""3x:0,0,0,0,0,0""/>
     <prop k=""outline_width_unit"" v=""MM""/>
     <prop k=""scale_method"" v=""diameter""/>
     <prop k=""size"" v=""3.2""/>
     <prop k=""size_map_unit_scale"" v=""3x:0,0,0,0,0,0""/>
     <prop k=""size_unit"" v=""MM""/>
     <prop k=""vertical_anchor_point"" v=""1""/>
     <data_defined_properties>
      <Option type=""Map"">
       <Option type=""QString"" name=""name"" value=""""/>
       <Option name=""properties""/>
       <Option type=""QString"" name=""type"" value=""collection""/>
      </Option>
     </data_defined_properties>
    </layer>
   </symbol>
   <symbol alpha=""1"" clip_to_extent=""1"" type=""marker"" name=""2"" force_rhr=""0"">
    <layer class=""SimpleMarker"" enabled=""1"" locked=""0"" pass=""0"">
     <prop k=""angle"" v=""0""/>
     <prop k=""color"" v=""218,60,67,255""/>
     <prop k=""horizontal_anchor_point"" v=""1""/>
     <prop k=""joinstyle"" v=""bevel""/>
     <prop k=""name"" v=""circle""/>
     <prop k=""offset"" v=""0,0""/>
     <prop k=""offset_map_unit_scale"" v=""3x:0,0,0,0,0,0""/>
     <prop k=""offset_unit"" v=""MM""/>
     <prop k=""outline_color"" v=""255,255,255,0""/>
     <prop k=""outline_style"" v=""solid""/>
     <prop k=""outline_width"" v=""0""/>
     <prop k=""outline_width_map_unit_scale"" v=""3x:0,0,0,0,0,0""/>
     <prop k=""outline_width_unit"" v=""MM""/>
     <prop k=""scale_method"" v=""diameter""/>
     <prop k=""size"" v=""2.4""/>
     <prop k=""size_map_unit_scale"" v=""3x:0,0,0,0,0,0""/>
     <prop k=""size_unit"" v=""MM""/>
     <prop k=""vertical_anchor_point"" v=""1""/>
     <data_defined_properties>
      <Option type=""Map"">
       <Option type=""QString"" name=""name"" value=""""/>
       <Option name=""properties""/>
       <Option type=""QString"" name=""type"" value=""collection""/>
      </Option>
     </data_defined_properties>
    </layer>
   </symbol>
   <symbol alpha=""1"" clip_to_extent=""1"" type=""marker"" name=""3"" force_rhr=""0"">
    <layer class=""SimpleMarker"" enabled=""1"" locked=""0"" pass=""0"">
     <prop k=""angle"" v=""0""/>
     <prop k=""color"" v=""233,120,103,255""/>
     <prop k=""horizontal_anchor_point"" v=""1""/>
     <prop k=""joinstyle"" v=""bevel""/>
     <prop k=""name"" v=""circle""/>
     <prop k=""offset"" v=""0,0""/>
     <prop k=""offset_map_unit_scale"" v=""3x:0,0,0,0,0,0""/>
     <prop k=""offset_unit"" v=""MM""/>
     <prop k=""outline_color"" v=""255,255,255,0""/>
     <prop k=""outline_style"" v=""solid""/>
     <prop k=""outline_width"" v=""0""/>
     <prop k=""outline_width_map_unit_scale"" v=""3x:0,0,0,0,0,0""/>
     <prop k=""outline_width_unit"" v=""MM""/>
     <prop k=""scale_method"" v=""diameter""/>
     <prop k=""size"" v=""2""/>
     <prop k=""size_map_unit_scale"" v=""3x:0,0,0,0,0,0""/>
     <prop k=""size_unit"" v=""MM""/>
     <prop k=""vertical_anchor_point"" v=""1""/>
     <data_defined_properties>
      <Option type=""Map"">
       <Option type=""QString"" name=""name"" value=""""/>
       <Option name=""properties""/>
       <Option type=""QString"" name=""type"" value=""collection""/>
      </Option>
     </data_defined_properties>
    </layer>
   </symbol>
   <symbol alpha=""1"" clip_to_extent=""1"" type=""marker"" name=""4"" force_rhr=""0"">
    <layer class=""SimpleMarker"" enabled=""1"" locked=""0"" pass=""0"">
     <prop k=""angle"" v=""0""/>
     <prop k=""color"" v=""245,173,141,255""/>
     <prop k=""horizontal_anchor_point"" v=""1""/>
     <prop k=""joinstyle"" v=""bevel""/>
     <prop k=""name"" v=""circle""/>
     <prop k=""offset"" v=""0,0""/>
     <prop k=""offset_map_unit_scale"" v=""3x:0,0,0,0,0,0""/>
     <prop k=""offset_unit"" v=""MM""/>
     <prop k=""outline_color"" v=""255,255,255,0""/>
     <prop k=""outline_style"" v=""solid""/>
     <prop k=""outline_width"" v=""0""/>
     <prop k=""outline_width_map_unit_scale"" v=""3x:0,0,0,0,0,0""/>
     <prop k=""outline_width_unit"" v=""MM""/>
     <prop k=""scale_method"" v=""diameter""/>
     <prop k=""size"" v=""1.6""/>
     <prop k=""size_map_unit_scale"" v=""3x:0,0,0,0,0,0""/>
     <prop k=""size_unit"" v=""MM""/>
     <prop k=""vertical_anchor_point"" v=""1""/>
     <data_defined_properties>
      <Option type=""Map"">
       <Option type=""QString"" name=""name"" value=""""/>
       <Option name=""properties""/>
       <Option type=""QString"" name=""type"" value=""collection""/>
      </Option>
     </data_defined_properties>
    </layer>
   </symbol>
   <symbol alpha=""1"" clip_to_extent=""1"" type=""marker"" name=""5"" force_rhr=""0"">
    <layer class=""SimpleMarker"" enabled=""1"" locked=""0"" pass=""0"">
     <prop k=""angle"" v=""0""/>
     <prop k=""color"" v=""246,203,183,255""/>
     <prop k=""horizontal_anchor_point"" v=""1""/>
     <prop k=""joinstyle"" v=""bevel""/>
     <prop k=""name"" v=""circle""/>
     <prop k=""offset"" v=""0,0""/>
     <prop k=""offset_map_unit_scale"" v=""3x:0,0,0,0,0,0""/>
     <prop k=""offset_unit"" v=""MM""/>
     <prop k=""outline_color"" v=""255,255,255,0""/>
     <prop k=""outline_style"" v=""solid""/>
     <prop k=""outline_width"" v=""0""/>
     <prop k=""outline_width_map_unit_scale"" v=""3x:0,0,0,0,0,0""/>
     <prop k=""outline_width_unit"" v=""MM""/>
     <prop k=""scale_method"" v=""diameter""/>
     <prop k=""size"" v=""1.3""/>
     <prop k=""size_map_unit_scale"" v=""3x:0,0,0,0,0,0""/>
     <prop k=""size_unit"" v=""MM""/>
     <prop k=""vertical_anchor_point"" v=""1""/>
     <data_defined_properties>
      <Option type=""Map"">
       <Option type=""QString"" name=""name"" value=""""/>
       <Option name=""properties""/>
       <Option type=""QString"" name=""type"" value=""collection""/>
      </Option>
     </data_defined_properties>
    </layer>
   </symbol>
   <symbol alpha=""1"" clip_to_extent=""1"" type=""marker"" name=""6"" force_rhr=""0"">
    <layer class=""SimpleMarker"" enabled=""1"" locked=""0"" pass=""0"">
     <prop k=""angle"" v=""0""/>
     <prop k=""color"" v=""247,232,226,255""/>
     <prop k=""horizontal_anchor_point"" v=""1""/>
     <prop k=""joinstyle"" v=""bevel""/>
     <prop k=""name"" v=""circle""/>
     <prop k=""offset"" v=""0,0""/>
     <prop k=""offset_map_unit_scale"" v=""3x:0,0,0,0,0,0""/>
     <prop k=""offset_unit"" v=""MM""/>
     <prop k=""outline_color"" v=""255,255,255,0""/>
     <prop k=""outline_style"" v=""solid""/>
     <prop k=""outline_width"" v=""0""/>
     <prop k=""outline_width_map_unit_scale"" v=""3x:0,0,0,0,0,0""/>
     <prop k=""outline_width_unit"" v=""MM""/>
     <prop k=""scale_method"" v=""diameter""/>
     <prop k=""size"" v=""1""/>
     <prop k=""size_map_unit_scale"" v=""3x:0,0,0,0,0,0""/>
     <prop k=""size_unit"" v=""MM""/>
     <prop k=""vertical_anchor_point"" v=""1""/>
     <data_defined_properties>
      <Option type=""Map"">
       <Option type=""QString"" name=""name"" value=""""/>
       <Option name=""properties""/>
       <Option type=""QString"" name=""type"" value=""collection""/>
      </Option>
     </data_defined_properties>
    </layer>
   </symbol>
   <symbol alpha=""1"" clip_to_extent=""1"" type=""marker"" name=""7"" force_rhr=""0"">
    <layer class=""SimpleMarker"" enabled=""1"" locked=""0"" pass=""0"">
     <prop k=""angle"" v=""0""/>
     <prop k=""color"" v=""255,255,255,255""/>
     <prop k=""horizontal_anchor_point"" v=""1""/>
     <prop k=""joinstyle"" v=""bevel""/>
     <prop k=""name"" v=""circle""/>
     <prop k=""offset"" v=""0,0""/>
     <prop k=""offset_map_unit_scale"" v=""3x:0,0,0,0,0,0""/>
     <prop k=""offset_unit"" v=""MM""/>
     <prop k=""outline_color"" v=""255,255,255,88""/>
     <prop k=""outline_style"" v=""solid""/>
     <prop k=""outline_width"" v=""0""/>
     <prop k=""outline_width_map_unit_scale"" v=""3x:0,0,0,0,0,0""/>
     <prop k=""outline_width_unit"" v=""MM""/>
     <prop k=""scale_method"" v=""diameter""/>
     <prop k=""size"" v=""0.5""/>
     <prop k=""size_map_unit_scale"" v=""3x:0,0,0,0,0,0""/>
     <prop k=""size_unit"" v=""MM""/>
     <prop k=""vertical_anchor_point"" v=""1""/>
     <data_defined_properties>
      <Option type=""Map"">
       <Option type=""QString"" name=""name"" value=""""/>
       <Option name=""properties""/>
       <Option type=""QString"" name=""type"" value=""collection""/>
      </Option>
     </data_defined_properties>
    </layer>
   </symbol>
   <symbol alpha=""1"" clip_to_extent=""1"" type=""marker"" name=""8"" force_rhr=""0"">
    <layer class=""SimpleMarker"" enabled=""1"" locked=""0"" pass=""0"">
     <prop k=""angle"" v=""0""/>
     <prop k=""color"" v=""229,238,243,255""/>
     <prop k=""horizontal_anchor_point"" v=""1""/>
     <prop k=""joinstyle"" v=""bevel""/>
     <prop k=""name"" v=""circle""/>
     <prop k=""offset"" v=""0,0""/>
     <prop k=""offset_map_unit_scale"" v=""3x:0,0,0,0,0,0""/>
     <prop k=""offset_unit"" v=""MM""/>
     <prop k=""outline_color"" v=""255,255,255,0""/>
     <prop k=""outline_style"" v=""solid""/>
     <prop k=""outline_width"" v=""0""/>
     <prop k=""outline_width_map_unit_scale"" v=""3x:0,0,0,0,0,0""/>
     <prop k=""outline_width_unit"" v=""MM""/>
     <prop k=""scale_method"" v=""diameter""/>
     <prop k=""size"" v=""1""/>
     <prop k=""size_map_unit_scale"" v=""3x:0,0,0,0,0,0""/>
     <prop k=""size_unit"" v=""MM""/>
     <prop k=""vertical_anchor_point"" v=""1""/>
     <data_defined_properties>
      <Option type=""Map"">
       <Option type=""QString"" name=""name"" value=""""/>
       <Option name=""properties""/>
       <Option type=""QString"" name=""type"" value=""collection""/>
      </Option>
     </data_defined_properties>
    </layer>
   </symbol>
   <symbol alpha=""1"" clip_to_extent=""1"" type=""marker"" name=""9"" force_rhr=""0"">
    <layer class=""SimpleMarker"" enabled=""1"" locked=""0"" pass=""0"">
     <prop k=""angle"" v=""0""/>
     <prop k=""color"" v=""192,220,234,255""/>
     <prop k=""horizontal_anchor_point"" v=""1""/>
     <prop k=""joinstyle"" v=""bevel""/>
     <prop k=""name"" v=""circle""/>
     <prop k=""offset"" v=""0,0""/>
     <prop k=""offset_map_unit_scale"" v=""3x:0,0,0,0,0,0""/>
     <prop k=""offset_unit"" v=""MM""/>
     <prop k=""outline_color"" v=""255,255,255,0""/>
     <prop k=""outline_style"" v=""solid""/>
     <prop k=""outline_width"" v=""0""/>
     <prop k=""outline_width_map_unit_scale"" v=""3x:0,0,0,0,0,0""/>
     <prop k=""outline_width_unit"" v=""MM""/>
     <prop k=""scale_method"" v=""diameter""/>
     <prop k=""size"" v=""1.3""/>
     <prop k=""size_map_unit_scale"" v=""3x:0,0,0,0,0,0""/>
     <prop k=""size_unit"" v=""MM""/>
     <prop k=""vertical_anchor_point"" v=""1""/>
     <data_defined_properties>
      <Option type=""Map"">
       <Option type=""QString"" name=""name"" value=""""/>
       <Option name=""properties""/>
       <Option type=""QString"" name=""type"" value=""collection""/>
      </Option>
     </data_defined_properties>
    </layer>
   </symbol>
  </symbols>
  <source-symbol>
   <symbol alpha=""1"" clip_to_extent=""1"" type=""marker"" name=""0"" force_rhr=""0"">
    <layer class=""SimpleMarker"" enabled=""1"" locked=""0"" pass=""0"">
     <prop k=""angle"" v=""0""/>
     <prop k=""color"" v=""255,158,23,255""/>
     <prop k=""horizontal_anchor_point"" v=""1""/>
     <prop k=""joinstyle"" v=""bevel""/>
     <prop k=""name"" v=""circle""/>
     <prop k=""offset"" v=""0,0""/>
     <prop k=""offset_map_unit_scale"" v=""3x:0,0,0,0,0,0""/>
     <prop k=""offset_unit"" v=""MM""/>
     <prop k=""outline_color"" v=""255,255,255,88""/>
     <prop k=""outline_style"" v=""solid""/>
     <prop k=""outline_width"" v=""0""/>
     <prop k=""outline_width_map_unit_scale"" v=""3x:0,0,0,0,0,0""/>
     <prop k=""outline_width_unit"" v=""MM""/>
     <prop k=""scale_method"" v=""diameter""/>
     <prop k=""size"" v=""2""/>
     <prop k=""size_map_unit_scale"" v=""3x:0,0,0,0,0,0""/>
     <prop k=""size_unit"" v=""MM""/>
     <prop k=""vertical_anchor_point"" v=""1""/>
     <data_defined_properties>
      <Option type=""Map"">
       <Option type=""QString"" name=""name"" value=""""/>
       <Option name=""properties""/>
       <Option type=""QString"" name=""type"" value=""collection""/>
      </Option>
     </data_defined_properties>
    </layer>
   </symbol>
  </source-symbol>
  <colorramp type=""gradient"" name=""[source]"">
   <prop k=""color1"" v=""202,0,32,255""/>
   <prop k=""color2"" v=""5,113,176,255""/>
   <prop k=""discrete"" v=""0""/>
   <prop k=""rampType"" v=""gradient""/>
   <prop k=""stops"" v=""0.25;244,165,130,0:0.5;247,247,247,0:0.75;146,197,222,0""/>
  </colorramp>
  <classificationMethod id=""Custom"">
   <symmetricMode astride=""0"" enabled=""0"" symmetrypoint=""0""/>
   <labelFormat trimtrailingzeroes=""1"" format=""%1 - %2"" labelprecision=""4""/>
   <parameters>
    <Option/>
   </parameters>
   <extraInformation/>
  </classificationMethod>
  <rotation/>
  <sizescale/>
  <orderby>
   <orderByClause nullsFirst=""0"" asc=""1"">(""sig_time"" &lt;=0.01) AND (""certainty"" = 'good')</orderByClause>
   <orderByClause nullsFirst=""0"" asc=""1""> abs(""rate_time"" )</orderByClause>
  </orderby>
 </renderer-v2>
 <labeling type=""simple"">
  <settings calloutType=""simple"">
   <text-style fontWordSpacing=""0"" textOrientation=""horizontal"" fontItalic=""0"" allowHtml=""0"" fontKerning=""1"" previewBkgrdColor=""0,0,0,255"" namedStyle=""Regular"" textColor=""255,255,255,255"" fontSizeMapUnitScale=""3x:0,0,0,0,0,0"" useSubstitutions=""0"" textOpacity=""1"" blendMode=""0"" fontSize=""7.5"" fontStrikeout=""0"" fontWeight=""50"" multilineHeight=""5"" fieldName=""if((&quot;sig_time&quot; &lt;=0.01) AND (&quot;certainty&quot; = 'good') AND abs(rate_time) >= 0.3, concat(format_number(rate_time, 1), ' m (±', format_number(se_time * 1.96, 1), ')'), NULL)"" fontFamily=""MS Shell Dlg 2"" fontUnderline=""0"" isExpression=""1"" capitalization=""0"" fontLetterSpacing=""0"" fontSizeUnit=""Point"">
    <text-buffer bufferBlendMode=""0"" bufferDraw=""1"" bufferColor=""0,0,0,255"" bufferSizeMapUnitScale=""3x:0,0,0,0,0,0"" bufferNoFill=""1"" bufferOpacity=""0.5"" bufferJoinStyle=""128"" bufferSize=""0.77780000000000005"" bufferSizeUnits=""MM""/>
    <text-mask maskSize=""0"" maskedSymbolLayers="""" maskJoinStyle=""128"" maskSizeUnits=""MM"" maskType=""0"" maskSizeMapUnitScale=""3x:0,0,0,0,0,0"" maskEnabled=""0"" maskOpacity=""1""/>
    <background shapeRadiiX=""5"" shapeOffsetUnit=""MM"" shapeRotation=""0"" shapeSVGFile="""" shapeFillColor=""255,255,255,0"" shapeSizeY=""5"" shapeJoinStyle=""64"" shapeSizeX=""5"" shapeOffsetX=""0"" shapeRotationType=""0"" shapeSizeType=""0"" shapeBorderColor=""128,128,128,0"" shapeOffsetY=""0"" shapeType=""0"" shapeRadiiMapUnitScale=""3x:0,0,0,0,0,0"" shapeBorderWidth=""0"" shapeBorderWidthMapUnitScale=""3x:0,0,0,0,0,0"" shapeDraw=""0"" shapeOffsetMapUnitScale=""3x:0,0,0,0,0,0"" shapeSizeUnit=""MM"" shapeBorderWidthUnit=""MM"" shapeRadiiY=""5"" shapeOpacity=""1"" shapeBlendMode=""0"" shapeSizeMapUnitScale=""3x:0,0,0,0,0,0"" shapeRadiiUnit=""MM"">
     <symbol alpha=""1"" clip_to_extent=""1"" type=""marker"" name=""markerSymbol"" force_rhr=""0"">
      <layer class=""SimpleMarker"" enabled=""1"" locked=""0"" pass=""0"">
       <prop k=""angle"" v=""0""/>
       <prop k=""color"" v=""190,207,80,255""/>
       <prop k=""horizontal_anchor_point"" v=""1""/>
       <prop k=""joinstyle"" v=""bevel""/>
       <prop k=""name"" v=""circle""/>
       <prop k=""offset"" v=""0,0""/>
       <prop k=""offset_map_unit_scale"" v=""3x:0,0,0,0,0,0""/>
       <prop k=""offset_unit"" v=""MM""/>
       <prop k=""outline_color"" v=""35,35,35,255""/>
       <prop k=""outline_style"" v=""solid""/>
       <prop k=""outline_width"" v=""0""/>
       <prop k=""outline_width_map_unit_scale"" v=""3x:0,0,0,0,0,0""/>
       <prop k=""outline_width_unit"" v=""MM""/>
       <prop k=""scale_method"" v=""diameter""/>
       <prop k=""size"" v=""2""/>
       <prop k=""size_map_unit_scale"" v=""3x:0,0,0,0,0,0""/>
       <prop k=""size_unit"" v=""MM""/>
       <prop k=""vertical_anchor_point"" v=""1""/>
       <data_defined_properties>
        <Option type=""Map"">
         <Option type=""QString"" name=""name"" value=""""/>
         <Option name=""properties""/>
         <Option type=""QString"" name=""type"" value=""collection""/>
        </Option>
       </data_defined_properties>
      </layer>
     </symbol>
    </background>
    <shadow shadowOffsetAngle=""135"" shadowOffsetGlobal=""1"" shadowOpacity=""1"" shadowRadiusMapUnitScale=""3x:0,0,0,0,0,0"" shadowOffsetUnit=""MM"" shadowOffsetMapUnitScale=""3x:0,0,0,0,0,0"" shadowRadius=""1.5"" shadowUnder=""0"" shadowScale=""100"" shadowOffsetDist=""1"" shadowRadiusAlphaOnly=""0"" shadowColor=""255,255,255,255"" shadowRadiusUnit=""MM"" shadowDraw=""1"" shadowBlendMode=""8""/>
    <dd_properties>
     <Option type=""Map"">
      <Option type=""QString"" name=""name"" value=""""/>
      <Option name=""properties""/>
      <Option type=""QString"" name=""type"" value=""collection""/>
     </Option>
    </dd_properties>
    <substitutions/>
   </text-style>
   <text-format reverseDirectionSymbol=""0"" rightDirectionSymbol="">"" autoWrapLength=""0"" decimals=""1"" formatNumbers=""0"" leftDirectionSymbol=""&lt;"" placeDirectionSymbol=""0"" plussign=""0"" useMaxLineLengthForAutoWrap=""1"" wrapChar="""" multilineAlign=""3"" addDirectionSymbol=""0""/>
   <placement centroidWhole=""0"" maxCurvedCharAngleOut=""-25"" maxCurvedCharAngleIn=""25"" priority=""1"" geometryGeneratorEnabled=""0"" xOffset=""-5"" repeatDistanceMapUnitScale=""3x:0,0,0,0,0,0"" offsetUnits=""MM"" lineAnchorType=""0"" fitInPolygonOnly=""0"" yOffset=""0"" preserveRotation=""1"" overrunDistance=""0"" centroidInside=""0"" placementFlags=""10"" rotationAngle=""0"" overrunDistanceMapUnitScale=""3x:0,0,0,0,0,0"" labelOffsetMapUnitScale=""3x:0,0,0,0,0,0"" offsetType=""0"" geometryGenerator="""" distMapUnitScale=""3x:0,0,0,0,0,0"" repeatDistance=""0"" overrunDistanceUnit=""MM"" geometryGeneratorType=""PointGeometry"" placement=""1"" dist=""0"" distUnits=""MM"" polygonPlacementFlags=""2"" quadOffset=""3"" predefinedPositionOrder=""TR,TL,BR,BL,R,L,TSR,BSR"" repeatDistanceUnits=""MM"" lineAnchorPercent=""0.5"" layerType=""PointGeometry""/>
   <rendering scaleMin=""0"" fontMinPixelSize=""3"" zIndex=""0"" upsidedownLabels=""0"" fontLimitPixelSize=""0"" displayAll=""0"" fontMaxPixelSize=""10000"" labelPerPart=""0"" obstacle=""1"" maxNumLabels=""50"" mergeLines=""0"" obstacleFactor=""1"" obstacleType=""0"" scaleVisibility=""0"" minFeatureSize=""0"" limitNumLabels=""0"" scaleMax=""1000000"" drawLabels=""1""/>
   <dd_properties>
    <Option type=""Map"">
     <Option type=""QString"" name=""name"" value=""""/>
     <Option type=""Map"" name=""properties"">
      <Option type=""Map"" name=""Priority"">
       <Option type=""bool"" name=""active"" value=""true""/>
       <Option type=""QString"" name=""expression"" value=""abs(&quot;rate_time&quot;)""/>
       <Option type=""int"" name=""type"" value=""3""/>
      </Option>
     </Option>
     <Option type=""QString"" name=""type"" value=""collection""/>
    </Option>
   </dd_properties>
   <callout type=""simple"">
    <Option type=""Map"">
     <Option type=""QString"" name=""anchorPoint"" value=""pole_of_inaccessibility""/>
     <Option type=""Map"" name=""ddProperties"">
      <Option type=""QString"" name=""name"" value=""""/>
      <Option name=""properties""/>
      <Option type=""QString"" name=""type"" value=""collection""/>
     </Option>
     <Option type=""bool"" name=""drawToAllParts"" value=""false""/>
     <Option type=""QString"" name=""enabled"" value=""0""/>
     <Option type=""QString"" name=""labelAnchorPoint"" value=""point_on_exterior""/>
     <Option type=""QString"" name=""lineSymbol"" value=""&lt;symbol alpha=&quot;1&quot; clip_to_extent=&quot;1&quot; type=&quot;line&quot; name=&quot;symbol&quot; force_rhr=&quot;0&quot;>&lt;layer class=&quot;SimpleLine&quot; enabled=&quot;1&quot; locked=&quot;0&quot; pass=&quot;0&quot;>&lt;prop k=&quot;align_dash_pattern&quot; v=&quot;0&quot;/>&lt;prop k=&quot;capstyle&quot; v=&quot;square&quot;/>&lt;prop k=&quot;customdash&quot; v=&quot;5;2&quot;/>&lt;prop k=&quot;customdash_map_unit_scale&quot; v=&quot;3x:0,0,0,0,0,0&quot;/>&lt;prop k=&quot;customdash_unit&quot; v=&quot;MM&quot;/>&lt;prop k=&quot;dash_pattern_offset&quot; v=&quot;0&quot;/>&lt;prop k=&quot;dash_pattern_offset_map_unit_scale&quot; v=&quot;3x:0,0,0,0,0,0&quot;/>&lt;prop k=&quot;dash_pattern_offset_unit&quot; v=&quot;MM&quot;/>&lt;prop k=&quot;draw_inside_polygon&quot; v=&quot;0&quot;/>&lt;prop k=&quot;joinstyle&quot; v=&quot;bevel&quot;/>&lt;prop k=&quot;line_color&quot; v=&quot;60,60,60,255&quot;/>&lt;prop k=&quot;line_style&quot; v=&quot;solid&quot;/>&lt;prop k=&quot;line_width&quot; v=&quot;0.3&quot;/>&lt;prop k=&quot;line_width_unit&quot; v=&quot;MM&quot;/>&lt;prop k=&quot;offset&quot; v=&quot;0&quot;/>&lt;prop k=&quot;offset_map_unit_scale&quot; v=&quot;3x:0,0,0,0,0,0&quot;/>&lt;prop k=&quot;offset_unit&quot; v=&quot;MM&quot;/>&lt;prop k=&quot;ring_filter&quot; v=&quot;0&quot;/>&lt;prop k=&quot;tweak_dash_pattern_on_corners&quot; v=&quot;0&quot;/>&lt;prop k=&quot;use_custom_dash&quot; v=&quot;0&quot;/>&lt;prop k=&quot;width_map_unit_scale&quot; v=&quot;3x:0,0,0,0,0,0&quot;/>&lt;data_defined_properties>&lt;Option type=&quot;Map&quot;>&lt;Option type=&quot;QString&quot; name=&quot;name&quot; value=&quot;&quot;/>&lt;Option name=&quot;properties&quot;/>&lt;Option type=&quot;QString&quot; name=&quot;type&quot; value=&quot;collection&quot;/>&lt;/Option>&lt;/data_defined_properties>&lt;/layer>&lt;/symbol>""/>
     <Option type=""double"" name=""minLength"" value=""0""/>
     <Option type=""QString"" name=""minLengthMapUnitScale"" value=""3x:0,0,0,0,0,0""/>
     <Option type=""QString"" name=""minLengthUnit"" value=""MM""/>
     <Option type=""double"" name=""offsetFromAnchor"" value=""0""/>
     <Option type=""QString"" name=""offsetFromAnchorMapUnitScale"" value=""3x:0,0,0,0,0,0""/>
     <Option type=""QString"" name=""offsetFromAnchorUnit"" value=""MM""/>
     <Option type=""double"" name=""offsetFromLabel"" value=""0""/>
     <Option type=""QString"" name=""offsetFromLabelMapUnitScale"" value=""3x:0,0,0,0,0,0""/>
     <Option type=""QString"" name=""offsetFromLabelUnit"" value=""MM""/>
    </Option>
   </callout>
  </settings>
 </labeling>
 <customproperties>
  <property key=""embeddedWidgets/count"" value=""0""/>
  <property key=""variableNames""/>
  <property key=""variableValues""/>
 </customproperties>
 <blendMode>0</blendMode>
 <featureBlendMode>0</featureBlendMode>
 <layerOpacity>1</layerOpacity>
 <SingleCategoryDiagramRenderer diagramType=""Histogram"" attributeLegend=""1"">
  <DiagramCategory enabled=""0"" scaleDependency=""Area"" backgroundAlpha=""255"" labelPlacementMethod=""XHeight"" minimumSize=""0"" lineSizeScale=""3x:0,0,0,0,0,0"" diagramOrientation=""Up"" direction=""1"" opacity=""1"" minScaleDenominator=""15000"" maxScaleDenominator=""1e+08"" rotationOffset=""270"" sizeType=""MM"" barWidth=""5"" penColor=""#000000"" spacing=""0"" spacingUnitScale=""3x:0,0,0,0,0,0"" showAxis=""0"" spacingUnit=""MM"" sizeScale=""3x:0,0,0,0,0,0"" scaleBasedVisibility=""0"" penWidth=""0"" height=""15"" width=""15"" penAlpha=""255"" backgroundColor=""#ffffff"" lineSizeType=""MM"">
   <fontProperties style="""" description=""Cantarell,11,-1,5,50,0,0,0,0,0""/>
   <attribute color=""#000000"" label="""" field=""""/>
   <axisSymbol>
    <symbol alpha=""1"" clip_to_extent=""1"" type=""line"" name="""" force_rhr=""0"">
     <layer class=""SimpleLine"" enabled=""1"" locked=""0"" pass=""0"">
      <prop k=""align_dash_pattern"" v=""0""/>
      <prop k=""capstyle"" v=""square""/>
      <prop k=""customdash"" v=""5;2""/>
      <prop k=""customdash_map_unit_scale"" v=""3x:0,0,0,0,0,0""/>
      <prop k=""customdash_unit"" v=""MM""/>
      <prop k=""dash_pattern_offset"" v=""0""/>
      <prop k=""dash_pattern_offset_map_unit_scale"" v=""3x:0,0,0,0,0,0""/>
      <prop k=""dash_pattern_offset_unit"" v=""MM""/>
      <prop k=""draw_inside_polygon"" v=""0""/>
      <prop k=""joinstyle"" v=""bevel""/>
      <prop k=""line_color"" v=""35,35,35,255""/>
      <prop k=""line_style"" v=""solid""/>
      <prop k=""line_width"" v=""0.26""/>
      <prop k=""line_width_unit"" v=""MM""/>
      <prop k=""offset"" v=""0""/>
      <prop k=""offset_map_unit_scale"" v=""3x:0,0,0,0,0,0""/>
      <prop k=""offset_unit"" v=""MM""/>
      <prop k=""ring_filter"" v=""0""/>
      <prop k=""tweak_dash_pattern_on_corners"" v=""0""/>
      <prop k=""use_custom_dash"" v=""0""/>
      <prop k=""width_map_unit_scale"" v=""3x:0,0,0,0,0,0""/>
      <data_defined_properties>
       <Option type=""Map"">
        <Option type=""QString"" name=""name"" value=""""/>
        <Option name=""properties""/>
        <Option type=""QString"" name=""type"" value=""collection""/>
       </Option>
      </data_defined_properties>
     </layer>
    </symbol>
   </axisSymbol>
  </DiagramCategory>
 </SingleCategoryDiagramRenderer>
 <DiagramLayerSettings placement=""0"" priority=""0"" dist=""0"" showAll=""1"" obstacle=""0"" linePlacementFlags=""18"" zIndex=""0"">
  <properties>
   <Option type=""Map"">
    <Option type=""QString"" name=""name"" value=""""/>
    <Option name=""properties""/>
    <Option type=""QString"" name=""type"" value=""collection""/>
   </Option>
  </properties>
 </DiagramLayerSettings>
 <geometryOptions removeDuplicateNodes=""0"" geometryPrecision=""0"">
  <activeChecks/>
  <checkConfiguration/>
 </geometryOptions>
 <legend type=""default-vector""/>
 <referencedLayers/>
 <fieldConfiguration>
  <field name=""fid"" configurationFlags=""None"">
   <editWidget type=""TextEdit"">
    <config>
     <Option/>
    </config>
   </editWidget>
  </field>
  <field name=""uid"" configurationFlags=""None"">
   <editWidget type=""TextEdit"">
    <config>
     <Option/>
    </config>
   </editWidget>
  </field>
  <field name=""rate_time"" configurationFlags=""None"">
   <editWidget type=""TextEdit"">
    <config>
     <Option/>
    </config>
   </editWidget>
  </field>
  <field name=""sig_time"" configurationFlags=""None"">
   <editWidget type=""TextEdit"">
    <config>
     <Option/>
    </config>
   </editWidget>
  </field>
  <field name=""se_time"" configurationFlags=""None"">
   <editWidget type=""TextEdit"">
    <config>
     <Option/>
    </config>
   </editWidget>
  </field>
  <field name=""outl_time"" configurationFlags=""None"">
   <editWidget type=""TextEdit"">
    <config>
     <Option/>
    </config>
   </editWidget>
  </field>
  <field name=""dist_1988"" configurationFlags=""None"">
   <editWidget type=""TextEdit"">
    <config>
     <Option/>
    </config>
   </editWidget>
  </field>
  <field name=""dist_1989"" configurationFlags=""None"">
   <editWidget type=""TextEdit"">
    <config>
     <Option/>
    </config>
   </editWidget>
  </field>
  <field name=""dist_1990"" configurationFlags=""None"">
   <editWidget type=""TextEdit"">
    <config>
     <Option/>
    </config>
   </editWidget>
  </field>
  <field name=""dist_1991"" configurationFlags=""None"">
   <editWidget type=""TextEdit"">
    <config>
     <Option/>
    </config>
   </editWidget>
  </field>
  <field name=""dist_1992"" configurationFlags=""None"">
   <editWidget type=""TextEdit"">
    <config>
     <Option/>
    </config>
   </editWidget>
  </field>
  <field name=""dist_1993"" configurationFlags=""None"">
   <editWidget type=""TextEdit"">
    <config>
     <Option/>
    </config>
   </editWidget>
  </field>
  <field name=""dist_1994"" configurationFlags=""None"">
   <editWidget type=""TextEdit"">
    <config>
     <Option/>
    </config>
   </editWidget>
  </field>
  <field name=""dist_1995"" configurationFlags=""None"">
   <editWidget type=""TextEdit"">
    <config>
     <Option/>
    </config>
   </editWidget>
  </field>
  <field name=""dist_1996"" configurationFlags=""None"">
   <editWidget type=""TextEdit"">
    <config>
     <Option/>
    </config>
   </editWidget>
  </field>
  <field name=""dist_1997"" configurationFlags=""None"">
   <editWidget type=""TextEdit"">
    <config>
     <Option/>
    </config>
   </editWidget>
  </field>
  <field name=""dist_1998"" configurationFlags=""None"">
   <editWidget type=""TextEdit"">
    <config>
     <Option/>
    </config>
   </editWidget>
  </field>
  <field name=""dist_1999"" configurationFlags=""None"">
   <editWidget type=""TextEdit"">
    <config>
     <Option/>
    </config>
   </editWidget>
  </field>
  <field name=""dist_2000"" configurationFlags=""None"">
   <editWidget type=""TextEdit"">
    <config>
     <Option/>
    </config>
   </editWidget>
  </field>
  <field name=""dist_2001"" configurationFlags=""None"">
   <editWidget type=""TextEdit"">
    <config>
     <Option/>
    </config>
   </editWidget>
  </field>
  <field name=""dist_2002"" configurationFlags=""None"">
   <editWidget type=""TextEdit"">
    <config>
     <Option/>
    </config>
   </editWidget>
  </field>
  <field name=""dist_2003"" configurationFlags=""None"">
   <editWidget type=""TextEdit"">
    <config>
     <Option/>
    </config>
   </editWidget>
  </field>
  <field name=""dist_2004"" configurationFlags=""None"">
   <editWidget type=""TextEdit"">
    <config>
     <Option/>
    </config>
   </editWidget>
  </field>
  <field name=""dist_2005"" configurationFlags=""None"">
   <editWidget type=""TextEdit"">
    <config>
     <Option/>
    </config>
   </editWidget>
  </field>
  <field name=""dist_2006"" configurationFlags=""None"">
   <editWidget type=""TextEdit"">
    <config>
     <Option/>
    </config>
   </editWidget>
  </field>
  <field name=""dist_2007"" configurationFlags=""None"">
   <editWidget type=""TextEdit"">
    <config>
     <Option/>
    </config>
   </editWidget>
  </field>
  <field name=""dist_2008"" configurationFlags=""None"">
   <editWidget type=""TextEdit"">
    <config>
     <Option/>
    </config>
   </editWidget>
  </field>
  <field name=""dist_2009"" configurationFlags=""None"">
   <editWidget type=""TextEdit"">
    <config>
     <Option/>
    </config>
   </editWidget>
  </field>
  <field name=""dist_2010"" configurationFlags=""None"">
   <editWidget type=""TextEdit"">
    <config>
     <Option/>
    </config>
   </editWidget>
  </field>
  <field name=""dist_2011"" configurationFlags=""None"">
   <editWidget type=""TextEdit"">
    <config>
     <Option/>
    </config>
   </editWidget>
  </field>
  <field name=""dist_2012"" configurationFlags=""None"">
   <editWidget type=""TextEdit"">
    <config>
     <Option/>
    </config>
   </editWidget>
  </field>
  <field name=""dist_2013"" configurationFlags=""None"">
   <editWidget type=""TextEdit"">
    <config>
     <Option/>
    </config>
   </editWidget>
  </field>
  <field name=""dist_2014"" configurationFlags=""None"">
   <editWidget type=""TextEdit"">
    <config>
     <Option/>
    </config>
   </editWidget>
  </field>
  <field name=""dist_2015"" configurationFlags=""None"">
   <editWidget type=""TextEdit"">
    <config>
     <Option/>
    </config>
   </editWidget>
  </field>
  <field name=""dist_2016"" configurationFlags=""None"">
   <editWidget type=""TextEdit"">
    <config>
     <Option/>
    </config>
   </editWidget>
  </field>
  <field name=""dist_2017"" configurationFlags=""None"">
   <editWidget type=""TextEdit"">
    <config>
     <Option/>
    </config>
   </editWidget>
  </field>
  <field name=""dist_2018"" configurationFlags=""None"">
   <editWidget type=""TextEdit"">
    <config>
     <Option/>
    </config>
   </editWidget>
  </field>
  <field name=""dist_2019"" configurationFlags=""None"">
   <editWidget type=""TextEdit"">
    <config>
     <Option/>
    </config>
   </editWidget>
  </field>
  <field name=""dist_2020"" configurationFlags=""None"">
   <editWidget type=""TextEdit"">
    <config>
     <Option/>
    </config>
   </editWidget>
  </field>
  <field name=""dist_2021"" configurationFlags=""None"">
   <editWidget type=""TextEdit"">
    <config>
     <Option/>
    </config>
   </editWidget>
  </field>
  <field name=""angle_mean"" configurationFlags=""None"">
   <editWidget type=""Range"">
    <config>
     <Option/>
    </config>
   </editWidget>
  </field>
  <field name=""angle_std"" configurationFlags=""None"">
   <editWidget type=""Range"">
    <config>
     <Option/>
    </config>
   </editWidget>
  </field>
  <field name=""valid_obs"" configurationFlags=""None"">
   <editWidget type=""Range"">
    <config>
     <Option/>
    </config>
   </editWidget>
  </field>
  <field name=""valid_span"" configurationFlags=""None"">
   <editWidget type=""Range"">
    <config>
     <Option/>
    </config>
   </editWidget>
  </field>
  <field name=""sce"" configurationFlags=""None"">
   <editWidget type=""TextEdit"">
    <config>
     <Option/>
    </config>
   </editWidget>
  </field>
  <field name=""nsm"" configurationFlags=""None"">
   <editWidget type=""TextEdit"">
    <config>
     <Option/>
    </config>
   </editWidget>
  </field>
  <field name=""max_year"" configurationFlags=""None"">
   <editWidget type=""TextEdit"">
    <config>
     <Option/>
    </config>
   </editWidget>
  </field>
  <field name=""min_year"" configurationFlags=""None"">
   <editWidget type=""TextEdit"">
    <config>
     <Option/>
    </config>
   </editWidget>
  </field>
  <field name=""certainty"" configurationFlags=""None"">
   <editWidget type=""TextEdit"">
    <config>
     <Option/>
    </config>
   </editWidget>
  </field>
  <field name=""id_primary"" configurationFlags=""None"">
   <editWidget type=""TextEdit"">
    <config>
     <Option/>
    </config>
   </editWidget>
  </field>
 </fieldConfiguration>
 <aliases>
  <alias index=""0"" name="""" field=""fid""/>
  <alias index=""1"" name="""" field=""uid""/>
  <alias index=""2"" name="""" field=""rate_time""/>
  <alias index=""3"" name="""" field=""sig_time""/>
  <alias index=""4"" name="""" field=""se_time""/>
  <alias index=""5"" name="""" field=""outl_time""/>
  <alias index=""6"" name="""" field=""dist_1988""/>
  <alias index=""7"" name="""" field=""dist_1989""/>
  <alias index=""8"" name="""" field=""dist_1990""/>
  <alias index=""9"" name="""" field=""dist_1991""/>
  <alias index=""10"" name="""" field=""dist_1992""/>
  <alias index=""11"" name="""" field=""dist_1993""/>
  <alias index=""12"" name="""" field=""dist_1994""/>
  <alias index=""13"" name="""" field=""dist_1995""/>
  <alias index=""14"" name="""" field=""dist_1996""/>
  <alias index=""15"" name="""" field=""dist_1997""/>
  <alias index=""16"" name="""" field=""dist_1998""/>
  <alias index=""17"" name="""" field=""dist_1999""/>
  <alias index=""18"" name="""" field=""dist_2000""/>
  <alias index=""19"" name="""" field=""dist_2001""/>
  <alias index=""20"" name="""" field=""dist_2002""/>
  <alias index=""21"" name="""" field=""dist_2003""/>
  <alias index=""22"" name="""" field=""dist_2004""/>
  <alias index=""23"" name="""" field=""dist_2005""/>
  <alias index=""24"" name="""" field=""dist_2006""/>
  <alias index=""25"" name="""" field=""dist_2007""/>
  <alias index=""26"" name="""" field=""dist_2008""/>
  <alias index=""27"" name="""" field=""dist_2009""/>
  <alias index=""28"" name="""" field=""dist_2010""/>
  <alias index=""29"" name="""" field=""dist_2011""/>
  <alias index=""30"" name="""" field=""dist_2012""/>
  <alias index=""31"" name="""" field=""dist_2013""/>
  <alias index=""32"" name="""" field=""dist_2014""/>
  <alias index=""33"" name="""" field=""dist_2015""/>
  <alias index=""34"" name="""" field=""dist_2016""/>
  <alias index=""35"" name="""" field=""dist_2017""/>
  <alias index=""36"" name="""" field=""dist_2018""/>
  <alias index=""37"" name="""" field=""dist_2019""/>
  <alias index=""38"" name="""" field=""dist_2020""/>
  <alias index=""39"" name="""" field=""dist_2021""/>
  <alias index=""40"" name="""" field=""angle_mean""/>
  <alias index=""41"" name="""" field=""angle_std""/>
  <alias index=""42"" name="""" field=""valid_obs""/>
  <alias index=""43"" name="""" field=""valid_span""/>
  <alias index=""44"" name="""" field=""sce""/>
  <alias index=""45"" name="""" field=""nsm""/>
  <alias index=""46"" name="""" field=""max_year""/>
  <alias index=""47"" name="""" field=""min_year""/>
  <alias index=""48"" name="""" field=""certainty""/>
  <alias index=""49"" name="""" field=""id_primary""/>
 </aliases>
 <defaults>
  <default applyOnUpdate=""0"" field=""fid"" expression=""""/>
  <default applyOnUpdate=""0"" field=""uid"" expression=""""/>
  <default applyOnUpdate=""0"" field=""rate_time"" expression=""""/>
  <default applyOnUpdate=""0"" field=""sig_time"" expression=""""/>
  <default applyOnUpdate=""0"" field=""se_time"" expression=""""/>
  <default applyOnUpdate=""0"" field=""outl_time"" expression=""""/>
  <default applyOnUpdate=""0"" field=""dist_1988"" expression=""""/>
  <default applyOnUpdate=""0"" field=""dist_1989"" expression=""""/>
  <default applyOnUpdate=""0"" field=""dist_1990"" expression=""""/>
  <default applyOnUpdate=""0"" field=""dist_1991"" expression=""""/>
  <default applyOnUpdate=""0"" field=""dist_1992"" expression=""""/>
  <default applyOnUpdate=""0"" field=""dist_1993"" expression=""""/>
  <default applyOnUpdate=""0"" field=""dist_1994"" expression=""""/>
  <default applyOnUpdate=""0"" field=""dist_1995"" expression=""""/>
  <default applyOnUpdate=""0"" field=""dist_1996"" expression=""""/>
  <default applyOnUpdate=""0"" field=""dist_1997"" expression=""""/>
  <default applyOnUpdate=""0"" field=""dist_1998"" expression=""""/>
  <default applyOnUpdate=""0"" field=""dist_1999"" expression=""""/>
  <default applyOnUpdate=""0"" field=""dist_2000"" expression=""""/>
  <default applyOnUpdate=""0"" field=""dist_2001"" expression=""""/>
  <default applyOnUpdate=""0"" field=""dist_2002"" expression=""""/>
  <default applyOnUpdate=""0"" field=""dist_2003"" expression=""""/>
  <default applyOnUpdate=""0"" field=""dist_2004"" expression=""""/>
  <default applyOnUpdate=""0"" field=""dist_2005"" expression=""""/>
  <default applyOnUpdate=""0"" field=""dist_2006"" expression=""""/>
  <default applyOnUpdate=""0"" field=""dist_2007"" expression=""""/>
  <default applyOnUpdate=""0"" field=""dist_2008"" expression=""""/>
  <default applyOnUpdate=""0"" field=""dist_2009"" expression=""""/>
  <default applyOnUpdate=""0"" field=""dist_2010"" expression=""""/>
  <default applyOnUpdate=""0"" field=""dist_2011"" expression=""""/>
  <default applyOnUpdate=""0"" field=""dist_2012"" expression=""""/>
  <default applyOnUpdate=""0"" field=""dist_2013"" expression=""""/>
  <default applyOnUpdate=""0"" field=""dist_2014"" expression=""""/>
  <default applyOnUpdate=""0"" field=""dist_2015"" expression=""""/>
  <default applyOnUpdate=""0"" field=""dist_2016"" expression=""""/>
  <default applyOnUpdate=""0"" field=""dist_2017"" expression=""""/>
  <default applyOnUpdate=""0"" field=""dist_2018"" expression=""""/>
  <default applyOnUpdate=""0"" field=""dist_2019"" expression=""""/>
  <default applyOnUpdate=""0"" field=""dist_2020"" expression=""""/>
  <default applyOnUpdate=""0"" field=""dist_2021"" expression=""""/>
  <default applyOnUpdate=""0"" field=""angle_mean"" expression=""""/>
  <default applyOnUpdate=""0"" field=""angle_std"" expression=""""/>
  <default applyOnUpdate=""0"" field=""valid_obs"" expression=""""/>
  <default applyOnUpdate=""0"" field=""valid_span"" expression=""""/>
  <default applyOnUpdate=""0"" field=""sce"" expression=""""/>
  <default applyOnUpdate=""0"" field=""nsm"" expression=""""/>
  <default applyOnUpdate=""0"" field=""max_year"" expression=""""/>
  <default applyOnUpdate=""0"" field=""min_year"" expression=""""/>
  <default applyOnUpdate=""0"" field=""certainty"" expression=""""/>
  <default applyOnUpdate=""0"" field=""id_primary"" expression=""""/>
 </defaults>
 <constraints>
  <constraint notnull_strength=""1"" constraints=""7"" exp_strength=""1"" unique_strength=""1"" field=""fid""/>
  <constraint notnull_strength=""0"" constraints=""0"" exp_strength=""0"" unique_strength=""0"" field=""uid""/>
  <constraint notnull_strength=""0"" constraints=""0"" exp_strength=""0"" unique_strength=""0"" field=""rate_time""/>
  <constraint notnull_strength=""0"" constraints=""0"" exp_strength=""0"" unique_strength=""0"" field=""sig_time""/>
  <constraint notnull_strength=""0"" constraints=""0"" exp_strength=""0"" unique_strength=""0"" field=""se_time""/>
  <constraint notnull_strength=""0"" constraints=""0"" exp_strength=""0"" unique_strength=""0"" field=""outl_time""/>
  <constraint notnull_strength=""0"" constraints=""0"" exp_strength=""0"" unique_strength=""0"" field=""dist_1988""/>
  <constraint notnull_strength=""0"" constraints=""0"" exp_strength=""0"" unique_strength=""0"" field=""dist_1989""/>
  <constraint notnull_strength=""0"" constraints=""0"" exp_strength=""0"" unique_strength=""0"" field=""dist_1990""/>
  <constraint notnull_strength=""0"" constraints=""0"" exp_strength=""0"" unique_strength=""0"" field=""dist_1991""/>
  <constraint notnull_strength=""0"" constraints=""0"" exp_strength=""0"" unique_strength=""0"" field=""dist_1992""/>
  <constraint notnull_strength=""0"" constraints=""0"" exp_strength=""0"" unique_strength=""0"" field=""dist_1993""/>
  <constraint notnull_strength=""0"" constraints=""0"" exp_strength=""0"" unique_strength=""0"" field=""dist_1994""/>
  <constraint notnull_strength=""0"" constraints=""0"" exp_strength=""0"" unique_strength=""0"" field=""dist_1995""/>
  <constraint notnull_strength=""0"" constraints=""0"" exp_strength=""0"" unique_strength=""0"" field=""dist_1996""/>
  <constraint notnull_strength=""0"" constraints=""0"" exp_strength=""0"" unique_strength=""0"" field=""dist_1997""/>
  <constraint notnull_strength=""0"" constraints=""0"" exp_strength=""0"" unique_strength=""0"" field=""dist_1998""/>
  <constraint notnull_strength=""0"" constraints=""0"" exp_strength=""0"" unique_strength=""0"" field=""dist_1999""/>
  <constraint notnull_strength=""0"" constraints=""0"" exp_strength=""0"" unique_strength=""0"" field=""dist_2000""/>
  <constraint notnull_strength=""0"" constraints=""0"" exp_strength=""0"" unique_strength=""0"" field=""dist_2001""/>
  <constraint notnull_strength=""0"" constraints=""0"" exp_strength=""0"" unique_strength=""0"" field=""dist_2002""/>
  <constraint notnull_strength=""0"" constraints=""0"" exp_strength=""0"" unique_strength=""0"" field=""dist_2003""/>
  <constraint notnull_strength=""0"" constraints=""0"" exp_strength=""0"" unique_strength=""0"" field=""dist_2004""/>
  <constraint notnull_strength=""0"" constraints=""0"" exp_strength=""0"" unique_strength=""0"" field=""dist_2005""/>
  <constraint notnull_strength=""0"" constraints=""0"" exp_strength=""0"" unique_strength=""0"" field=""dist_2006""/>
  <constraint notnull_strength=""0"" constraints=""0"" exp_strength=""0"" unique_strength=""0"" field=""dist_2007""/>
  <constraint notnull_strength=""0"" constraints=""0"" exp_strength=""0"" unique_strength=""0"" field=""dist_2008""/>
  <constraint notnull_strength=""0"" constraints=""0"" exp_strength=""0"" unique_strength=""0"" field=""dist_2009""/>
  <constraint notnull_strength=""0"" constraints=""0"" exp_strength=""0"" unique_strength=""0"" field=""dist_2010""/>
  <constraint notnull_strength=""0"" constraints=""0"" exp_strength=""0"" unique_strength=""0"" field=""dist_2011""/>
  <constraint notnull_strength=""0"" constraints=""0"" exp_strength=""0"" unique_strength=""0"" field=""dist_2012""/>
  <constraint notnull_strength=""0"" constraints=""0"" exp_strength=""0"" unique_strength=""0"" field=""dist_2013""/>
  <constraint notnull_strength=""0"" constraints=""0"" exp_strength=""0"" unique_strength=""0"" field=""dist_2014""/>
  <constraint notnull_strength=""0"" constraints=""0"" exp_strength=""0"" unique_strength=""0"" field=""dist_2015""/>
  <constraint notnull_strength=""0"" constraints=""0"" exp_strength=""0"" unique_strength=""0"" field=""dist_2016""/>
  <constraint notnull_strength=""0"" constraints=""0"" exp_strength=""0"" unique_strength=""0"" field=""dist_2017""/>
  <constraint notnull_strength=""0"" constraints=""0"" exp_strength=""0"" unique_strength=""0"" field=""dist_2018""/>
  <constraint notnull_strength=""0"" constraints=""0"" exp_strength=""0"" unique_strength=""0"" field=""dist_2019""/>
  <constraint notnull_strength=""0"" constraints=""0"" exp_strength=""0"" unique_strength=""0"" field=""dist_2020""/>
  <constraint notnull_strength=""0"" constraints=""0"" exp_strength=""0"" unique_strength=""0"" field=""dist_2021""/>
  <constraint notnull_strength=""0"" constraints=""0"" exp_strength=""0"" unique_strength=""0"" field=""angle_mean""/>
  <constraint notnull_strength=""0"" constraints=""0"" exp_strength=""0"" unique_strength=""0"" field=""angle_std""/>
  <constraint notnull_strength=""0"" constraints=""0"" exp_strength=""0"" unique_strength=""0"" field=""valid_obs""/>
  <constraint notnull_strength=""0"" constraints=""0"" exp_strength=""0"" unique_strength=""0"" field=""valid_span""/>
  <constraint notnull_strength=""0"" constraints=""0"" exp_strength=""0"" unique_strength=""0"" field=""sce""/>
  <constraint notnull_strength=""0"" constraints=""0"" exp_strength=""0"" unique_strength=""0"" field=""nsm""/>
  <constraint notnull_strength=""0"" constraints=""0"" exp_strength=""0"" unique_strength=""0"" field=""max_year""/>
  <constraint notnull_strength=""0"" constraints=""0"" exp_strength=""0"" unique_strength=""0"" field=""min_year""/>
  <constraint notnull_strength=""0"" constraints=""0"" exp_strength=""0"" unique_strength=""0"" field=""certainty""/>
  <constraint notnull_strength=""0"" constraints=""0"" exp_strength=""0"" unique_strength=""0"" field=""id_primary""/>
 </constraints>
 <constraintExpressions>
  <constraint exp="""" field=""fid"" desc=""""/>
  <constraint exp="""" field=""uid"" desc=""""/>
  <constraint exp="""" field=""rate_time"" desc=""""/>
  <constraint exp="""" field=""sig_time"" desc=""""/>
  <constraint exp="""" field=""se_time"" desc=""""/>
  <constraint exp="""" field=""outl_time"" desc=""""/>
  <constraint exp="""" field=""dist_1988"" desc=""""/>
  <constraint exp="""" field=""dist_1989"" desc=""""/>
  <constraint exp="""" field=""dist_1990"" desc=""""/>
  <constraint exp="""" field=""dist_1991"" desc=""""/>
  <constraint exp="""" field=""dist_1992"" desc=""""/>
  <constraint exp="""" field=""dist_1993"" desc=""""/>
  <constraint exp="""" field=""dist_1994"" desc=""""/>
  <constraint exp="""" field=""dist_1995"" desc=""""/>
  <constraint exp="""" field=""dist_1996"" desc=""""/>
  <constraint exp="""" field=""dist_1997"" desc=""""/>
  <constraint exp="""" field=""dist_1998"" desc=""""/>
  <constraint exp="""" field=""dist_1999"" desc=""""/>
  <constraint exp="""" field=""dist_2000"" desc=""""/>
  <constraint exp="""" field=""dist_2001"" desc=""""/>
  <constraint exp="""" field=""dist_2002"" desc=""""/>
  <constraint exp="""" field=""dist_2003"" desc=""""/>
  <constraint exp="""" field=""dist_2004"" desc=""""/>
  <constraint exp="""" field=""dist_2005"" desc=""""/>
  <constraint exp="""" field=""dist_2006"" desc=""""/>
  <constraint exp="""" field=""dist_2007"" desc=""""/>
  <constraint exp="""" field=""dist_2008"" desc=""""/>
  <constraint exp="""" field=""dist_2009"" desc=""""/>
  <constraint exp="""" field=""dist_2010"" desc=""""/>
  <constraint exp="""" field=""dist_2011"" desc=""""/>
  <constraint exp="""" field=""dist_2012"" desc=""""/>
  <constraint exp="""" field=""dist_2013"" desc=""""/>
  <constraint exp="""" field=""dist_2014"" desc=""""/>
  <constraint exp="""" field=""dist_2015"" desc=""""/>
  <constraint exp="""" field=""dist_2016"" desc=""""/>
  <constraint exp="""" field=""dist_2017"" desc=""""/>
  <constraint exp="""" field=""dist_2018"" desc=""""/>
  <constraint exp="""" field=""dist_2019"" desc=""""/>
  <constraint exp="""" field=""dist_2020"" desc=""""/>
  <constraint exp="""" field=""dist_2021"" desc=""""/>
  <constraint exp="""" field=""angle_mean"" desc=""""/>
  <constraint exp="""" field=""angle_std"" desc=""""/>
  <constraint exp="""" field=""valid_obs"" desc=""""/>
  <constraint exp="""" field=""valid_span"" desc=""""/>
  <constraint exp="""" field=""sce"" desc=""""/>
  <constraint exp="""" field=""nsm"" desc=""""/>
  <constraint exp="""" field=""max_year"" desc=""""/>
  <constraint exp="""" field=""min_year"" desc=""""/>
  <constraint exp="""" field=""certainty"" desc=""""/>
  <constraint exp="""" field=""id_primary"" desc=""""/>
 </constraintExpressions>
 <expressionfields/>
 <attributeactions>
  <defaultAction key=""Canvas"" value=""{00000000-0000-0000-0000-000000000000}""/>
 </attributeactions>
 <attributetableconfig actionWidgetStyle=""dropDown"" sortExpression=""&quot;move_abs&quot;"" sortOrder=""1"">
  <columns>
   <column width=""-1"" type=""actions"" hidden=""1""/>
   <column width=""-1"" type=""field"" name=""rate_time"" hidden=""0""/>
   <column width=""-1"" type=""field"" name=""sig_time"" hidden=""0""/>
   <column width=""-1"" type=""field"" name=""outl_time"" hidden=""0""/>
   <column width=""-1"" type=""field"" name=""se_time"" hidden=""0""/>
   <column width=""-1"" type=""field"" name=""dist_2000"" hidden=""0""/>
   <column width=""-1"" type=""field"" name=""dist_2001"" hidden=""0""/>
   <column width=""-1"" type=""field"" name=""dist_2002"" hidden=""0""/>
   <column width=""-1"" type=""field"" name=""dist_2003"" hidden=""0""/>
   <column width=""-1"" type=""field"" name=""dist_2004"" hidden=""0""/>
   <column width=""-1"" type=""field"" name=""dist_2005"" hidden=""0""/>
   <column width=""-1"" type=""field"" name=""dist_2006"" hidden=""0""/>
   <column width=""-1"" type=""field"" name=""dist_2007"" hidden=""0""/>
   <column width=""-1"" type=""field"" name=""dist_2008"" hidden=""0""/>
   <column width=""-1"" type=""field"" name=""dist_2009"" hidden=""0""/>
   <column width=""-1"" type=""field"" name=""dist_2010"" hidden=""0""/>
   <column width=""-1"" type=""field"" name=""dist_2011"" hidden=""0""/>
   <column width=""-1"" type=""field"" name=""dist_2012"" hidden=""0""/>
   <column width=""-1"" type=""field"" name=""dist_2013"" hidden=""0""/>
   <column width=""-1"" type=""field"" name=""dist_2014"" hidden=""0""/>
   <column width=""-1"" type=""field"" name=""dist_2015"" hidden=""0""/>
   <column width=""-1"" type=""field"" name=""dist_2016"" hidden=""0""/>
   <column width=""-1"" type=""field"" name=""dist_2017"" hidden=""0""/>
   <column width=""-1"" type=""field"" name=""dist_2018"" hidden=""0""/>
   <column width=""-1"" type=""field"" name=""dist_2019"" hidden=""0""/>
   <column width=""-1"" type=""field"" name=""dist_2020"" hidden=""0""/>
   <column width=""-1"" type=""field"" name=""fid"" hidden=""0""/>
   <column width=""-1"" type=""field"" name=""certainty"" hidden=""0""/>
   <column width=""-1"" type=""field"" name=""uid"" hidden=""0""/>
   <column width=""-1"" type=""field"" name=""dist_2021"" hidden=""0""/>
   <column width=""-1"" type=""field"" name=""dist_1988"" hidden=""0""/>
   <column width=""-1"" type=""field"" name=""dist_1989"" hidden=""0""/>
   <column width=""-1"" type=""field"" name=""dist_1990"" hidden=""0""/>
   <column width=""-1"" type=""field"" name=""dist_1991"" hidden=""0""/>
   <column width=""-1"" type=""field"" name=""dist_1992"" hidden=""0""/>
   <column width=""-1"" type=""field"" name=""dist_1993"" hidden=""0""/>
   <column width=""-1"" type=""field"" name=""dist_1994"" hidden=""0""/>
   <column width=""-1"" type=""field"" name=""dist_1995"" hidden=""0""/>
   <column width=""-1"" type=""field"" name=""dist_1996"" hidden=""0""/>
   <column width=""-1"" type=""field"" name=""dist_1997"" hidden=""0""/>
   <column width=""-1"" type=""field"" name=""dist_1998"" hidden=""0""/>
   <column width=""-1"" type=""field"" name=""dist_1999"" hidden=""0""/>
   <column width=""-1"" type=""field"" name=""angle_mean"" hidden=""0""/>
   <column width=""-1"" type=""field"" name=""angle_std"" hidden=""0""/>
   <column width=""-1"" type=""field"" name=""valid_obs"" hidden=""0""/>
   <column width=""-1"" type=""field"" name=""valid_span"" hidden=""0""/>
   <column width=""-1"" type=""field"" name=""sce"" hidden=""0""/>
   <column width=""-1"" type=""field"" name=""nsm"" hidden=""0""/>
   <column width=""-1"" type=""field"" name=""max_year"" hidden=""0""/>
   <column width=""-1"" type=""field"" name=""min_year"" hidden=""0""/>
   <column width=""-1"" type=""field"" name=""id_primary"" hidden=""0""/>
  </columns>
 </attributetableconfig>
 <conditionalstyles>
  <rowstyles/>
  <fieldstyles/>
 </conditionalstyles>
 <storedexpressions/>
 <editform tolerant=""1""></editform>
 <editforminit/>
 <editforminitcodesource>0</editforminitcodesource>
 <editforminitfilepath></editforminitfilepath>
 <editforminitcode><![CDATA[# -*- coding: utf-8 -*-
""""""
QGIS forms can have a Python function that is called when the form is
opened.

Use this function to add extra logic to your forms.

Enter the name of the function in the ""Python Init function""
field.
An example follows:
""""""
from qgis.PyQt.QtWidgets import QWidget

def my_form_open(dialog, layer, feature):
	geom = feature.geometry()
	control = dialog.findChild(QWidget, ""MyLineEdit"")
]]></editforminitcode>
 <featformsuppress>0</featformsuppress>
 <editorlayout>generatedlayout</editorlayout>
 <editable>
  <field name=""1987-01-01"" editable=""1""/>
  <field name=""1988"" editable=""1""/>
  <field name=""1988-01-01"" editable=""1""/>
  <field name=""1989"" editable=""1""/>
  <field name=""1989-01-01"" editable=""1""/>
  <field name=""1990"" editable=""1""/>
  <field name=""1990-01-01"" editable=""1""/>
  <field name=""1991"" editable=""1""/>
  <field name=""1991-01-01"" editable=""1""/>
  <field name=""1992"" editable=""1""/>
  <field name=""1992-01-01"" editable=""1""/>
  <field name=""1993"" editable=""1""/>
  <field name=""1993-01-01"" editable=""1""/>
  <field name=""1994"" editable=""1""/>
  <field name=""1994-01-01"" editable=""1""/>
  <field name=""1995"" editable=""1""/>
  <field name=""1995-01-01"" editable=""1""/>
  <field name=""1996"" editable=""1""/>
  <field name=""1996-01-01"" editable=""1""/>
  <field name=""1997"" editable=""1""/>
  <field name=""1997-01-01"" editable=""1""/>
  <field name=""1998"" editable=""1""/>
  <field name=""1998-01-01"" editable=""1""/>
  <field name=""1999"" editable=""1""/>
  <field name=""1999-01-01"" editable=""1""/>
  <field name=""2000"" editable=""1""/>
  <field name=""2000-01-01"" editable=""1""/>
  <field name=""2001"" editable=""1""/>
  <field name=""2001-01-01"" editable=""1""/>
  <field name=""2002"" editable=""1""/>
  <field name=""2002-01-01"" editable=""1""/>
  <field name=""2003"" editable=""1""/>
  <field name=""2003-01-01"" editable=""1""/>
  <field name=""2004"" editable=""1""/>
  <field name=""2004-01-01"" editable=""1""/>
  <field name=""2005"" editable=""1""/>
  <field name=""2005-01-01"" editable=""1""/>
  <field name=""2006"" editable=""1""/>
  <field name=""2006-01-01"" editable=""1""/>
  <field name=""2007"" editable=""1""/>
  <field name=""2007-01-01"" editable=""1""/>
  <field name=""2008"" editable=""1""/>
  <field name=""2008-01-01"" editable=""1""/>
  <field name=""2009"" editable=""1""/>
  <field name=""2009-01-01"" editable=""1""/>
  <field name=""2010"" editable=""1""/>
  <field name=""2010-01-01"" editable=""1""/>
  <field name=""2011"" editable=""1""/>
  <field name=""2011-01-01"" editable=""1""/>
  <field name=""2012"" editable=""1""/>
  <field name=""2012-01-01"" editable=""1""/>
  <field name=""2013"" editable=""1""/>
  <field name=""2013-01-01"" editable=""1""/>
  <field name=""2014"" editable=""1""/>
  <field name=""2014-01-01"" editable=""1""/>
  <field name=""2015"" editable=""1""/>
  <field name=""2015-01-01"" editable=""1""/>
  <field name=""2016"" editable=""1""/>
  <field name=""2016-01-01"" editable=""1""/>
  <field name=""2017"" editable=""1""/>
  <field name=""2017-01-01"" editable=""1""/>
  <field name=""2018"" editable=""1""/>
  <field name=""2018-01-01"" editable=""1""/>
  <field name=""angle_mean"" editable=""1""/>
  <field name=""angle_std"" editable=""1""/>
  <field name=""breakpoints"" editable=""1""/>
  <field name=""breaks"" editable=""1""/>
  <field name=""certainty"" editable=""1""/>
  <field name=""country"" editable=""1""/>
  <field name=""dist_1988"" editable=""1""/>
  <field name=""dist_1989"" editable=""1""/>
  <field name=""dist_1990"" editable=""1""/>
  <field name=""dist_1991"" editable=""1""/>
  <field name=""dist_1992"" editable=""1""/>
  <field name=""dist_1993"" editable=""1""/>
  <field name=""dist_1994"" editable=""1""/>
  <field name=""dist_1995"" editable=""1""/>
  <field name=""dist_1996"" editable=""1""/>
  <field name=""dist_1997"" editable=""1""/>
  <field name=""dist_1998"" editable=""1""/>
  <field name=""dist_1999"" editable=""1""/>
  <field name=""dist_2000"" editable=""1""/>
  <field name=""dist_2001"" editable=""1""/>
  <field name=""dist_2002"" editable=""1""/>
  <field name=""dist_2003"" editable=""1""/>
  <field name=""dist_2004"" editable=""1""/>
  <field name=""dist_2005"" editable=""1""/>
  <field name=""dist_2006"" editable=""1""/>
  <field name=""dist_2007"" editable=""1""/>
  <field name=""dist_2008"" editable=""1""/>
  <field name=""dist_2009"" editable=""1""/>
  <field name=""dist_2010"" editable=""1""/>
  <field name=""dist_2011"" editable=""1""/>
  <field name=""dist_2012"" editable=""1""/>
  <field name=""dist_2013"" editable=""1""/>
  <field name=""dist_2014"" editable=""1""/>
  <field name=""dist_2015"" editable=""1""/>
  <field name=""dist_2016"" editable=""1""/>
  <field name=""dist_2017"" editable=""1""/>
  <field name=""dist_2018"" editable=""1""/>
  <field name=""dist_2019"" editable=""1""/>
  <field name=""dist_2020"" editable=""1""/>
  <field name=""dist_2021"" editable=""1""/>
  <field name=""eln_outl"" editable=""1""/>
  <field name=""eln_rate"" editable=""1""/>
  <field name=""eln_sig"" editable=""1""/>
  <field name=""fid"" editable=""1""/>
  <field name=""growth"" editable=""1""/>
  <field name=""id_primary"" editable=""1""/>
  <field name=""incpt_IOD"" editable=""1""/>
  <field name=""incpt_IPO"" editable=""1""/>
  <field name=""incpt_PDO"" editable=""1""/>
  <field name=""incpt_SAM"" editable=""1""/>
  <field name=""incpt_SOI"" editable=""1""/>
  <field name=""incpt_tide"" editable=""1""/>
  <field name=""incpt_time"" editable=""1""/>
  <field name=""lan_outl"" editable=""1""/>
  <field name=""lan_rate"" editable=""1""/>
  <field name=""lan_sig"" editable=""1""/>
  <field name=""layer"" editable=""1""/>
  <field name=""max_year"" editable=""1""/>
  <field name=""min_year"" editable=""1""/>
  <field name=""mov_outl"" editable=""1""/>
  <field name=""mov_rate"" editable=""1""/>
  <field name=""mov_sig"" editable=""1""/>
  <field name=""move_abs"" editable=""1""/>
  <field name=""n"" editable=""1""/>
  <field name=""neg_outl"" editable=""1""/>
  <field name=""neg_rate"" editable=""1""/>
  <field name=""neg_sig"" editable=""1""/>
  <field name=""nsm"" editable=""1""/>
  <field name=""orig_ogc_fid"" editable=""1""/>
  <field name=""outl_IOD"" editable=""1""/>
  <field name=""outl_IPO"" editable=""1""/>
  <field name=""outl_PDO"" editable=""1""/>
  <field name=""outl_SAM"" editable=""1""/>
  <field name=""outl_SOI"" editable=""1""/>
  <field name=""outl_soi"" editable=""1""/>
  <field name=""outl_tide"" editable=""1""/>
  <field name=""outl_time"" editable=""1""/>
  <field name=""path"" editable=""1""/>
  <field name=""pos_outl"" editable=""1""/>
  <field name=""pos_rate"" editable=""1""/>
  <field name=""pos_sig"" editable=""1""/>
  <field name=""radius_m"" editable=""1""/>
  <field name=""rate_IOD"" editable=""1""/>
  <field name=""rate_IPO"" editable=""1""/>
  <field name=""rate_PDO"" editable=""1""/>
  <field name=""rate_SAM"" editable=""1""/>
  <field name=""rate_SOI"" editable=""1""/>
  <field name=""rate_soi"" editable=""1""/>
  <field name=""rate_tide"" editable=""1""/>
  <field name=""rate_time"" editable=""1""/>
  <field name=""retreat"" editable=""1""/>
  <field name=""sce"" editable=""1""/>
  <field name=""se_soi"" editable=""1""/>
  <field name=""se_time"" editable=""1""/>
  <field name=""sig_IOD"" editable=""1""/>
  <field name=""sig_IPO"" editable=""1""/>
  <field name=""sig_PDO"" editable=""1""/>
  <field name=""sig_SAM"" editable=""1""/>
  <field name=""sig_SOI"" editable=""1""/>
  <field name=""sig_soi"" editable=""1""/>
  <field name=""sig_tide"" editable=""1""/>
  <field name=""sig_time"" editable=""1""/>
  <field name=""soi_outl"" editable=""1""/>
  <field name=""soi_rate"" editable=""1""/>
  <field name=""soi_sig"" editable=""1""/>
  <field name=""uid"" editable=""1""/>
  <field name=""valid_obs"" editable=""1""/>
  <field name=""valid_span"" editable=""1""/>
  <field name=""wms_s_abs"" editable=""1""/>
  <field name=""wms_s_conf"" editable=""1""/>
  <field name=""wms_s_sig"" editable=""1""/>
  <field name=""wms_t_abs"" editable=""1""/>
  <field name=""wms_t_conf"" editable=""1""/>
  <field name=""wms_t_grew"" editable=""1""/>
  <field name=""wms_t_less"" editable=""1""/>
  <field name=""wms_t_retr"" editable=""1""/>
  <field name=""wms_t_sig"" editable=""1""/>
  <field name=""wms_valobs"" editable=""1""/>
 </editable>
 <labelOnTop>
  <field labelOnTop=""0"" name=""1987-01-01""/>
  <field labelOnTop=""0"" name=""1988""/>
  <field labelOnTop=""0"" name=""1988-01-01""/>
  <field labelOnTop=""0"" name=""1989""/>
  <field labelOnTop=""0"" name=""1989-01-01""/>
  <field labelOnTop=""0"" name=""1990""/>
  <field labelOnTop=""0"" name=""1990-01-01""/>
  <field labelOnTop=""0"" name=""1991""/>
  <field labelOnTop=""0"" name=""1991-01-01""/>
  <field labelOnTop=""0"" name=""1992""/>
  <field labelOnTop=""0"" name=""1992-01-01""/>
  <field labelOnTop=""0"" name=""1993""/>
  <field labelOnTop=""0"" name=""1993-01-01""/>
  <field labelOnTop=""0"" name=""1994""/>
  <field labelOnTop=""0"" name=""1994-01-01""/>
  <field labelOnTop=""0"" name=""1995""/>
  <field labelOnTop=""0"" name=""1995-01-01""/>
  <field labelOnTop=""0"" name=""1996""/>
  <field labelOnTop=""0"" name=""1996-01-01""/>
  <field labelOnTop=""0"" name=""1997""/>
  <field labelOnTop=""0"" name=""1997-01-01""/>
  <field labelOnTop=""0"" name=""1998""/>
  <field labelOnTop=""0"" name=""1998-01-01""/>
  <field labelOnTop=""0"" name=""1999""/>
  <field labelOnTop=""0"" name=""1999-01-01""/>
  <field labelOnTop=""0"" name=""2000""/>
  <field labelOnTop=""0"" name=""2000-01-01""/>
  <field labelOnTop=""0"" name=""2001""/>
  <field labelOnTop=""0"" name=""2001-01-01""/>
  <field labelOnTop=""0"" name=""2002""/>
  <field labelOnTop=""0"" name=""2002-01-01""/>
  <field labelOnTop=""0"" name=""2003""/>
  <field labelOnTop=""0"" name=""2003-01-01""/>
  <field labelOnTop=""0"" name=""2004""/>
  <field labelOnTop=""0"" name=""2004-01-01""/>
  <field labelOnTop=""0"" name=""2005""/>
  <field labelOnTop=""0"" name=""2005-01-01""/>
  <field labelOnTop=""0"" name=""2006""/>
  <field labelOnTop=""0"" name=""2006-01-01""/>
  <field labelOnTop=""0"" name=""2007""/>
  <field labelOnTop=""0"" name=""2007-01-01""/>
  <field labelOnTop=""0"" name=""2008""/>
  <field labelOnTop=""0"" name=""2008-01-01""/>
  <field labelOnTop=""0"" name=""2009""/>
  <field labelOnTop=""0"" name=""2009-01-01""/>
  <field labelOnTop=""0"" name=""2010""/>
  <field labelOnTop=""0"" name=""2010-01-01""/>
  <field labelOnTop=""0"" name=""2011""/>
  <field labelOnTop=""0"" name=""2011-01-01""/>
  <field labelOnTop=""0"" name=""2012""/>
  <field labelOnTop=""0"" name=""2012-01-01""/>
  <field labelOnTop=""0"" name=""2013""/>
  <field labelOnTop=""0"" name=""2013-01-01""/>
  <field labelOnTop=""0"" name=""2014""/>
  <field labelOnTop=""0"" name=""2014-01-01""/>
  <field labelOnTop=""0"" name=""2015""/>
  <field labelOnTop=""0"" name=""2015-01-01""/>
  <field labelOnTop=""0"" name=""2016""/>
  <field labelOnTop=""0"" name=""2016-01-01""/>
  <field labelOnTop=""0"" name=""2017""/>
  <field labelOnTop=""0"" name=""2017-01-01""/>
  <field labelOnTop=""0"" name=""2018""/>
  <field labelOnTop=""0"" name=""2018-01-01""/>
  <field labelOnTop=""0"" name=""angle_mean""/>
  <field labelOnTop=""0"" name=""angle_std""/>
  <field labelOnTop=""0"" name=""breakpoints""/>
  <field labelOnTop=""0"" name=""breaks""/>
  <field labelOnTop=""0"" name=""certainty""/>
  <field labelOnTop=""0"" name=""country""/>
  <field labelOnTop=""0"" name=""dist_1988""/>
  <field labelOnTop=""0"" name=""dist_1989""/>
  <field labelOnTop=""0"" name=""dist_1990""/>
  <field labelOnTop=""0"" name=""dist_1991""/>
  <field labelOnTop=""0"" name=""dist_1992""/>
  <field labelOnTop=""0"" name=""dist_1993""/>
  <field labelOnTop=""0"" name=""dist_1994""/>
  <field labelOnTop=""0"" name=""dist_1995""/>
  <field labelOnTop=""0"" name=""dist_1996""/>
  <field labelOnTop=""0"" name=""dist_1997""/>
  <field labelOnTop=""0"" name=""dist_1998""/>
  <field labelOnTop=""0"" name=""dist_1999""/>
  <field labelOnTop=""0"" name=""dist_2000""/>
  <field labelOnTop=""0"" name=""dist_2001""/>
  <field labelOnTop=""0"" name=""dist_2002""/>
  <field labelOnTop=""0"" name=""dist_2003""/>
  <field labelOnTop=""0"" name=""dist_2004""/>
  <field labelOnTop=""0"" name=""dist_2005""/>
  <field labelOnTop=""0"" name=""dist_2006""/>
  <field labelOnTop=""0"" name=""dist_2007""/>
  <field labelOnTop=""0"" name=""dist_2008""/>
  <field labelOnTop=""0"" name=""dist_2009""/>
  <field labelOnTop=""0"" name=""dist_2010""/>
  <field labelOnTop=""0"" name=""dist_2011""/>
  <field labelOnTop=""0"" name=""dist_2012""/>
  <field labelOnTop=""0"" name=""dist_2013""/>
  <field labelOnTop=""0"" name=""dist_2014""/>
  <field labelOnTop=""0"" name=""dist_2015""/>
  <field labelOnTop=""0"" name=""dist_2016""/>
  <field labelOnTop=""0"" name=""dist_2017""/>
  <field labelOnTop=""0"" name=""dist_2018""/>
  <field labelOnTop=""0"" name=""dist_2019""/>
  <field labelOnTop=""0"" name=""dist_2020""/>
  <field labelOnTop=""0"" name=""dist_2021""/>
  <field labelOnTop=""0"" name=""eln_outl""/>
  <field labelOnTop=""0"" name=""eln_rate""/>
  <field labelOnTop=""0"" name=""eln_sig""/>
  <field labelOnTop=""0"" name=""fid""/>
  <field labelOnTop=""0"" name=""growth""/>
  <field labelOnTop=""0"" name=""id_primary""/>
  <field labelOnTop=""0"" name=""incpt_IOD""/>
  <field labelOnTop=""0"" name=""incpt_IPO""/>
  <field labelOnTop=""0"" name=""incpt_PDO""/>
  <field labelOnTop=""0"" name=""incpt_SAM""/>
  <field labelOnTop=""0"" name=""incpt_SOI""/>
  <field labelOnTop=""0"" name=""incpt_tide""/>
  <field labelOnTop=""0"" name=""incpt_time""/>
  <field labelOnTop=""0"" name=""lan_outl""/>
  <field labelOnTop=""0"" name=""lan_rate""/>
  <field labelOnTop=""0"" name=""lan_sig""/>
  <field labelOnTop=""0"" name=""layer""/>
  <field labelOnTop=""0"" name=""max_year""/>
  <field labelOnTop=""0"" name=""min_year""/>
  <field labelOnTop=""0"" name=""mov_outl""/>
  <field labelOnTop=""0"" name=""mov_rate""/>
  <field labelOnTop=""0"" name=""mov_sig""/>
  <field labelOnTop=""0"" name=""move_abs""/>
  <field labelOnTop=""0"" name=""n""/>
  <field labelOnTop=""0"" name=""neg_outl""/>
  <field labelOnTop=""0"" name=""neg_rate""/>
  <field labelOnTop=""0"" name=""neg_sig""/>
  <field labelOnTop=""0"" name=""nsm""/>
  <field labelOnTop=""0"" name=""orig_ogc_fid""/>
  <field labelOnTop=""0"" name=""outl_IOD""/>
  <field labelOnTop=""0"" name=""outl_IPO""/>
  <field labelOnTop=""0"" name=""outl_PDO""/>
  <field labelOnTop=""0"" name=""outl_SAM""/>
  <field labelOnTop=""0"" name=""outl_SOI""/>
  <field labelOnTop=""0"" name=""outl_soi""/>
  <field labelOnTop=""0"" name=""outl_tide""/>
  <field labelOnTop=""0"" name=""outl_time""/>
  <field labelOnTop=""0"" name=""path""/>
  <field labelOnTop=""0"" name=""pos_outl""/>
  <field labelOnTop=""0"" name=""pos_rate""/>
  <field labelOnTop=""0"" name=""pos_sig""/>
  <field labelOnTop=""0"" name=""radius_m""/>
  <field labelOnTop=""0"" name=""rate_IOD""/>
  <field labelOnTop=""0"" name=""rate_IPO""/>
  <field labelOnTop=""0"" name=""rate_PDO""/>
  <field labelOnTop=""0"" name=""rate_SAM""/>
  <field labelOnTop=""0"" name=""rate_SOI""/>
  <field labelOnTop=""0"" name=""rate_soi""/>
  <field labelOnTop=""0"" name=""rate_tide""/>
  <field labelOnTop=""0"" name=""rate_time""/>
  <field labelOnTop=""0"" name=""retreat""/>
  <field labelOnTop=""0"" name=""sce""/>
  <field labelOnTop=""0"" name=""se_soi""/>
  <field labelOnTop=""0"" name=""se_time""/>
  <field labelOnTop=""0"" name=""sig_IOD""/>
  <field labelOnTop=""0"" name=""sig_IPO""/>
  <field labelOnTop=""0"" name=""sig_PDO""/>
  <field labelOnTop=""0"" name=""sig_SAM""/>
  <field labelOnTop=""0"" name=""sig_SOI""/>
  <field labelOnTop=""0"" name=""sig_soi""/>
  <field labelOnTop=""0"" name=""sig_tide""/>
  <field labelOnTop=""0"" name=""sig_time""/>
  <field labelOnTop=""0"" name=""soi_outl""/>
  <field labelOnTop=""0"" name=""soi_rate""/>
  <field labelOnTop=""0"" name=""soi_sig""/>
  <field labelOnTop=""0"" name=""uid""/>
  <field labelOnTop=""0"" name=""valid_obs""/>
  <field labelOnTop=""0"" name=""valid_span""/>
  <field labelOnTop=""0"" name=""wms_s_abs""/>
  <field labelOnTop=""0"" name=""wms_s_conf""/>
  <field labelOnTop=""0"" name=""wms_s_sig""/>
  <field labelOnTop=""0"" name=""wms_t_abs""/>
  <field labelOnTop=""0"" name=""wms_t_conf""/>
  <field labelOnTop=""0"" name=""wms_t_grew""/>
  <field labelOnTop=""0"" name=""wms_t_less""/>
  <field labelOnTop=""0"" name=""wms_t_retr""/>
  <field labelOnTop=""0"" name=""wms_t_sig""/>
  <field labelOnTop=""0"" name=""wms_valobs""/>
 </labelOnTop>
 <dataDefinedFieldProperties/>
 <widgets/>
 <previewExpression>1987-01-01</previewExpression>
 <mapTip></mapTip>
 <layerGeometryType>0</layerGeometryType>
</qgis>
","<?xml version=""1.0"" encoding=""UTF-8""?>
<StyledLayerDescriptor xmlns=""http://www.opengis.net/sld"" xsi:schemaLocation=""http://www.opengis.net/sld http://schemas.opengis.net/sld/1.1.0/StyledLayerDescriptor.xsd"" xmlns:ogc=""http://www.opengis.net/ogc"" version=""1.1.0"" xmlns:xlink=""http://www.w3.org/1999/xlink"" xmlns:xsi=""http://www.w3.org/2001/XMLSchema-instance"" xmlns:se=""http://www.opengis.net/se"">
 <NamedLayer>
  <se:Name>rates_of_change</se:Name>
  <UserStyle>
   <se:Name>rates_of_change</se:Name>
   <se:FeatureTypeStyle>
    <se:Rule>
     <se:Name>&lt; -5.0 m / year coastline retreat</se:Name>
     <se:Description>
      <se:Title>&lt; -5.0 m / year coastline retreat</se:Title>
     </se:Description>
     <ogc:Filter xmlns:ogc=""http://www.opengis.net/ogc"">
      <ogc:And>
       <ogc:PropertyIsGreaterThanOrEqualTo>
        <ogc:PropertyName>if(  (""sig_time"" &lt;=0.01) AND (""certainty"" = 'good'), rate_time, 0)</ogc:PropertyName>
        <ogc:Literal>-50</ogc:Literal>
       </ogc:PropertyIsGreaterThanOrEqualTo>
       <ogc:PropertyIsLessThanOrEqualTo>
        <ogc:PropertyName>if(  (""sig_time"" &lt;=0.01) AND (""certainty"" = 'good'), rate_time, 0)</ogc:PropertyName>
        <ogc:Literal>-5</ogc:Literal>
       </ogc:PropertyIsLessThanOrEqualTo>
      </ogc:And>
     </ogc:Filter>
     <se:PointSymbolizer>
      <se:Graphic>
       <se:Mark>
        <se:WellKnownName>circle</se:WellKnownName>
        <se:Fill>
         <se:SvgParameter name=""fill"">#bd0020</se:SvgParameter>
        </se:Fill>
        <se:Stroke>
         <se:SvgParameter name=""stroke"">#ffffff</se:SvgParameter>
         <se:SvgParameter name=""stroke-opacity"">0</se:SvgParameter>
         <se:SvgParameter name=""stroke-width"">0.5</se:SvgParameter>
        </se:Stroke>
       </se:Mark>
       <se:Size>11</se:Size>
      </se:Graphic>
     </se:PointSymbolizer>
    </se:Rule>
    <se:Rule>
     <se:Name>   -5.0 to -3.0 m / year</se:Name>
     <se:Description>
      <se:Title>   -5.0 to -3.0 m / year</se:Title>
     </se:Description>
     <ogc:Filter xmlns:ogc=""http://www.opengis.net/ogc"">
      <ogc:And>
       <ogc:PropertyIsGreaterThan>
        <ogc:PropertyName>if(  (""sig_time"" &lt;=0.01) AND (""certainty"" = 'good'), rate_time, 0)</ogc:PropertyName>
        <ogc:Literal>-5</ogc:Literal>
       </ogc:PropertyIsGreaterThan>
       <ogc:PropertyIsLessThanOrEqualTo>
        <ogc:PropertyName>if(  (""sig_time"" &lt;=0.01) AND (""certainty"" = 'good'), rate_time, 0)</ogc:PropertyName>
        <ogc:Literal>-3</ogc:Literal>
       </ogc:PropertyIsLessThanOrEqualTo>
      </ogc:And>
     </ogc:Filter>
     <se:PointSymbolizer>
      <se:Graphic>
       <se:Mark>
        <se:WellKnownName>circle</se:WellKnownName>
        <se:Fill>
         <se:SvgParameter name=""fill"">#ca0020</se:SvgParameter>
        </se:Fill>
        <se:Stroke>
         <se:SvgParameter name=""stroke"">#ffffff</se:SvgParameter>
         <se:SvgParameter name=""stroke-opacity"">0</se:SvgParameter>
         <se:SvgParameter name=""stroke-width"">0.5</se:SvgParameter>
        </se:Stroke>
       </se:Mark>
       <se:Size>10</se:Size>
      </se:Graphic>
     </se:PointSymbolizer>
    </se:Rule>
    <se:Rule>
     <se:Name>   -3.0 to -1.0 m / year</se:Name>
     <se:Description>
      <se:Title>   -3.0 to -1.0 m / year</se:Title>
     </se:Description>
     <ogc:Filter xmlns:ogc=""http://www.opengis.net/ogc"">
      <ogc:And>
       <ogc:PropertyIsGreaterThan>
        <ogc:PropertyName>if(  (""sig_time"" &lt;=0.01) AND (""certainty"" = 'good'), rate_time, 0)</ogc:PropertyName>
        <ogc:Literal>-3</ogc:Literal>
       </ogc:PropertyIsGreaterThan>
       <ogc:PropertyIsLessThanOrEqualTo>
        <ogc:PropertyName>if(  (""sig_time"" &lt;=0.01) AND (""certainty"" = 'good'), rate_time, 0)</ogc:PropertyName>
        <ogc:Literal>-1</ogc:Literal>
       </ogc:PropertyIsLessThanOrEqualTo>
      </ogc:And>
     </ogc:Filter>
     <se:PointSymbolizer>
      <se:Graphic>
       <se:Mark>
        <se:WellKnownName>circle</se:WellKnownName>
        <se:Fill>
         <se:SvgParameter name=""fill"">#da3c43</se:SvgParameter>
        </se:Fill>
        <se:Stroke>
         <se:SvgParameter name=""stroke"">#ffffff</se:SvgParameter>
         <se:SvgParameter name=""stroke-opacity"">0</se:SvgParameter>
         <se:SvgParameter name=""stroke-width"">0.5</se:SvgParameter>
        </se:Stroke>
       </se:Mark>
       <se:Size>9</se:Size>
      </se:Graphic>
     </se:PointSymbolizer>
    </se:Rule>
    <se:Rule>
     <se:Name>   -1.0 to -0.5 m / year</se:Name>
     <se:Description>
      <se:Title>   -1.0 to -0.5 m / year</se:Title>
     </se:Description>
     <ogc:Filter xmlns:ogc=""http://www.opengis.net/ogc"">
      <ogc:And>
       <ogc:PropertyIsGreaterThan>
        <ogc:PropertyName>if(  (""sig_time"" &lt;=0.01) AND (""certainty"" = 'good'), rate_time, 0)</ogc:PropertyName>
        <ogc:Literal>-1</ogc:Literal>
       </ogc:PropertyIsGreaterThan>
       <ogc:PropertyIsLessThanOrEqualTo>
        <ogc:PropertyName>if(  (""sig_time"" &lt;=0.01) AND (""certainty"" = 'good'), rate_time, 0)</ogc:PropertyName>
        <ogc:Literal>-0.5</ogc:Literal>
       </ogc:PropertyIsLessThanOrEqualTo>
      </ogc:And>
     </ogc:Filter>
     <se:PointSymbolizer>
      <se:Graphic>
       <se:Mark>
        <se:WellKnownName>circle</se:WellKnownName>
        <se:Fill>
         <se:SvgParameter name=""fill"">#e97867</se:SvgParameter>
        </se:Fill>
        <se:Stroke>
         <se:SvgParameter name=""stroke"">#ffffff</se:SvgParameter>
         <se:SvgParameter name=""stroke-opacity"">0</se:SvgParameter>
         <se:SvgParameter name=""stroke-width"">0.5</se:SvgParameter>
        </se:Stroke>
       </se:Mark>
       <se:Size>7</se:Size>
      </se:Graphic>
     </se:PointSymbolizer>
    </se:Rule>
    <se:Rule>
     <se:Name>   -0.5 to -0.3 m / year</se:Name>
     <se:Description>
      <se:Title>   -0.5 to -0.3 m / year</se:Title>
     </se:Description>
     <ogc:Filter xmlns:ogc=""http://www.opengis.net/ogc"">
      <ogc:And>
       <ogc:PropertyIsGreaterThan>
        <ogc:PropertyName>if(  (""sig_time"" &lt;=0.01) AND (""certainty"" = 'good'), rate_time, 0)</ogc:PropertyName>
        <ogc:Literal>-0.5</ogc:Literal>
       </ogc:PropertyIsGreaterThan>
       <ogc:PropertyIsLessThanOrEqualTo>
        <ogc:PropertyName>if(  (""sig_time"" &lt;=0.01) AND (""certainty"" = 'good'), rate_time, 0)</ogc:PropertyName>
        <ogc:Literal>-0.29999999999999999</ogc:Literal>
       </ogc:PropertyIsLessThanOrEqualTo>
      </ogc:And>
     </ogc:Filter>
     <se:PointSymbolizer>
      <se:Graphic>
       <se:Mark>
        <se:WellKnownName>circle</se:WellKnownName>
        <se:Fill>
         <se:SvgParameter name=""fill"">#f5ad8d</se:SvgParameter>
        </se:Fill>
        <se:Stroke>
         <se:SvgParameter name=""stroke"">#ffffff</se:SvgParameter>
         <se:SvgParameter name=""stroke-opacity"">0</se:SvgParameter>
         <se:SvgParameter name=""stroke-width"">0.5</se:SvgParameter>
        </se:Stroke>
       </se:Mark>
       <se:Size>6</se:Size>
      </se:Graphic>
     </se:PointSymbolizer>
    </se:Rule>
    <se:Rule>
     <se:Name>   -0.3 to -0.15 m / year</se:Name>
     <se:Description>
      <se:Title>   -0.3 to -0.15 m / year</se:Title>
     </se:Description>
     <ogc:Filter xmlns:ogc=""http://www.opengis.net/ogc"">
      <ogc:And>
       <ogc:PropertyIsGreaterThan>
        <ogc:PropertyName>if(  (""sig_time"" &lt;=0.01) AND (""certainty"" = 'good'), rate_time, 0)</ogc:PropertyName>
        <ogc:Literal>-0.29999999999999999</ogc:Literal>
       </ogc:PropertyIsGreaterThan>
       <ogc:PropertyIsLessThanOrEqualTo>
        <ogc:PropertyName>if(  (""sig_time"" &lt;=0.01) AND (""certainty"" = 'good'), rate_time, 0)</ogc:PropertyName>
        <ogc:Literal>-0.14999999999999999</ogc:Literal>
       </ogc:PropertyIsLessThanOrEqualTo>
      </ogc:And>
     </ogc:Filter>
     <se:PointSymbolizer>
      <se:Graphic>
       <se:Mark>
        <se:WellKnownName>circle</se:WellKnownName>
        <se:Fill>
         <se:SvgParameter name=""fill"">#f6cbb7</se:SvgParameter>
        </se:Fill>
        <se:Stroke>
         <se:SvgParameter name=""stroke"">#ffffff</se:SvgParameter>
         <se:SvgParameter name=""stroke-opacity"">0</se:SvgParameter>
         <se:SvgParameter name=""stroke-width"">0.5</se:SvgParameter>
        </se:Stroke>
       </se:Mark>
       <se:Size>5</se:Size>
      </se:Graphic>
     </se:PointSymbolizer>
    </se:Rule>
    <se:Rule>
     <se:Name>   -0.15 m to 0 m / year</se:Name>
     <se:Description>
      <se:Title>   -0.15 m to 0 m / year</se:Title>
     </se:Description>
     <ogc:Filter xmlns:ogc=""http://www.opengis.net/ogc"">
      <ogc:And>
       <ogc:PropertyIsGreaterThan>
        <ogc:PropertyName>if(  (""sig_time"" &lt;=0.01) AND (""certainty"" = 'good'), rate_time, 0)</ogc:PropertyName>
        <ogc:Literal>-0.14999999999999999</ogc:Literal>
       </ogc:PropertyIsGreaterThan>
       <ogc:PropertyIsLessThanOrEqualTo>
        <ogc:PropertyName>if(  (""sig_time"" &lt;=0.01) AND (""certainty"" = 'good'), rate_time, 0)</ogc:PropertyName>
        <ogc:Literal>-0.01</ogc:Literal>
       </ogc:PropertyIsLessThanOrEqualTo>
      </ogc:And>
     </ogc:Filter>
     <se:PointSymbolizer>
      <se:Graphic>
       <se:Mark>
        <se:WellKnownName>circle</se:WellKnownName>
        <se:Fill>
         <se:SvgParameter name=""fill"">#f7e8e2</se:SvgParameter>
        </se:Fill>
        <se:Stroke>
         <se:SvgParameter name=""stroke"">#ffffff</se:SvgParameter>
         <se:SvgParameter name=""stroke-opacity"">0</se:SvgParameter>
         <se:SvgParameter name=""stroke-width"">0.5</se:SvgParameter>
        </se:Stroke>
       </se:Mark>
       <se:Size>4</se:Size>
      </se:Graphic>
     </se:PointSymbolizer>
    </se:Rule>
    <se:Rule>
     <se:Name>No significant change or low certainty</se:Name>
     <se:Description>
      <se:Title>No significant change or low certainty</se:Title>
     </se:Description>
     <ogc:Filter xmlns:ogc=""http://www.opengis.net/ogc"">
      <ogc:And>
       <ogc:PropertyIsGreaterThan>
        <ogc:PropertyName>if(  (""sig_time"" &lt;=0.01) AND (""certainty"" = 'good'), rate_time, 0)</ogc:PropertyName>
        <ogc:Literal>-0.01</ogc:Literal>
       </ogc:PropertyIsGreaterThan>
       <ogc:PropertyIsLessThanOrEqualTo>
        <ogc:PropertyName>if(  (""sig_time"" &lt;=0.01) AND (""certainty"" = 'good'), rate_time, 0)</ogc:PropertyName>
        <ogc:Literal>0.01</ogc:Literal>
       </ogc:PropertyIsLessThanOrEqualTo>
      </ogc:And>
     </ogc:Filter>
     <se:PointSymbolizer>
      <se:Graphic>
       <se:Mark>
        <se:WellKnownName>circle</se:WellKnownName>
        <se:Fill>
         <se:SvgParameter name=""fill"">#ffffff</se:SvgParameter>
        </se:Fill>
        <se:Stroke>
         <se:SvgParameter name=""stroke"">#ffffff</se:SvgParameter>
         <se:SvgParameter name=""stroke-opacity"">0.35</se:SvgParameter>
         <se:SvgParameter name=""stroke-width"">0.5</se:SvgParameter>
        </se:Stroke>
       </se:Mark>
       <se:Size>2</se:Size>
      </se:Graphic>
     </se:PointSymbolizer>
    </se:Rule>
    <se:Rule>
     <se:Name>    0.0 to 0.15 m / year</se:Name>
     <se:Description>
      <se:Title>    0.0 to 0.15 m / year</se:Title>
     </se:Description>
     <ogc:Filter xmlns:ogc=""http://www.opengis.net/ogc"">
      <ogc:And>
       <ogc:PropertyIsGreaterThan>
        <ogc:PropertyName>if(  (""sig_time"" &lt;=0.01) AND (""certainty"" = 'good'), rate_time, 0)</ogc:PropertyName>
        <ogc:Literal>0.01</ogc:Literal>
       </ogc:PropertyIsGreaterThan>
       <ogc:PropertyIsLessThanOrEqualTo>
        <ogc:PropertyName>if(  (""sig_time"" &lt;=0.01) AND (""certainty"" = 'good'), rate_time, 0)</ogc:PropertyName>
        <ogc:Literal>0.14999999999999999</ogc:Literal>
       </ogc:PropertyIsLessThanOrEqualTo>
      </ogc:And>
     </ogc:Filter>
     <se:PointSymbolizer>
      <se:Graphic>
       <se:Mark>
        <se:WellKnownName>circle</se:WellKnownName>
        <se:Fill>
         <se:SvgParameter name=""fill"">#e5eef3</se:SvgParameter>
        </se:Fill>
        <se:Stroke>
         <se:SvgParameter name=""stroke"">#ffffff</se:SvgParameter>
         <se:SvgParameter name=""stroke-opacity"">0</se:SvgParameter>
         <se:SvgParameter name=""stroke-width"">0.5</se:SvgParameter>
        </se:Stroke>
       </se:Mark>
       <se:Size>4</se:Size>
      </se:Graphic>
     </se:PointSymbolizer>
    </se:Rule>
    <se:Rule>
     <se:Name>    0.15 to 0.3 m / year</se:Name>
     <se:Description>
      <se:Title>    0.15 to 0.3 m / year</se:Title>
     </se:Description>
     <ogc:Filter xmlns:ogc=""http://www.opengis.net/ogc"">
      <ogc:And>
       <ogc:PropertyIsGreaterThan>
        <ogc:PropertyName>if(  (""sig_time"" &lt;=0.01) AND (""certainty"" = 'good'), rate_time, 0)</ogc:PropertyName>
        <ogc:Literal>0.14999999999999999</ogc:Literal>
       </ogc:PropertyIsGreaterThan>
       <ogc:PropertyIsLessThanOrEqualTo>
        <ogc:PropertyName>if(  (""sig_time"" &lt;=0.01) AND (""certainty"" = 'good'), rate_time, 0)</ogc:PropertyName>
        <ogc:Literal>0.29999999999999999</ogc:Literal>
       </ogc:PropertyIsLessThanOrEqualTo>
      </ogc:And>
     </ogc:Filter>
     <se:PointSymbolizer>
      <se:Graphic>
       <se:Mark>
        <se:WellKnownName>circle</se:WellKnownName>
        <se:Fill>
         <se:SvgParameter name=""fill"">#c0dcea</se:SvgParameter>
        </se:Fill>
        <se:Stroke>
         <se:SvgParameter name=""stroke"">#ffffff</se:SvgParameter>
         <se:SvgParameter name=""stroke-opacity"">0</se:SvgParameter>
         <se:SvgParameter name=""stroke-width"">0.5</se:SvgParameter>
        </se:Stroke>
       </se:Mark>
       <se:Size>5</se:Size>
      </se:Graphic>
     </se:PointSymbolizer>
    </se:Rule>
    <se:Rule>
     <se:Name>    0.3 to 0.5 m / year</se:Name>
     <se:Description>
      <se:Title>    0.3 to 0.5 m / year</se:Title>
     </se:Description>
     <ogc:Filter xmlns:ogc=""http://www.opengis.net/ogc"">
      <ogc:And>
       <ogc:PropertyIsGreaterThan>
        <ogc:PropertyName>if(  (""sig_time"" &lt;=0.01) AND (""certainty"" = 'good'), rate_time, 0)</ogc:PropertyName>
        <ogc:Literal>0.29999999999999999</ogc:Literal>
       </ogc:PropertyIsGreaterThan>
       <ogc:PropertyIsLessThanOrEqualTo>
        <ogc:PropertyName>if(  (""sig_time"" &lt;=0.01) AND (""certainty"" = 'good'), rate_time, 0)</ogc:PropertyName>
        <ogc:Literal>0.5</ogc:Literal>
       </ogc:PropertyIsLessThanOrEqualTo>
      </ogc:And>
     </ogc:Filter>
     <se:PointSymbolizer>
      <se:Graphic>
       <se:Mark>
        <se:WellKnownName>circle</se:WellKnownName>
        <se:Fill>
         <se:SvgParameter name=""fill"">#9bcae1</se:SvgParameter>
        </se:Fill>
        <se:Stroke>
         <se:SvgParameter name=""stroke"">#ffffff</se:SvgParameter>
         <se:SvgParameter name=""stroke-opacity"">0</se:SvgParameter>
         <se:SvgParameter name=""stroke-width"">0.5</se:SvgParameter>
        </se:Stroke>
       </se:Mark>
       <se:Size>6</se:Size>
      </se:Graphic>
     </se:PointSymbolizer>
    </se:Rule>
    <se:Rule>
     <se:Name>    0.5 to 1.0 m / year</se:Name>
     <se:Description>
      <se:Title>    0.5 to 1.0 m / year</se:Title>
     </se:Description>
     <ogc:Filter xmlns:ogc=""http://www.opengis.net/ogc"">
      <ogc:And>
       <ogc:PropertyIsGreaterThan>
        <ogc:PropertyName>if(  (""sig_time"" &lt;=0.01) AND (""certainty"" = 'good'), rate_time, 0)</ogc:PropertyName>
        <ogc:Literal>0.5</ogc:Literal>
       </ogc:PropertyIsGreaterThan>
       <ogc:PropertyIsLessThanOrEqualTo>
        <ogc:PropertyName>if(  (""sig_time"" &lt;=0.01) AND (""certainty"" = 'good'), rate_time, 0)</ogc:PropertyName>
        <ogc:Literal>1</ogc:Literal>
       </ogc:PropertyIsLessThanOrEqualTo>
      </ogc:And>
     </ogc:Filter>
     <se:PointSymbolizer>
      <se:Graphic>
       <se:Mark>
        <se:WellKnownName>circle</se:WellKnownName>
        <se:Fill>
         <se:SvgParameter name=""fill"">#6baed2</se:SvgParameter>
        </se:Fill>
        <se:Stroke>
         <se:SvgParameter name=""stroke"">#ffffff</se:SvgParameter>
         <se:SvgParameter name=""stroke-opacity"">0</se:SvgParameter>
         <se:SvgParameter name=""stroke-width"">0.5</se:SvgParameter>
        </se:Stroke>
       </se:Mark>
       <se:Size>7</se:Size>
      </se:Graphic>
     </se:PointSymbolizer>
    </se:Rule>
    <se:Rule>
     <se:Name>    1.0 to 3.0 m / year</se:Name>
     <se:Description>
      <se:Title>    1.0 to 3.0 m / year</se:Title>
     </se:Description>
     <ogc:Filter xmlns:ogc=""http://www.opengis.net/ogc"">
      <ogc:And>
       <ogc:PropertyIsGreaterThan>
        <ogc:PropertyName>if(  (""sig_time"" &lt;=0.01) AND (""certainty"" = 'good'), rate_time, 0)</ogc:PropertyName>
        <ogc:Literal>1</ogc:Literal>
       </ogc:PropertyIsGreaterThan>
       <ogc:PropertyIsLessThanOrEqualTo>
        <ogc:PropertyName>if(  (""sig_time"" &lt;=0.01) AND (""certainty"" = 'good'), rate_time, 0)</ogc:PropertyName>
        <ogc:Literal>3</ogc:Literal>
       </ogc:PropertyIsLessThanOrEqualTo>
      </ogc:And>
     </ogc:Filter>
     <se:PointSymbolizer>
      <se:Graphic>
       <se:Mark>
        <se:WellKnownName>circle</se:WellKnownName>
        <se:Fill>
         <se:SvgParameter name=""fill"">#3890c1</se:SvgParameter>
        </se:Fill>
        <se:Stroke>
         <se:SvgParameter name=""stroke"">#ffffff</se:SvgParameter>
         <se:SvgParameter name=""stroke-opacity"">0</se:SvgParameter>
         <se:SvgParameter name=""stroke-width"">0.5</se:SvgParameter>
        </se:Stroke>
       </se:Mark>
       <se:Size>9</se:Size>
      </se:Graphic>
     </se:PointSymbolizer>
    </se:Rule>
    <se:Rule>
     <se:Name>    3.0 to 5.0 m / year</se:Name>
     <se:Description>
      <se:Title>    3.0 to 5.0 m / year</se:Title>
     </se:Description>
     <ogc:Filter xmlns:ogc=""http://www.opengis.net/ogc"">
      <ogc:And>
       <ogc:PropertyIsGreaterThan>
        <ogc:PropertyName>if(  (""sig_time"" &lt;=0.01) AND (""certainty"" = 'good'), rate_time, 0)</ogc:PropertyName>
        <ogc:Literal>3</ogc:Literal>
       </ogc:PropertyIsGreaterThan>
       <ogc:PropertyIsLessThanOrEqualTo>
        <ogc:PropertyName>if(  (""sig_time"" &lt;=0.01) AND (""certainty"" = 'good'), rate_time, 0)</ogc:PropertyName>
        <ogc:Literal>5</ogc:Literal>
       </ogc:PropertyIsLessThanOrEqualTo>
      </ogc:And>
     </ogc:Filter>
     <se:PointSymbolizer>
      <se:Graphic>
       <se:Mark>
        <se:WellKnownName>circle</se:WellKnownName>
        <se:Fill>
         <se:SvgParameter name=""fill"">#0571b0</se:SvgParameter>
        </se:Fill>
        <se:Stroke>
         <se:SvgParameter name=""stroke"">#ffffff</se:SvgParameter>
         <se:SvgParameter name=""stroke-opacity"">0</se:SvgParameter>
         <se:SvgParameter name=""stroke-width"">0.5</se:SvgParameter>
        </se:Stroke>
       </se:Mark>
       <se:Size>10</se:Size>
      </se:Graphic>
     </se:PointSymbolizer>
    </se:Rule>
    <se:Rule>
     <se:Name> > 5.0 m / year coastline growth</se:Name>
     <se:Description>
      <se:Title> > 5.0 m / year coastline growth</se:Title>
     </se:Description>
     <ogc:Filter xmlns:ogc=""http://www.opengis.net/ogc"">
      <ogc:And>
       <ogc:PropertyIsGreaterThan>
        <ogc:PropertyName>if(  (""sig_time"" &lt;=0.01) AND (""certainty"" = 'good'), rate_time, 0)</ogc:PropertyName>
        <ogc:Literal>5</ogc:Literal>
       </ogc:PropertyIsGreaterThan>
       <ogc:PropertyIsLessThanOrEqualTo>
        <ogc:PropertyName>if(  (""sig_time"" &lt;=0.01) AND (""certainty"" = 'good'), rate_time, 0)</ogc:PropertyName>
        <ogc:Literal>50</ogc:Literal>
       </ogc:PropertyIsLessThanOrEqualTo>
      </ogc:And>
     </ogc:Filter>
     <se:PointSymbolizer>
      <se:Graphic>
       <se:Mark>
        <se:WellKnownName>circle</se:WellKnownName>
        <se:Fill>
         <se:SvgParameter name=""fill"">#0469a3</se:SvgParameter>
        </se:Fill>
        <se:Stroke>
         <se:SvgParameter name=""stroke"">#ffffff</se:SvgParameter>
         <se:SvgParameter name=""stroke-opacity"">0</se:SvgParameter>
         <se:SvgParameter name=""stroke-width"">0.5</se:SvgParameter>
        </se:Stroke>
       </se:Mark>
       <se:Size>11</se:Size>
      </se:Graphic>
     </se:PointSymbolizer>
    </se:Rule>
    <se:Rule>
     <se:TextSymbolizer>
      <se:Label>
       <!--SE Export for if(sig_time <= 0.01 AND certainty = 'good' AND abs(rate_time) >= 0.3, concat(format_number(rate_time, 1, NULL), ' m (±', format_number(se_time * 1.96, 1, NULL), ')'), NULL) not implemented yet-->Placeholder</se:Label>
      <se:Font>
       <se:SvgParameter name=""font-family"">MS Shell Dlg 2</se:SvgParameter>
       <se:SvgParameter name=""font-size"">9</se:SvgParameter>
      </se:Font>
      <se:LabelPlacement>
       <se:PointPlacement>
        <se:AnchorPoint>
         <se:AnchorPointX>1</se:AnchorPointX>
         <se:AnchorPointY>0.5</se:AnchorPointY>
        </se:AnchorPoint>
       </se:PointPlacement>
      </se:LabelPlacement>
      <se:Halo>
       <se:Radius>1.5</se:Radius>
       <se:Fill>
        <se:SvgParameter name=""fill"">#000000</se:SvgParameter>
        <se:SvgParameter name=""fill-opacity"">0.5</se:SvgParameter>
       </se:Fill>
      </se:Halo>
      <se:Fill>
       <se:SvgParameter name=""fill"">#ffffff</se:SvgParameter>
      </se:Fill>
      <se:Priority>100</se:Priority>
     </se:TextSymbolizer>
    </se:Rule>
   </se:FeatureTypeStyle>
  </UserStyle>
 </NamedLayer>
</StyledLayerDescriptor>
",1,Wed Oct 19 11:01:04 2022,,,2022-06-02T07:16:19+00:00
,,shorelines_annual,geom,shorelines_annual,"<!DOCTYPE qgis PUBLIC 'http://mrcc.com/qgis.dtd' 'SYSTEM'>
<qgis styleCategories=""AllStyleCategories"" labelsEnabled=""1"" simplifyDrawingHints=""1"" simplifyDrawingTol=""1"" readOnly=""0"" autoRefreshMode=""Disabled"" simplifyLocal=""1"" hasScaleBasedVisibilityFlag=""1"" minScale=""25000"" simplifyAlgorithm=""0"" autoRefreshTime=""0"" simplifyMaxScale=""1"" version=""3.42.2-Münster"" symbologyReferenceScale=""-1"" maxScale=""0"">
 <flags>
  <Identifiable>1</Identifiable>
  <Removable>1</Removable>
  <Searchable>1</Searchable>
  <Private>0</Private>
 </flags>
 <temporal limitMode=""0"" startField="""" enabled=""0"" mode=""0"" durationField="""" endExpression="""" startExpression="""" durationUnit=""min"" accumulate=""0"" fixedDuration=""0"" endField="""">
  <fixedRange>
   <start></start>
   <end></end>
  </fixedRange>
 </temporal>
 <elevation extrusion=""0"" type=""IndividualFeatures"" clamping=""Terrain"" customToleranceEnabled=""0"" showMarkerSymbolInSurfacePlots=""0"" zscale=""1"" extrusionEnabled=""0"" binding=""Centroid"" symbology=""Line"" respectLayerSymbol=""1"" zoffset=""0"">
  <data-defined-properties>
   <Option type=""Map"">
    <Option name=""name"" type=""QString"" value=""""/>
    <Option name=""properties""/>
    <Option name=""type"" type=""QString"" value=""collection""/>
   </Option>
  </data-defined-properties>
  <profileLineSymbol>
   <symbol name="""" type=""line"" alpha=""1"" is_animated=""0"" clip_to_extent=""1"" force_rhr=""0"" frame_rate=""10"">
    <data_defined_properties>
     <Option type=""Map"">
      <Option name=""name"" type=""QString"" value=""""/>
      <Option name=""properties""/>
      <Option name=""type"" type=""QString"" value=""collection""/>
     </Option>
    </data_defined_properties>
    <layer locked=""0"" enabled=""1"" id=""{61ec4960-8dd0-413b-abd3-38b709b229ca}"" class=""SimpleLine"" pass=""0"">
     <Option type=""Map"">
      <Option name=""align_dash_pattern"" type=""QString"" value=""0""/>
      <Option name=""capstyle"" type=""QString"" value=""square""/>
      <Option name=""customdash"" type=""QString"" value=""5;2""/>
      <Option name=""customdash_map_unit_scale"" type=""QString"" value=""3x:0,0,0,0,0,0""/>
      <Option name=""customdash_unit"" type=""QString"" value=""MM""/>
      <Option name=""dash_pattern_offset"" type=""QString"" value=""0""/>
      <Option name=""dash_pattern_offset_map_unit_scale"" type=""QString"" value=""3x:0,0,0,0,0,0""/>
      <Option name=""dash_pattern_offset_unit"" type=""QString"" value=""MM""/>
      <Option name=""draw_inside_polygon"" type=""QString"" value=""0""/>
      <Option name=""joinstyle"" type=""QString"" value=""bevel""/>
      <Option name=""line_color"" type=""QString"" value=""243,166,178,255,rgb:0.95294117647058818,0.65098039215686276,0.69803921568627447,1""/>
      <Option name=""line_style"" type=""QString"" value=""solid""/>
      <Option name=""line_width"" type=""QString"" value=""0.6""/>
      <Option name=""line_width_unit"" type=""QString"" value=""MM""/>
      <Option name=""offset"" type=""QString"" value=""0""/>
      <Option name=""offset_map_unit_scale"" type=""QString"" value=""3x:0,0,0,0,0,0""/>
      <Option name=""offset_unit"" type=""QString"" value=""MM""/>
      <Option name=""ring_filter"" type=""QString"" value=""0""/>
      <Option name=""trim_distance_end"" type=""QString"" value=""0""/>
      <Option name=""trim_distance_end_map_unit_scale"" type=""QString"" value=""3x:0,0,0,0,0,0""/>
      <Option name=""trim_distance_end_unit"" type=""QString"" value=""MM""/>
      <Option name=""trim_distance_start"" type=""QString"" value=""0""/>
      <Option name=""trim_distance_start_map_unit_scale"" type=""QString"" value=""3x:0,0,0,0,0,0""/>
      <Option name=""trim_distance_start_unit"" type=""QString"" value=""MM""/>
      <Option name=""tweak_dash_pattern_on_corners"" type=""QString"" value=""0""/>
      <Option name=""use_custom_dash"" type=""QString"" value=""0""/>
      <Option name=""width_map_unit_scale"" type=""QString"" value=""3x:0,0,0,0,0,0""/>
     </Option>
     <data_defined_properties>
      <Option type=""Map"">
       <Option name=""name"" type=""QString"" value=""""/>
       <Option name=""properties""/>
       <Option name=""type"" type=""QString"" value=""collection""/>
      </Option>
     </data_defined_properties>
    </layer>
   </symbol>
  </profileLineSymbol>
  <profileFillSymbol>
   <symbol name="""" type=""fill"" alpha=""1"" is_animated=""0"" clip_to_extent=""1"" force_rhr=""0"" frame_rate=""10"">
    <data_defined_properties>
     <Option type=""Map"">
      <Option name=""name"" type=""QString"" value=""""/>
      <Option name=""properties""/>
      <Option name=""type"" type=""QString"" value=""collection""/>
     </Option>
    </data_defined_properties>
    <layer locked=""0"" enabled=""1"" id=""{5d87cf1b-a21b-44d6-9ce3-317a3f9f6057}"" class=""SimpleFill"" pass=""0"">
     <Option type=""Map"">
      <Option name=""border_width_map_unit_scale"" type=""QString"" value=""3x:0,0,0,0,0,0""/>
      <Option name=""color"" type=""QString"" value=""243,166,178,255,rgb:0.95294117647058818,0.65098039215686276,0.69803921568627447,1""/>
      <Option name=""joinstyle"" type=""QString"" value=""bevel""/>
      <Option name=""offset"" type=""QString"" value=""0,0""/>
      <Option name=""offset_map_unit_scale"" type=""QString"" value=""3x:0,0,0,0,0,0""/>
      <Option name=""offset_unit"" type=""QString"" value=""MM""/>
      <Option name=""outline_color"" type=""QString"" value=""174,119,127,255,rgb:0.68235294117647061,0.46666666666666667,0.49803921568627452,1""/>
      <Option name=""outline_style"" type=""QString"" value=""solid""/>
      <Option name=""outline_width"" type=""QString"" value=""0.2""/>
      <Option name=""outline_width_unit"" type=""QString"" value=""MM""/>
      <Option name=""style"" type=""QString"" value=""solid""/>
     </Option>
     <data_defined_properties>
      <Option type=""Map"">
       <Option name=""name"" type=""QString"" value=""""/>
       <Option name=""properties""/>
       <Option name=""type"" type=""QString"" value=""collection""/>
      </Option>
     </data_defined_properties>
    </layer>
   </symbol>
  </profileFillSymbol>
  <profileMarkerSymbol>
   <symbol name="""" type=""marker"" alpha=""1"" is_animated=""0"" clip_to_extent=""1"" force_rhr=""0"" frame_rate=""10"">
    <data_defined_properties>
     <Option type=""Map"">
      <Option name=""name"" type=""QString"" value=""""/>
      <Option name=""properties""/>
      <Option name=""type"" type=""QString"" value=""collection""/>
     </Option>
    </data_defined_properties>
    <layer locked=""0"" enabled=""1"" id=""{354ba1c4-05fa-4768-a5a5-9bcc1996730e}"" class=""SimpleMarker"" pass=""0"">
     <Option type=""Map"">
      <Option name=""angle"" type=""QString"" value=""0""/>
      <Option name=""cap_style"" type=""QString"" value=""square""/>
      <Option name=""color"" type=""QString"" value=""243,166,178,255,rgb:0.95294117647058818,0.65098039215686276,0.69803921568627447,1""/>
      <Option name=""horizontal_anchor_point"" type=""QString"" value=""1""/>
      <Option name=""joinstyle"" type=""QString"" value=""bevel""/>
      <Option name=""name"" type=""QString"" value=""diamond""/>
      <Option name=""offset"" type=""QString"" value=""0,0""/>
      <Option name=""offset_map_unit_scale"" type=""QString"" value=""3x:0,0,0,0,0,0""/>
      <Option name=""offset_unit"" type=""QString"" value=""MM""/>
      <Option name=""outline_color"" type=""QString"" value=""174,119,127,255,rgb:0.68235294117647061,0.46666666666666667,0.49803921568627452,1""/>
      <Option name=""outline_style"" type=""QString"" value=""solid""/>
      <Option name=""outline_width"" type=""QString"" value=""0.2""/>
      <Option name=""outline_width_map_unit_scale"" type=""QString"" value=""3x:0,0,0,0,0,0""/>
      <Option name=""outline_width_unit"" type=""QString"" value=""MM""/>
      <Option name=""scale_method"" type=""QString"" value=""diameter""/>
      <Option name=""size"" type=""QString"" value=""3""/>
      <Option name=""size_map_unit_scale"" type=""QString"" value=""3x:0,0,0,0,0,0""/>
      <Option name=""size_unit"" type=""QString"" value=""MM""/>
      <Option name=""vertical_anchor_point"" type=""QString"" value=""1""/>
     </Option>
     <data_defined_properties>
      <Option type=""Map"">
       <Option name=""name"" type=""QString"" value=""""/>
       <Option name=""properties""/>
       <Option name=""type"" type=""QString"" value=""collection""/>
      </Option>
     </data_defined_properties>
    </layer>
   </symbol>
  </profileMarkerSymbol>
 </elevation>
 <renderer-v2 type=""RuleRenderer"" forceraster=""0"" referencescale=""-1"" enableorderby=""1"" symbollevels=""0"">
  <rules key=""{f8b56d8e-b8b8-4dae-9d6c-05872ea03437}"">
   <rule symbol=""0"" label=""Good quality shorelines"" filter="" &quot;certainty&quot; = 'good'"" key=""{47e5215c-d2c3-404d-8918-517715e585e7}"">
    <rule symbol=""1"" label=""1988"" filter=""&quot;year&quot; = 1988"" key=""{7f99db33-4f85-4aef-865e-1e5009b6cabf}""/>
    <rule symbol=""2"" label=""1989"" filter=""&quot;year&quot; = 1989"" key=""{dfbc048c-34f8-4499-a3d8-ce95983ec455}""/>
    <rule symbol=""3"" label=""1990"" filter=""&quot;year&quot; = 1990"" key=""{773aed53-7093-472a-aae3-78330d425d8c}""/>
    <rule symbol=""4"" label=""1991"" filter=""&quot;year&quot; = 1991"" key=""{d95dd9f4-b22e-4311-978a-2e47c84470bb}""/>
    <rule symbol=""5"" label=""1992"" filter=""&quot;year&quot; = 1992"" key=""{875c3b72-82be-4816-a727-863b29c4822f}""/>
    <rule symbol=""6"" label=""1993"" filter=""&quot;year&quot; = 1993"" key=""{bf9a7488-07f3-4b05-a4b3-733c2878ac1f}""/>
    <rule symbol=""7"" label=""1994"" filter=""&quot;year&quot; = 1994"" key=""{665f847e-927e-47c8-8f94-06a4beaad7ef}""/>
    <rule symbol=""8"" label=""1995"" filter=""&quot;year&quot; = 1995"" key=""{5fe704fc-a058-4257-90c5-d8e2fc0a3d7f}""/>
    <rule symbol=""9"" label=""1996"" filter=""&quot;year&quot; = 1996"" key=""{abf42bd1-57ef-4602-8284-a207b34d4c62}""/>
    <rule symbol=""10"" label=""1997"" filter=""&quot;year&quot; = 1997"" key=""{ba28127a-45a3-4f54-a4f1-03e72f76d3f3}""/>
    <rule symbol=""11"" label=""1998"" filter=""&quot;year&quot; = 1998"" key=""{4d09129b-85b4-4b9b-9db7-0472b7e7e289}""/>
    <rule symbol=""12"" label=""1999"" filter=""&quot;year&quot; = 1999"" key=""{84b927ec-f2dd-44a3-8ffb-0034c72abd3b}""/>
    <rule symbol=""13"" label=""2000"" filter=""&quot;year&quot; = 2000"" key=""{2f51f6fd-284e-4e2c-932b-758a6b64370b}""/>
    <rule symbol=""14"" label=""2001"" filter=""&quot;year&quot; = 2001"" key=""{9b193e21-0769-490a-bc3f-b72c2f813f9b}""/>
    <rule symbol=""15"" label=""2002"" filter=""&quot;year&quot; = 2002"" key=""{66b35aa3-a4ea-447d-8781-9ed90e7f2c62}""/>
    <rule symbol=""16"" label=""2003"" filter=""&quot;year&quot; = 2003"" key=""{763afd01-ea86-4c5d-a338-6d09d1c0314a}""/>
    <rule symbol=""17"" label=""2004"" filter=""&quot;year&quot; = 2004"" key=""{64321461-bccd-4aaf-b95e-b4b179a40349}""/>
    <rule symbol=""18"" label=""2005"" filter=""&quot;year&quot; = 2005"" key=""{763cddc0-589c-4464-9e58-b6437540d3c7}""/>
    <rule symbol=""19"" label=""2006"" filter=""&quot;year&quot; = 2006"" key=""{fe731e2c-ed35-4861-973c-0ebe67a6acb1}""/>
    <rule symbol=""20"" label=""2007"" filter=""&quot;year&quot; = 2007"" key=""{bd55cc68-c293-46da-aff6-857476568b39}""/>
    <rule symbol=""21"" label=""2008"" filter=""&quot;year&quot; = 2008"" key=""{b88e69ba-1602-4ef8-a91a-1c6aa73fa460}""/>
    <rule symbol=""22"" label=""2009"" filter=""&quot;year&quot; = 2009"" key=""{57e542cc-651f-43ea-8a32-3ac3556416de}""/>
    <rule symbol=""23"" label=""2010"" filter=""&quot;year&quot; = 2010"" key=""{e335223b-642a-4288-a744-aafa447878a3}""/>
    <rule symbol=""24"" label=""2011"" filter=""&quot;year&quot; = 2011"" key=""{f5270cf7-6158-4fc1-ab5a-5c10016abaec}""/>
    <rule symbol=""25"" label=""2012"" filter=""&quot;year&quot; = 2012"" key=""{61bd4525-3448-4d35-8855-9bfac8c0eecd}""/>
    <rule symbol=""26"" label=""2013"" filter=""&quot;year&quot; = 2013"" key=""{8c2adb22-85b1-49c7-800c-72ef0333475e}""/>
    <rule symbol=""27"" label=""2014"" filter=""&quot;year&quot; = 2014"" key=""{08aba5c3-8c11-423f-94db-c2742e6bb7cb}""/>
    <rule symbol=""28"" label=""2015"" filter=""&quot;year&quot; = 2015"" key=""{fc191da9-d07f-4c5e-bc32-7a07bcc27a78}""/>
    <rule symbol=""29"" label=""2016"" filter=""&quot;year&quot; = 2016"" key=""{3fb3ad2f-b73f-444b-bb26-89fcecda8aed}""/>
    <rule symbol=""30"" label=""2017"" filter=""&quot;year&quot; = 2017"" key=""{6c7ca384-d571-4ac0-9c23-c16804c4f3d5}""/>
    <rule symbol=""31"" label=""2018"" filter=""&quot;year&quot; = 2018"" key=""{ebc26094-517b-468f-83a7-394504b48b8f}""/>
    <rule symbol=""32"" label=""2019"" filter=""&quot;year&quot; = 2019"" key=""{26e2fdbd-ddd8-4b18-83c4-7560167ceaad}""/>
    <rule symbol=""33"" label=""2020"" filter=""&quot;year&quot; = 2020"" key=""{56733ddb-2ec3-4bf3-865d-b4ac113c9288}""/>
    <rule symbol=""34"" label=""2021"" filter=""&quot;year&quot; = 2021"" key=""{db260676-e5b1-46cc-a871-b89fd6021807}""/>
    <rule symbol=""35"" label=""2022"" filter=""&quot;year&quot; = 2022"" key=""{f99c318d-026f-4712-8743-7afac297ad53}""/>
    <rule symbol=""36"" label=""2023"" filter=""&quot;year&quot; = 2023"" key=""{c1c537a5-621e-4a8d-b28b-d61ca13e37c1}""/>
    <rule symbol=""37"" label=""2024"" filter=""&quot;year&quot; = 2024"" key=""{085c830c-c4dd-4955-b899-4e3fb8b58b94}""/>
    <rule symbol=""38"" label=""2025"" filter=""&quot;year&quot; = 2025"" key=""{37e118c0-ba49-49e3-b5f4-0f2fe238bc8d}""/>
   </rule>
   <rule symbol=""39"" label=""Low quality shorelines"" filter="" &quot;certainty&quot; != 'good'"" key=""{c40e7afa-b7f3-45a8-94ee-2fc9566aec0e}"">
    <rule symbol=""40"" label=""1988"" filter=""&quot;year&quot; = 1988"" key=""{0f8a7a2c-7a66-462a-8554-68b8609e1129}""/>
    <rule symbol=""41"" label=""1989"" filter=""&quot;year&quot; = 1989"" key=""{9215d17e-26fa-4fc7-b6d6-4b6052fc0bb2}""/>
    <rule symbol=""42"" label=""1990"" filter=""&quot;year&quot; = 1990"" key=""{a4dc5d07-3666-4e9e-bbfc-132935c11651}""/>
    <rule symbol=""43"" label=""1991"" filter=""&quot;year&quot; = 1991"" key=""{e2c42958-bcf0-4b27-b420-c8ab10af7ed3}""/>
    <rule symbol=""44"" label=""1992"" filter=""&quot;year&quot; = 1992"" key=""{a7ba7e7c-039a-451f-aef6-742b4e34443c}""/>
    <rule symbol=""45"" label=""1993"" filter=""&quot;year&quot; = 1993"" key=""{91d67574-5b1f-4864-b136-80b6a121ba77}""/>
    <rule symbol=""46"" label=""1994"" filter=""&quot;year&quot; = 1994"" key=""{49453d82-e9ca-45ba-909e-9e5664ffde75}""/>
    <rule symbol=""47"" label=""1995"" filter=""&quot;year&quot; = 1995"" key=""{b30058d1-fea4-401e-99e8-8aa6745c4204}""/>
    <rule symbol=""48"" label=""1996"" filter=""&quot;year&quot; = 1996"" key=""{480e7311-f907-4433-afb5-64924d3cd208}""/>
    <rule symbol=""49"" label=""1997"" filter=""&quot;year&quot; = 1997"" key=""{d6e1b148-1528-419b-8a87-9e1064c4a953}""/>
    <rule symbol=""50"" label=""1998"" filter=""&quot;year&quot; = 1998"" key=""{42ff70a0-a2b0-42bc-a1e5-0301a572182c}""/>
    <rule symbol=""51"" label=""1999"" filter=""&quot;year&quot; = 1999"" key=""{7a46bb1c-588b-4aed-a200-ca604656bb8f}""/>
    <rule symbol=""52"" label=""2000"" filter=""&quot;year&quot; = 2000"" key=""{0445e36f-c285-4388-90f4-975de31b9192}""/>
    <rule symbol=""53"" label=""2001"" filter=""&quot;year&quot; = 2001"" key=""{245e1257-e339-4dc1-802e-e74cd01d91bb}""/>
    <rule symbol=""54"" label=""2002"" filter=""&quot;year&quot; = 2002"" key=""{b8d522a2-99f5-4766-9a07-a7dcff9661bc}""/>
    <rule symbol=""55"" label=""2003"" filter=""&quot;year&quot; = 2003"" key=""{076e1b89-cf8c-48c0-83d4-b9f86224f882}""/>
    <rule symbol=""56"" label=""2004"" filter=""&quot;year&quot; = 2004"" key=""{70461332-daf6-44dc-b2d1-956b62608ce6}""/>
    <rule symbol=""57"" label=""2005"" filter=""&quot;year&quot; = 2005"" key=""{bc13d34c-6410-476a-ae56-bb0115b64c66}""/>
    <rule symbol=""58"" label=""2006"" filter=""&quot;year&quot; = 2006"" key=""{38feb79b-fb65-409e-8cd2-28e2e6e08567}""/>
    <rule symbol=""59"" label=""2007"" filter=""&quot;year&quot; = 2007"" key=""{161c7c5a-4b8a-4009-a596-e14a4df7e0b9}""/>
    <rule symbol=""60"" label=""2008"" filter=""&quot;year&quot; = 2008"" key=""{6bd3d26b-e17c-493e-ab98-2dc4a11c2449}""/>
    <rule symbol=""61"" label=""2009"" filter=""&quot;year&quot; = 2009"" key=""{bb72c738-a551-456b-9e07-729d688ad1b6}""/>
    <rule symbol=""62"" label=""2010"" filter=""&quot;year&quot; = 2010"" key=""{b6f07e64-fbd3-4ff5-9bdd-19ed75ecb8a5}""/>
    <rule symbol=""63"" label=""2011"" filter=""&quot;year&quot; = 2011"" key=""{e540e47b-2041-4eaf-a282-937fbdbc483a}""/>
    <rule symbol=""64"" label=""2012"" filter=""&quot;year&quot; = 2012"" key=""{08862e8f-2fc2-45a1-a372-282bcc98b29b}""/>
    <rule symbol=""65"" label=""2013"" filter=""&quot;year&quot; = 2013"" key=""{695c12f8-4b7e-4bef-ba04-4478d08d85c1}""/>
    <rule symbol=""66"" label=""2014"" filter=""&quot;year&quot; = 2014"" key=""{bdb6c034-19b8-45d7-aab7-bd7ee086951e}""/>
    <rule symbol=""67"" label=""2015"" filter=""&quot;year&quot; = 2015"" key=""{edd74c33-1882-44aa-ab24-1e27af3d529c}""/>
    <rule symbol=""68"" label=""2016"" filter=""&quot;year&quot; = 2016"" key=""{99769a4f-6050-4deb-b921-4a55b74639d7}""/>
    <rule symbol=""69"" label=""2017"" filter=""&quot;year&quot; = 2017"" key=""{04e7cdb0-680c-4ee3-935e-efa80adb6437}""/>
    <rule symbol=""70"" label=""2018"" filter=""&quot;year&quot; = 2018"" key=""{5d056412-3320-4c76-893a-977e5ea617a7}""/>
    <rule symbol=""71"" label=""2019"" filter=""&quot;year&quot; = 2019"" key=""{047c0b54-d30a-4bdb-99c7-65f93948f9c4}""/>
    <rule symbol=""72"" label=""2020"" filter=""&quot;year&quot; = 2020"" key=""{8bb9f402-93b7-442a-913c-6ff1bd7ba292}""/>
    <rule symbol=""73"" label=""2021"" filter=""&quot;year&quot; = 2021"" key=""{313ffe90-181a-4baf-ba2e-9f01040602c1}""/>
    <rule symbol=""74"" label=""2022"" filter=""&quot;year&quot; = 2022"" key=""{b0f25af9-b639-4804-a0dd-7ed9657a87f2}""/>
    <rule symbol=""75"" label=""2023"" filter=""&quot;year&quot; = 2023"" key=""{906b1696-dd7c-4a4d-b995-7681a2bcc745}""/>
    <rule symbol=""76"" label=""2024"" filter=""&quot;year&quot; = 2024"" key=""{2a146c33-a040-428c-a559-52822b4bc89c}""/>
    <rule symbol=""77"" label=""2025"" filter=""&quot;year&quot; = 2025"" key=""{5552d46f-3a6c-4ed5-9777-70137da9c008}""/>
   </rule>
  </rules>
  <symbols>
   <symbol name=""0"" type=""line"" alpha=""0"" is_animated=""0"" clip_to_extent=""1"" force_rhr=""0"" frame_rate=""10"">
    <data_defined_properties>
     <Option type=""Map"">
      <Option name=""name"" type=""QString"" value=""""/>
      <Option name=""properties""/>
      <Option name=""type"" type=""QString"" value=""collection""/>
     </Option>
    </data_defined_properties>
    <layer locked=""0"" enabled=""1"" id=""{7398b2ee-634d-4272-80b3-72e37b827c05}"" class=""SimpleLine"" pass=""0"">
     <Option type=""Map"">
      <Option name=""align_dash_pattern"" type=""QString"" value=""0""/>
      <Option name=""capstyle"" type=""QString"" value=""square""/>
      <Option name=""customdash"" type=""QString"" value=""5;2""/>
      <Option name=""customdash_map_unit_scale"" type=""QString"" value=""3x:0,0,0,0,0,0""/>
      <Option name=""customdash_unit"" type=""QString"" value=""MM""/>
      <Option name=""dash_pattern_offset"" type=""QString"" value=""0""/>
      <Option name=""dash_pattern_offset_map_unit_scale"" type=""QString"" value=""3x:0,0,0,0,0,0""/>
      <Option name=""dash_pattern_offset_unit"" type=""QString"" value=""MM""/>
      <Option name=""draw_inside_polygon"" type=""QString"" value=""0""/>
      <Option name=""joinstyle"" type=""QString"" value=""bevel""/>
      <Option name=""line_color"" type=""QString"" value=""0,0,0,255,rgb:0,0,0,1""/>
      <Option name=""line_style"" type=""QString"" value=""solid""/>
      <Option name=""line_width"" type=""QString"" value=""0.66""/>
      <Option name=""line_width_unit"" type=""QString"" value=""MM""/>
      <Option name=""offset"" type=""QString"" value=""0""/>
      <Option name=""offset_map_unit_scale"" type=""QString"" value=""3x:0,0,0,0,0,0""/>
      <Option name=""offset_unit"" type=""QString"" value=""MM""/>
      <Option name=""ring_filter"" type=""QString"" value=""0""/>
      <Option name=""trim_distance_end"" type=""QString"" value=""0""/>
      <Option name=""trim_distance_end_map_unit_scale"" type=""QString"" value=""3x:0,0,0,0,0,0""/>
      <Option name=""trim_distance_end_unit"" type=""QString"" value=""MM""/>
      <Option name=""trim_distance_start"" type=""QString"" value=""0""/>
      <Option name=""trim_distance_start_map_unit_scale"" type=""QString"" value=""3x:0,0,0,0,0,0""/>
      <Option name=""trim_distance_start_unit"" type=""QString"" value=""MM""/>
      <Option name=""tweak_dash_pattern_on_corners"" type=""QString"" value=""0""/>
      <Option name=""use_custom_dash"" type=""QString"" value=""0""/>
      <Option name=""width_map_unit_scale"" type=""QString"" value=""3x:0,0,0,0,0,0""/>
     </Option>
     <data_defined_properties>
      <Option type=""Map"">
       <Option name=""name"" type=""QString"" value=""""/>
       <Option name=""properties""/>
       <Option name=""type"" type=""QString"" value=""collection""/>
      </Option>
     </data_defined_properties>
    </layer>
   </symbol>
   <symbol name=""1"" type=""line"" alpha=""1"" is_animated=""0"" clip_to_extent=""1"" force_rhr=""0"" frame_rate=""10"">
    <data_defined_properties>
     <Option type=""Map"">
      <Option name=""name"" type=""QString"" value=""""/>
      <Option name=""properties""/>
      <Option name=""type"" type=""QString"" value=""collection""/>
     </Option>
    </data_defined_properties>
    <layer locked=""0"" enabled=""1"" id=""{023b196a-5f5e-4c61-a655-19c409bdaf95}"" class=""SimpleLine"" pass=""0"">
     <Option type=""Map"">
      <Option name=""align_dash_pattern"" type=""QString"" value=""0""/>
      <Option name=""capstyle"" type=""QString"" value=""square""/>
      <Option name=""customdash"" type=""QString"" value=""5;2""/>
      <Option name=""customdash_map_unit_scale"" type=""QString"" value=""3x:0,0,0,0,0,0""/>
      <Option name=""customdash_unit"" type=""QString"" value=""MM""/>
      <Option name=""dash_pattern_offset"" type=""QString"" value=""0""/>
      <Option name=""dash_pattern_offset_map_unit_scale"" type=""QString"" value=""3x:0,0,0,0,0,0""/>
      <Option name=""dash_pattern_offset_unit"" type=""QString"" value=""MM""/>
      <Option name=""draw_inside_polygon"" type=""QString"" value=""0""/>
      <Option name=""joinstyle"" type=""QString"" value=""bevel""/>
      <Option name=""line_color"" type=""QString"" value=""0,0,4,255,rgb:0,0,0.01568627450980392,1""/>
      <Option name=""line_style"" type=""QString"" value=""solid""/>
      <Option name=""line_width"" type=""QString"" value=""0.66""/>
      <Option name=""line_width_unit"" type=""QString"" value=""MM""/>
      <Option name=""offset"" type=""QString"" value=""0""/>
      <Option name=""offset_map_unit_scale"" type=""QString"" value=""3x:0,0,0,0,0,0""/>
      <Option name=""offset_unit"" type=""QString"" value=""MM""/>
      <Option name=""ring_filter"" type=""QString"" value=""0""/>
      <Option name=""trim_distance_end"" type=""QString"" value=""0""/>
      <Option name=""trim_distance_end_map_unit_scale"" type=""QString"" value=""3x:0,0,0,0,0,0""/>
      <Option name=""trim_distance_end_unit"" type=""QString"" value=""MM""/>
      <Option name=""trim_distance_start"" type=""QString"" value=""0""/>
      <Option name=""trim_distance_start_map_unit_scale"" type=""QString"" value=""3x:0,0,0,0,0,0""/>
      <Option name=""trim_distance_start_unit"" type=""QString"" value=""MM""/>
      <Option name=""tweak_dash_pattern_on_corners"" type=""QString"" value=""0""/>
      <Option name=""use_custom_dash"" type=""QString"" value=""0""/>
      <Option name=""width_map_unit_scale"" type=""QString"" value=""3x:0,0,0,0,0,0""/>
     </Option>
     <data_defined_properties>
      <Option type=""Map"">
       <Option name=""name"" type=""QString"" value=""""/>
       <Option name=""properties""/>
       <Option name=""type"" type=""QString"" value=""collection""/>
      </Option>
     </data_defined_properties>
    </layer>
   </symbol>
   <symbol name=""10"" type=""line"" alpha=""1"" is_animated=""0"" clip_to_extent=""1"" force_rhr=""0"" frame_rate=""10"">
    <data_defined_properties>
     <Option type=""Map"">
      <Option name=""name"" type=""QString"" value=""""/>
      <Option name=""properties""/>
      <Option name=""type"" type=""QString"" value=""collection""/>
     </Option>
    </data_defined_properties>
    <layer locked=""0"" enabled=""1"" id=""{023b196a-5f5e-4c61-a655-19c409bdaf95}"" class=""SimpleLine"" pass=""0"">
     <Option type=""Map"">
      <Option name=""align_dash_pattern"" type=""QString"" value=""0""/>
      <Option name=""capstyle"" type=""QString"" value=""square""/>
      <Option name=""customdash"" type=""QString"" value=""5;2""/>
      <Option name=""customdash_map_unit_scale"" type=""QString"" value=""3x:0,0,0,0,0,0""/>
      <Option name=""customdash_unit"" type=""QString"" value=""MM""/>
      <Option name=""dash_pattern_offset"" type=""QString"" value=""0""/>
      <Option name=""dash_pattern_offset_map_unit_scale"" type=""QString"" value=""3x:0,0,0,0,0,0""/>
      <Option name=""dash_pattern_offset_unit"" type=""QString"" value=""MM""/>
      <Option name=""draw_inside_polygon"" type=""QString"" value=""0""/>
      <Option name=""joinstyle"" type=""QString"" value=""bevel""/>
      <Option name=""line_color"" type=""QString"" value=""87,15,110,255,rgb:0.3411764705882353,0.06077668421454185,0.42941939421683067,1""/>
      <Option name=""line_style"" type=""QString"" value=""solid""/>
      <Option name=""line_width"" type=""QString"" value=""0.66""/>
      <Option name=""line_width_unit"" type=""QString"" value=""MM""/>
      <Option name=""offset"" type=""QString"" value=""0""/>
      <Option name=""offset_map_unit_scale"" type=""QString"" value=""3x:0,0,0,0,0,0""/>
      <Option name=""offset_unit"" type=""QString"" value=""MM""/>
      <Option name=""ring_filter"" type=""QString"" value=""0""/>
      <Option name=""trim_distance_end"" type=""QString"" value=""0""/>
      <Option name=""trim_distance_end_map_unit_scale"" type=""QString"" value=""3x:0,0,0,0,0,0""/>
      <Option name=""trim_distance_end_unit"" type=""QString"" value=""MM""/>
      <Option name=""trim_distance_start"" type=""QString"" value=""0""/>
      <Option name=""trim_distance_start_map_unit_scale"" type=""QString"" value=""3x:0,0,0,0,0,0""/>
      <Option name=""trim_distance_start_unit"" type=""QString"" value=""MM""/>
      <Option name=""tweak_dash_pattern_on_corners"" type=""QString"" value=""0""/>
      <Option name=""use_custom_dash"" type=""QString"" value=""0""/>
      <Option name=""width_map_unit_scale"" type=""QString"" value=""3x:0,0,0,0,0,0""/>
     </Option>
     <data_defined_properties>
      <Option type=""Map"">
       <Option name=""name"" type=""QString"" value=""""/>
       <Option name=""properties""/>
       <Option name=""type"" type=""QString"" value=""collection""/>
      </Option>
     </data_defined_properties>
    </layer>
   </symbol>
   <symbol name=""11"" type=""line"" alpha=""1"" is_animated=""0"" clip_to_extent=""1"" force_rhr=""0"" frame_rate=""10"">
    <data_defined_properties>
     <Option type=""Map"">
      <Option name=""name"" type=""QString"" value=""""/>
      <Option name=""properties""/>
      <Option name=""type"" type=""QString"" value=""collection""/>
     </Option>
    </data_defined_properties>
    <layer locked=""0"" enabled=""1"" id=""{023b196a-5f5e-4c61-a655-19c409bdaf95}"" class=""SimpleLine"" pass=""0"">
     <Option type=""Map"">
      <Option name=""align_dash_pattern"" type=""QString"" value=""0""/>
      <Option name=""capstyle"" type=""QString"" value=""square""/>
      <Option name=""customdash"" type=""QString"" value=""5;2""/>
      <Option name=""customdash_map_unit_scale"" type=""QString"" value=""3x:0,0,0,0,0,0""/>
      <Option name=""customdash_unit"" type=""QString"" value=""MM""/>
      <Option name=""dash_pattern_offset"" type=""QString"" value=""0""/>
      <Option name=""dash_pattern_offset_map_unit_scale"" type=""QString"" value=""3x:0,0,0,0,0,0""/>
      <Option name=""dash_pattern_offset_unit"" type=""QString"" value=""MM""/>
      <Option name=""draw_inside_polygon"" type=""QString"" value=""0""/>
      <Option name=""joinstyle"" type=""QString"" value=""bevel""/>
      <Option name=""line_color"" type=""QString"" value=""98,19,110,255,rgb:0.38562600137331199,0.07646295872434578,0.43137254901960786,1""/>
      <Option name=""line_style"" type=""QString"" value=""solid""/>
      <Option name=""line_width"" type=""QString"" value=""0.66""/>
      <Option name=""line_width_unit"" type=""QString"" value=""MM""/>
      <Option name=""offset"" type=""QString"" value=""0""/>
      <Option name=""offset_map_unit_scale"" type=""QString"" value=""3x:0,0,0,0,0,0""/>
      <Option name=""offset_unit"" type=""QString"" value=""MM""/>
      <Option name=""ring_filter"" type=""QString"" value=""0""/>
      <Option name=""trim_distance_end"" type=""QString"" value=""0""/>
      <Option name=""trim_distance_end_map_unit_scale"" type=""QString"" value=""3x:0,0,0,0,0,0""/>
      <Option name=""trim_distance_end_unit"" type=""QString"" value=""MM""/>
      <Option name=""trim_distance_start"" type=""QString"" value=""0""/>
      <Option name=""trim_distance_start_map_unit_scale"" type=""QString"" value=""3x:0,0,0,0,0,0""/>
      <Option name=""trim_distance_start_unit"" type=""QString"" value=""MM""/>
      <Option name=""tweak_dash_pattern_on_corners"" type=""QString"" value=""0""/>
      <Option name=""use_custom_dash"" type=""QString"" value=""0""/>
      <Option name=""width_map_unit_scale"" type=""QString"" value=""3x:0,0,0,0,0,0""/>
     </Option>
     <data_defined_properties>
      <Option type=""Map"">
       <Option name=""name"" type=""QString"" value=""""/>
       <Option name=""properties""/>
       <Option name=""type"" type=""QString"" value=""collection""/>
      </Option>
     </data_defined_properties>
    </layer>
   </symbol>
   <symbol name=""12"" type=""line"" alpha=""1"" is_animated=""0"" clip_to_extent=""1"" force_rhr=""0"" frame_rate=""10"">
    <data_defined_properties>
     <Option type=""Map"">
      <Option name=""name"" type=""QString"" value=""""/>
      <Option name=""properties""/>
      <Option name=""type"" type=""QString"" value=""collection""/>
     </Option>
    </data_defined_properties>
    <layer locked=""0"" enabled=""1"" id=""{023b196a-5f5e-4c61-a655-19c409bdaf95}"" class=""SimpleLine"" pass=""0"">
     <Option type=""Map"">
      <Option name=""align_dash_pattern"" type=""QString"" value=""0""/>
      <Option name=""capstyle"" type=""QString"" value=""square""/>
      <Option name=""customdash"" type=""QString"" value=""5;2""/>
      <Option name=""customdash_map_unit_scale"" type=""QString"" value=""3x:0,0,0,0,0,0""/>
      <Option name=""customdash_unit"" type=""QString"" value=""MM""/>
      <Option name=""dash_pattern_offset"" type=""QString"" value=""0""/>
      <Option name=""dash_pattern_offset_map_unit_scale"" type=""QString"" value=""3x:0,0,0,0,0,0""/>
      <Option name=""dash_pattern_offset_unit"" type=""QString"" value=""MM""/>
      <Option name=""draw_inside_polygon"" type=""QString"" value=""0""/>
      <Option name=""joinstyle"" type=""QString"" value=""bevel""/>
      <Option name=""line_color"" type=""QString"" value=""110,24,110,255,rgb:0.43006027313649198,0.09314106965743496,0.43137254901960786,1""/>
      <Option name=""line_style"" type=""QString"" value=""solid""/>
      <Option name=""line_width"" type=""QString"" value=""0.66""/>
      <Option name=""line_width_unit"" type=""QString"" value=""MM""/>
      <Option name=""offset"" type=""QString"" value=""0""/>
      <Option name=""offset_map_unit_scale"" type=""QString"" value=""3x:0,0,0,0,0,0""/>
      <Option name=""offset_unit"" type=""QString"" value=""MM""/>
      <Option name=""ring_filter"" type=""QString"" value=""0""/>
      <Option name=""trim_distance_end"" type=""QString"" value=""0""/>
      <Option name=""trim_distance_end_map_unit_scale"" type=""QString"" value=""3x:0,0,0,0,0,0""/>
      <Option name=""trim_distance_end_unit"" type=""QString"" value=""MM""/>
      <Option name=""trim_distance_start"" type=""QString"" value=""0""/>
      <Option name=""trim_distance_start_map_unit_scale"" type=""QString"" value=""3x:0,0,0,0,0,0""/>
      <Option name=""trim_distance_start_unit"" type=""QString"" value=""MM""/>
      <Option name=""tweak_dash_pattern_on_corners"" type=""QString"" value=""0""/>
      <Option name=""use_custom_dash"" type=""QString"" value=""0""/>
      <Option name=""width_map_unit_scale"" type=""QString"" value=""3x:0,0,0,0,0,0""/>
     </Option>
     <data_defined_properties>
      <Option type=""Map"">
       <Option name=""name"" type=""QString"" value=""""/>
       <Option name=""properties""/>
       <Option name=""type"" type=""QString"" value=""collection""/>
      </Option>
     </data_defined_properties>
    </layer>
   </symbol>
   <symbol name=""13"" type=""line"" alpha=""1"" is_animated=""0"" clip_to_extent=""1"" force_rhr=""0"" frame_rate=""10"">
    <data_defined_properties>
     <Option type=""Map"">
      <Option name=""name"" type=""QString"" value=""""/>
      <Option name=""properties""/>
      <Option name=""type"" type=""QString"" value=""collection""/>
     </Option>
    </data_defined_properties>
    <layer locked=""0"" enabled=""1"" id=""{023b196a-5f5e-4c61-a655-19c409bdaf95}"" class=""SimpleLine"" pass=""0"">
     <Option type=""Map"">
      <Option name=""align_dash_pattern"" type=""QString"" value=""0""/>
      <Option name=""capstyle"" type=""QString"" value=""square""/>
      <Option name=""customdash"" type=""QString"" value=""5;2""/>
      <Option name=""customdash_map_unit_scale"" type=""QString"" value=""3x:0,0,0,0,0,0""/>
      <Option name=""customdash_unit"" type=""QString"" value=""MM""/>
      <Option name=""dash_pattern_offset"" type=""QString"" value=""0""/>
      <Option name=""dash_pattern_offset_map_unit_scale"" type=""QString"" value=""3x:0,0,0,0,0,0""/>
      <Option name=""dash_pattern_offset_unit"" type=""QString"" value=""MM""/>
      <Option name=""draw_inside_polygon"" type=""QString"" value=""0""/>
      <Option name=""joinstyle"" type=""QString"" value=""bevel""/>
      <Option name=""line_color"" type=""QString"" value=""120,28,109,255,rgb:0.47058823529411764,0.10980392156862745,0.42745098039215684,1""/>
      <Option name=""line_style"" type=""QString"" value=""solid""/>
      <Option name=""line_width"" type=""QString"" value=""0.66""/>
      <Option name=""line_width_unit"" type=""QString"" value=""MM""/>
      <Option name=""offset"" type=""QString"" value=""0""/>
      <Option name=""offset_map_unit_scale"" type=""QString"" value=""3x:0,0,0,0,0,0""/>
      <Option name=""offset_unit"" type=""QString"" value=""MM""/>
      <Option name=""ring_filter"" type=""QString"" value=""0""/>
      <Option name=""trim_distance_end"" type=""QString"" value=""0""/>
      <Option name=""trim_distance_end_map_unit_scale"" type=""QString"" value=""3x:0,0,0,0,0,0""/>
      <Option name=""trim_distance_end_unit"" type=""QString"" value=""MM""/>
      <Option name=""trim_distance_start"" type=""QString"" value=""0""/>
      <Option name=""trim_distance_start_map_unit_scale"" type=""QString"" value=""3x:0,0,0,0,0,0""/>
      <Option name=""trim_distance_start_unit"" type=""QString"" value=""MM""/>
      <Option name=""tweak_dash_pattern_on_corners"" type=""QString"" value=""0""/>
      <Option name=""use_custom_dash"" type=""QString"" value=""0""/>
      <Option name=""width_map_unit_scale"" type=""QString"" value=""3x:0,0,0,0,0,0""/>
     </Option>
     <data_defined_properties>
      <Option type=""Map"">
       <Option name=""name"" type=""QString"" value=""""/>
       <Option name=""properties""/>
       <Option name=""type"" type=""QString"" value=""collection""/>
      </Option>
     </data_defined_properties>
    </layer>
   </symbol>
   <symbol name=""14"" type=""line"" alpha=""1"" is_animated=""0"" clip_to_extent=""1"" force_rhr=""0"" frame_rate=""10"">
    <data_defined_properties>
     <Option type=""Map"">
      <Option name=""name"" type=""QString"" value=""""/>
      <Option name=""properties""/>
      <Option name=""type"" type=""QString"" value=""collection""/>
     </Option>
    </data_defined_properties>
    <layer locked=""0"" enabled=""1"" id=""{023b196a-5f5e-4c61-a655-19c409bdaf95}"" class=""SimpleLine"" pass=""0"">
     <Option type=""Map"">
      <Option name=""align_dash_pattern"" type=""QString"" value=""0""/>
      <Option name=""capstyle"" type=""QString"" value=""square""/>
      <Option name=""customdash"" type=""QString"" value=""5;2""/>
      <Option name=""customdash_map_unit_scale"" type=""QString"" value=""3x:0,0,0,0,0,0""/>
      <Option name=""customdash_unit"" type=""QString"" value=""MM""/>
      <Option name=""dash_pattern_offset"" type=""QString"" value=""0""/>
      <Option name=""dash_pattern_offset_map_unit_scale"" type=""QString"" value=""3x:0,0,0,0,0,0""/>
      <Option name=""dash_pattern_offset_unit"" type=""QString"" value=""MM""/>
      <Option name=""draw_inside_polygon"" type=""QString"" value=""0""/>
      <Option name=""joinstyle"" type=""QString"" value=""bevel""/>
      <Option name=""line_color"" type=""QString"" value=""131,32,107,255,rgb:0.51503776607919427,0.12646677347981994,0.42026398107881285,1""/>
      <Option name=""line_style"" type=""QString"" value=""solid""/>
      <Option name=""line_width"" type=""QString"" value=""0.66""/>
      <Option name=""line_width_unit"" type=""QString"" value=""MM""/>
      <Option name=""offset"" type=""QString"" value=""0""/>
      <Option name=""offset_map_unit_scale"" type=""QString"" value=""3x:0,0,0,0,0,0""/>
      <Option name=""offset_unit"" type=""QString"" value=""MM""/>
      <Option name=""ring_filter"" type=""QString"" value=""0""/>
      <Option name=""trim_distance_end"" type=""QString"" value=""0""/>
      <Option name=""trim_distance_end_map_unit_scale"" type=""QString"" value=""3x:0,0,0,0,0,0""/>
      <Option name=""trim_distance_end_unit"" type=""QString"" value=""MM""/>
      <Option name=""trim_distance_start"" type=""QString"" value=""0""/>
      <Option name=""trim_distance_start_map_unit_scale"" type=""QString"" value=""3x:0,0,0,0,0,0""/>
      <Option name=""trim_distance_start_unit"" type=""QString"" value=""MM""/>
      <Option name=""tweak_dash_pattern_on_corners"" type=""QString"" value=""0""/>
      <Option name=""use_custom_dash"" type=""QString"" value=""0""/>
      <Option name=""width_map_unit_scale"" type=""QString"" value=""3x:0,0,0,0,0,0""/>
     </Option>
     <data_defined_properties>
      <Option type=""Map"">
       <Option name=""name"" type=""QString"" value=""""/>
       <Option name=""properties""/>
       <Option name=""type"" type=""QString"" value=""collection""/>
      </Option>
     </data_defined_properties>
    </layer>
   </symbol>
   <symbol name=""15"" type=""line"" alpha=""1"" is_animated=""0"" clip_to_extent=""1"" force_rhr=""0"" frame_rate=""10"">
    <data_defined_properties>
     <Option type=""Map"">
      <Option name=""name"" type=""QString"" value=""""/>
      <Option name=""properties""/>
      <Option name=""type"" type=""QString"" value=""collection""/>
     </Option>
    </data_defined_properties>
    <layer locked=""0"" enabled=""1"" id=""{023b196a-5f5e-4c61-a655-19c409bdaf95}"" class=""SimpleLine"" pass=""0"">
     <Option type=""Map"">
      <Option name=""align_dash_pattern"" type=""QString"" value=""0""/>
      <Option name=""capstyle"" type=""QString"" value=""square""/>
      <Option name=""customdash"" type=""QString"" value=""5;2""/>
      <Option name=""customdash_map_unit_scale"" type=""QString"" value=""3x:0,0,0,0,0,0""/>
      <Option name=""customdash_unit"" type=""QString"" value=""MM""/>
      <Option name=""dash_pattern_offset"" type=""QString"" value=""0""/>
      <Option name=""dash_pattern_offset_map_unit_scale"" type=""QString"" value=""3x:0,0,0,0,0,0""/>
      <Option name=""dash_pattern_offset_unit"" type=""QString"" value=""MM""/>
      <Option name=""draw_inside_polygon"" type=""QString"" value=""0""/>
      <Option name=""joinstyle"" type=""QString"" value=""bevel""/>
      <Option name=""line_color"" type=""QString"" value=""143,36,104,255,rgb:0.55947203784237431,0.14312962539101243,0.40915541313801784,1""/>
      <Option name=""line_style"" type=""QString"" value=""solid""/>
      <Option name=""line_width"" type=""QString"" value=""0.66""/>
      <Option name=""line_width_unit"" type=""QString"" value=""MM""/>
      <Option name=""offset"" type=""QString"" value=""0""/>
      <Option name=""offset_map_unit_scale"" type=""QString"" value=""3x:0,0,0,0,0,0""/>
      <Option name=""offset_unit"" type=""QString"" value=""MM""/>
      <Option name=""ring_filter"" type=""QString"" value=""0""/>
      <Option name=""trim_distance_end"" type=""QString"" value=""0""/>
      <Option name=""trim_distance_end_map_unit_scale"" type=""QString"" value=""3x:0,0,0,0,0,0""/>
      <Option name=""trim_distance_end_unit"" type=""QString"" value=""MM""/>
      <Option name=""trim_distance_start"" type=""QString"" value=""0""/>
      <Option name=""trim_distance_start_map_unit_scale"" type=""QString"" value=""3x:0,0,0,0,0,0""/>
      <Option name=""trim_distance_start_unit"" type=""QString"" value=""MM""/>
      <Option name=""tweak_dash_pattern_on_corners"" type=""QString"" value=""0""/>
      <Option name=""use_custom_dash"" type=""QString"" value=""0""/>
      <Option name=""width_map_unit_scale"" type=""QString"" value=""3x:0,0,0,0,0,0""/>
     </Option>
     <data_defined_properties>
      <Option type=""Map"">
       <Option name=""name"" type=""QString"" value=""""/>
       <Option name=""properties""/>
       <Option name=""type"" type=""QString"" value=""collection""/>
      </Option>
     </data_defined_properties>
    </layer>
   </symbol>
   <symbol name=""16"" type=""line"" alpha=""1"" is_animated=""0"" clip_to_extent=""1"" force_rhr=""0"" frame_rate=""10"">
    <data_defined_properties>
     <Option type=""Map"">
      <Option name=""name"" type=""QString"" value=""""/>
      <Option name=""properties""/>
      <Option name=""type"" type=""QString"" value=""collection""/>
     </Option>
    </data_defined_properties>
    <layer locked=""0"" enabled=""1"" id=""{023b196a-5f5e-4c61-a655-19c409bdaf95}"" class=""SimpleLine"" pass=""0"">
     <Option type=""Map"">
      <Option name=""align_dash_pattern"" type=""QString"" value=""0""/>
      <Option name=""capstyle"" type=""QString"" value=""square""/>
      <Option name=""customdash"" type=""QString"" value=""5;2""/>
      <Option name=""customdash_map_unit_scale"" type=""QString"" value=""3x:0,0,0,0,0,0""/>
      <Option name=""customdash_unit"" type=""QString"" value=""MM""/>
      <Option name=""dash_pattern_offset"" type=""QString"" value=""0""/>
      <Option name=""dash_pattern_offset_map_unit_scale"" type=""QString"" value=""3x:0,0,0,0,0,0""/>
      <Option name=""dash_pattern_offset_unit"" type=""QString"" value=""MM""/>
      <Option name=""draw_inside_polygon"" type=""QString"" value=""0""/>
      <Option name=""joinstyle"" type=""QString"" value=""bevel""/>
      <Option name=""line_color"" type=""QString"" value=""154,40,101,255,rgb:0.60392156862745094,0.15588616769665065,0.39705500877393757,1""/>
      <Option name=""line_style"" type=""QString"" value=""solid""/>
      <Option name=""line_width"" type=""QString"" value=""0.66""/>
      <Option name=""line_width_unit"" type=""QString"" value=""MM""/>
      <Option name=""offset"" type=""QString"" value=""0""/>
      <Option name=""offset_map_unit_scale"" type=""QString"" value=""3x:0,0,0,0,0,0""/>
      <Option name=""offset_unit"" type=""QString"" value=""MM""/>
      <Option name=""ring_filter"" type=""QString"" value=""0""/>
      <Option name=""trim_distance_end"" type=""QString"" value=""0""/>
      <Option name=""trim_distance_end_map_unit_scale"" type=""QString"" value=""3x:0,0,0,0,0,0""/>
      <Option name=""trim_distance_end_unit"" type=""QString"" value=""MM""/>
      <Option name=""trim_distance_start"" type=""QString"" value=""0""/>
      <Option name=""trim_distance_start_map_unit_scale"" type=""QString"" value=""3x:0,0,0,0,0,0""/>
      <Option name=""trim_distance_start_unit"" type=""QString"" value=""MM""/>
      <Option name=""tweak_dash_pattern_on_corners"" type=""QString"" value=""0""/>
      <Option name=""use_custom_dash"" type=""QString"" value=""0""/>
      <Option name=""width_map_unit_scale"" type=""QString"" value=""3x:0,0,0,0,0,0""/>
     </Option>
     <data_defined_properties>
      <Option type=""Map"">
       <Option name=""name"" type=""QString"" value=""""/>
       <Option name=""properties""/>
       <Option name=""type"" type=""QString"" value=""collection""/>
      </Option>
     </data_defined_properties>
    </layer>
   </symbol>
   <symbol name=""17"" type=""line"" alpha=""1"" is_animated=""0"" clip_to_extent=""1"" force_rhr=""0"" frame_rate=""10"">
    <data_defined_properties>
     <Option type=""Map"">
      <Option name=""name"" type=""QString"" value=""""/>
      <Option name=""properties""/>
      <Option name=""type"" type=""QString"" value=""collection""/>
     </Option>
    </data_defined_properties>
    <layer locked=""0"" enabled=""1"" id=""{023b196a-5f5e-4c61-a655-19c409bdaf95}"" class=""SimpleLine"" pass=""0"">
     <Option type=""Map"">
      <Option name=""align_dash_pattern"" type=""QString"" value=""0""/>
      <Option name=""capstyle"" type=""QString"" value=""square""/>
      <Option name=""customdash"" type=""QString"" value=""5;2""/>
      <Option name=""customdash_map_unit_scale"" type=""QString"" value=""3x:0,0,0,0,0,0""/>
      <Option name=""customdash_unit"" type=""QString"" value=""MM""/>
      <Option name=""dash_pattern_offset"" type=""QString"" value=""0""/>
      <Option name=""dash_pattern_offset_map_unit_scale"" type=""QString"" value=""3x:0,0,0,0,0,0""/>
      <Option name=""dash_pattern_offset_unit"" type=""QString"" value=""MM""/>
      <Option name=""draw_inside_polygon"" type=""QString"" value=""0""/>
      <Option name=""joinstyle"" type=""QString"" value=""bevel""/>
      <Option name=""line_color"" type=""QString"" value=""165,45,96,255,rgb:0.64837109941252768,0.17515831235217821,0.37778286411841,1""/>
      <Option name=""line_style"" type=""QString"" value=""solid""/>
      <Option name=""line_width"" type=""QString"" value=""0.66""/>
      <Option name=""line_width_unit"" type=""QString"" value=""MM""/>
      <Option name=""offset"" type=""QString"" value=""0""/>
      <Option name=""offset_map_unit_scale"" type=""QString"" value=""3x:0,0,0,0,0,0""/>
      <Option name=""offset_unit"" type=""QString"" value=""MM""/>
      <Option name=""ring_filter"" type=""QString"" value=""0""/>
      <Option name=""trim_distance_end"" type=""QString"" value=""0""/>
      <Option name=""trim_distance_end_map_unit_scale"" type=""QString"" value=""3x:0,0,0,0,0,0""/>
      <Option name=""trim_distance_end_unit"" type=""QString"" value=""MM""/>
      <Option name=""trim_distance_start"" type=""QString"" value=""0""/>
      <Option name=""trim_distance_start_map_unit_scale"" type=""QString"" value=""3x:0,0,0,0,0,0""/>
      <Option name=""trim_distance_start_unit"" type=""QString"" value=""MM""/>
      <Option name=""tweak_dash_pattern_on_corners"" type=""QString"" value=""0""/>
      <Option name=""use_custom_dash"" type=""QString"" value=""0""/>
      <Option name=""width_map_unit_scale"" type=""QString"" value=""3x:0,0,0,0,0,0""/>
     </Option>
     <data_defined_properties>
      <Option type=""Map"">
       <Option name=""name"" type=""QString"" value=""""/>
       <Option name=""properties""/>
       <Option name=""type"" type=""QString"" value=""collection""/>
      </Option>
     </data_defined_properties>
    </layer>
   </symbol>
   <symbol name=""18"" type=""line"" alpha=""1"" is_animated=""0"" clip_to_extent=""1"" force_rhr=""0"" frame_rate=""10"">
    <data_defined_properties>
     <Option type=""Map"">
      <Option name=""name"" type=""QString"" value=""""/>
      <Option name=""properties""/>
      <Option name=""type"" type=""QString"" value=""collection""/>
     </Option>
    </data_defined_properties>
    <layer locked=""0"" enabled=""1"" id=""{023b196a-5f5e-4c61-a655-19c409bdaf95}"" class=""SimpleLine"" pass=""0"">
     <Option type=""Map"">
      <Option name=""align_dash_pattern"" type=""QString"" value=""0""/>
      <Option name=""capstyle"" type=""QString"" value=""square""/>
      <Option name=""customdash"" type=""QString"" value=""5;2""/>
      <Option name=""customdash_map_unit_scale"" type=""QString"" value=""3x:0,0,0,0,0,0""/>
      <Option name=""customdash_unit"" type=""QString"" value=""MM""/>
      <Option name=""dash_pattern_offset"" type=""QString"" value=""0""/>
      <Option name=""dash_pattern_offset_map_unit_scale"" type=""QString"" value=""3x:0,0,0,0,0,0""/>
      <Option name=""dash_pattern_offset_unit"" type=""QString"" value=""MM""/>
      <Option name=""draw_inside_polygon"" type=""QString"" value=""0""/>
      <Option name=""joinstyle"" type=""QString"" value=""bevel""/>
      <Option name=""line_color"" type=""QString"" value=""177,49,91,255,rgb:0.69248493171587699,0.19346913862821394,0.35555046921492334,1""/>
      <Option name=""line_style"" type=""QString"" value=""solid""/>
      <Option name=""line_width"" type=""QString"" value=""0.66""/>
      <Option name=""line_width_unit"" type=""QString"" value=""MM""/>
      <Option name=""offset"" type=""QString"" value=""0""/>
      <Option name=""offset_map_unit_scale"" type=""QString"" value=""3x:0,0,0,0,0,0""/>
      <Option name=""offset_unit"" type=""QString"" value=""MM""/>
      <Option name=""ring_filter"" type=""QString"" value=""0""/>
      <Option name=""trim_distance_end"" type=""QString"" value=""0""/>
      <Option name=""trim_distance_end_map_unit_scale"" type=""QString"" value=""3x:0,0,0,0,0,0""/>
      <Option name=""trim_distance_end_unit"" type=""QString"" value=""MM""/>
      <Option name=""trim_distance_start"" type=""QString"" value=""0""/>
      <Option name=""trim_distance_start_map_unit_scale"" type=""QString"" value=""3x:0,0,0,0,0,0""/>
      <Option name=""trim_distance_start_unit"" type=""QString"" value=""MM""/>
      <Option name=""tweak_dash_pattern_on_corners"" type=""QString"" value=""0""/>
      <Option name=""use_custom_dash"" type=""QString"" value=""0""/>
      <Option name=""width_map_unit_scale"" type=""QString"" value=""3x:0,0,0,0,0,0""/>
     </Option>
     <data_defined_properties>
      <Option type=""Map"">
       <Option name=""name"" type=""QString"" value=""""/>
       <Option name=""properties""/>
       <Option name=""type"" type=""QString"" value=""collection""/>
      </Option>
     </data_defined_properties>
    </layer>
   </symbol>
   <symbol name=""19"" type=""line"" alpha=""1"" is_animated=""0"" clip_to_extent=""1"" force_rhr=""0"" frame_rate=""10"">
    <data_defined_properties>
     <Option type=""Map"">
      <Option name=""name"" type=""QString"" value=""""/>
      <Option name=""properties""/>
      <Option name=""type"" type=""QString"" value=""collection""/>
     </Option>
    </data_defined_properties>
    <layer locked=""0"" enabled=""1"" id=""{023b196a-5f5e-4c61-a655-19c409bdaf95}"" class=""SimpleLine"" pass=""0"">
     <Option type=""Map"">
      <Option name=""align_dash_pattern"" type=""QString"" value=""0""/>
      <Option name=""capstyle"" type=""QString"" value=""square""/>
      <Option name=""customdash"" type=""QString"" value=""5;2""/>
      <Option name=""customdash_map_unit_scale"" type=""QString"" value=""3x:0,0,0,0,0,0""/>
      <Option name=""customdash_unit"" type=""QString"" value=""MM""/>
      <Option name=""dash_pattern_offset"" type=""QString"" value=""0""/>
      <Option name=""dash_pattern_offset_map_unit_scale"" type=""QString"" value=""3x:0,0,0,0,0,0""/>
      <Option name=""dash_pattern_offset_unit"" type=""QString"" value=""MM""/>
      <Option name=""draw_inside_polygon"" type=""QString"" value=""0""/>
      <Option name=""joinstyle"" type=""QString"" value=""bevel""/>
      <Option name=""line_color"" type=""QString"" value=""187,55,85,255,rgb:0.73333333333333328,0.21568627450980393,0.33138017853055618,1""/>
      <Option name=""line_style"" type=""QString"" value=""solid""/>
      <Option name=""line_width"" type=""QString"" value=""0.66""/>
      <Option name=""line_width_unit"" type=""QString"" value=""MM""/>
      <Option name=""offset"" type=""QString"" value=""0""/>
      <Option name=""offset_map_unit_scale"" type=""QString"" value=""3x:0,0,0,0,0,0""/>
      <Option name=""offset_unit"" type=""QString"" value=""MM""/>
      <Option name=""ring_filter"" type=""QString"" value=""0""/>
      <Option name=""trim_distance_end"" type=""QString"" value=""0""/>
      <Option name=""trim_distance_end_map_unit_scale"" type=""QString"" value=""3x:0,0,0,0,0,0""/>
      <Option name=""trim_distance_end_unit"" type=""QString"" value=""MM""/>
      <Option name=""trim_distance_start"" type=""QString"" value=""0""/>
      <Option name=""trim_distance_start_map_unit_scale"" type=""QString"" value=""3x:0,0,0,0,0,0""/>
      <Option name=""trim_distance_start_unit"" type=""QString"" value=""MM""/>
      <Option name=""tweak_dash_pattern_on_corners"" type=""QString"" value=""0""/>
      <Option name=""use_custom_dash"" type=""QString"" value=""0""/>
      <Option name=""width_map_unit_scale"" type=""QString"" value=""3x:0,0,0,0,0,0""/>
     </Option>
     <data_defined_properties>
      <Option type=""Map"">
       <Option name=""name"" type=""QString"" value=""""/>
       <Option name=""properties""/>
       <Option name=""type"" type=""QString"" value=""collection""/>
      </Option>
     </data_defined_properties>
    </layer>
   </symbol>
   <symbol name=""2"" type=""line"" alpha=""1"" is_animated=""0"" clip_to_extent=""1"" force_rhr=""0"" frame_rate=""10"">
    <data_defined_properties>
     <Option type=""Map"">
      <Option name=""name"" type=""QString"" value=""""/>
      <Option name=""properties""/>
      <Option name=""type"" type=""QString"" value=""collection""/>
     </Option>
    </data_defined_properties>
    <layer locked=""0"" enabled=""1"" id=""{023b196a-5f5e-4c61-a655-19c409bdaf95}"" class=""SimpleLine"" pass=""0"">
     <Option type=""Map"">
      <Option name=""align_dash_pattern"" type=""QString"" value=""0""/>
      <Option name=""capstyle"" type=""QString"" value=""square""/>
      <Option name=""customdash"" type=""QString"" value=""5;2""/>
      <Option name=""customdash_map_unit_scale"" type=""QString"" value=""3x:0,0,0,0,0,0""/>
      <Option name=""customdash_unit"" type=""QString"" value=""MM""/>
      <Option name=""dash_pattern_offset"" type=""QString"" value=""0""/>
      <Option name=""dash_pattern_offset_map_unit_scale"" type=""QString"" value=""3x:0,0,0,0,0,0""/>
      <Option name=""dash_pattern_offset_unit"" type=""QString"" value=""MM""/>
      <Option name=""draw_inside_polygon"" type=""QString"" value=""0""/>
      <Option name=""joinstyle"" type=""QString"" value=""bevel""/>
      <Option name=""line_color"" type=""QString"" value=""3,3,17,255,rgb:0.01274128328374151,0.011108567940795,0.06503395132372015,1""/>
      <Option name=""line_style"" type=""QString"" value=""solid""/>
      <Option name=""line_width"" type=""QString"" value=""0.66""/>
      <Option name=""line_width_unit"" type=""QString"" value=""MM""/>
      <Option name=""offset"" type=""QString"" value=""0""/>
      <Option name=""offset_map_unit_scale"" type=""QString"" value=""3x:0,0,0,0,0,0""/>
      <Option name=""offset_unit"" type=""QString"" value=""MM""/>
      <Option name=""ring_filter"" type=""QString"" value=""0""/>
      <Option name=""trim_distance_end"" type=""QString"" value=""0""/>
      <Option name=""trim_distance_end_map_unit_scale"" type=""QString"" value=""3x:0,0,0,0,0,0""/>
      <Option name=""trim_distance_end_unit"" type=""QString"" value=""MM""/>
      <Option name=""trim_distance_start"" type=""QString"" value=""0""/>
      <Option name=""trim_distance_start_map_unit_scale"" type=""QString"" value=""3x:0,0,0,0,0,0""/>
      <Option name=""trim_distance_start_unit"" type=""QString"" value=""MM""/>
      <Option name=""tweak_dash_pattern_on_corners"" type=""QString"" value=""0""/>
      <Option name=""use_custom_dash"" type=""QString"" value=""0""/>
      <Option name=""width_map_unit_scale"" type=""QString"" value=""3x:0,0,0,0,0,0""/>
     </Option>
     <data_defined_properties>
      <Option type=""Map"">
       <Option name=""name"" type=""QString"" value=""""/>
       <Option name=""properties""/>
       <Option name=""type"" type=""QString"" value=""collection""/>
      </Option>
     </data_defined_properties>
    </layer>
   </symbol>
   <symbol name=""20"" type=""line"" alpha=""1"" is_animated=""0"" clip_to_extent=""1"" force_rhr=""0"" frame_rate=""10"">
    <data_defined_properties>
     <Option type=""Map"">
      <Option name=""name"" type=""QString"" value=""""/>
      <Option name=""properties""/>
      <Option name=""type"" type=""QString"" value=""collection""/>
     </Option>
    </data_defined_properties>
    <layer locked=""0"" enabled=""1"" id=""{023b196a-5f5e-4c61-a655-19c409bdaf95}"" class=""SimpleLine"" pass=""0"">
     <Option type=""Map"">
      <Option name=""align_dash_pattern"" type=""QString"" value=""0""/>
      <Option name=""capstyle"" type=""QString"" value=""square""/>
      <Option name=""customdash"" type=""QString"" value=""5;2""/>
      <Option name=""customdash_map_unit_scale"" type=""QString"" value=""3x:0,0,0,0,0,0""/>
      <Option name=""customdash_unit"" type=""QString"" value=""MM""/>
      <Option name=""dash_pattern_offset"" type=""QString"" value=""0""/>
      <Option name=""dash_pattern_offset_map_unit_scale"" type=""QString"" value=""3x:0,0,0,0,0,0""/>
      <Option name=""dash_pattern_offset_unit"" type=""QString"" value=""MM""/>
      <Option name=""draw_inside_polygon"" type=""QString"" value=""0""/>
      <Option name=""joinstyle"" type=""QString"" value=""bevel""/>
      <Option name=""line_color"" type=""QString"" value=""197,61,77,255,rgb:0.77418173495078968,0.2379034103913939,0.30359349965667198,1""/>
      <Option name=""line_style"" type=""QString"" value=""solid""/>
      <Option name=""line_width"" type=""QString"" value=""0.66""/>
      <Option name=""line_width_unit"" type=""QString"" value=""MM""/>
      <Option name=""offset"" type=""QString"" value=""0""/>
      <Option name=""offset_map_unit_scale"" type=""QString"" value=""3x:0,0,0,0,0,0""/>
      <Option name=""offset_unit"" type=""QString"" value=""MM""/>
      <Option name=""ring_filter"" type=""QString"" value=""0""/>
      <Option name=""trim_distance_end"" type=""QString"" value=""0""/>
      <Option name=""trim_distance_end_map_unit_scale"" type=""QString"" value=""3x:0,0,0,0,0,0""/>
      <Option name=""trim_distance_end_unit"" type=""QString"" value=""MM""/>
      <Option name=""trim_distance_start"" type=""QString"" value=""0""/>
      <Option name=""trim_distance_start_map_unit_scale"" type=""QString"" value=""3x:0,0,0,0,0,0""/>
      <Option name=""trim_distance_start_unit"" type=""QString"" value=""MM""/>
      <Option name=""tweak_dash_pattern_on_corners"" type=""QString"" value=""0""/>
      <Option name=""use_custom_dash"" type=""QString"" value=""0""/>
      <Option name=""width_map_unit_scale"" type=""QString"" value=""3x:0,0,0,0,0,0""/>
     </Option>
     <data_defined_properties>
      <Option type=""Map"">
       <Option name=""name"" type=""QString"" value=""""/>
       <Option name=""properties""/>
       <Option name=""type"" type=""QString"" value=""collection""/>
      </Option>
     </data_defined_properties>
    </layer>
   </symbol>
   <symbol name=""21"" type=""line"" alpha=""1"" is_animated=""0"" clip_to_extent=""1"" force_rhr=""0"" frame_rate=""10"">
    <data_defined_properties>
     <Option type=""Map"">
      <Option name=""name"" type=""QString"" value=""""/>
      <Option name=""properties""/>
      <Option name=""type"" type=""QString"" value=""collection""/>
     </Option>
    </data_defined_properties>
    <layer locked=""0"" enabled=""1"" id=""{023b196a-5f5e-4c61-a655-19c409bdaf95}"" class=""SimpleLine"" pass=""0"">
     <Option type=""Map"">
      <Option name=""align_dash_pattern"" type=""QString"" value=""0""/>
      <Option name=""capstyle"" type=""QString"" value=""square""/>
      <Option name=""customdash"" type=""QString"" value=""5;2""/>
      <Option name=""customdash_map_unit_scale"" type=""QString"" value=""3x:0,0,0,0,0,0""/>
      <Option name=""customdash_unit"" type=""QString"" value=""MM""/>
      <Option name=""dash_pattern_offset"" type=""QString"" value=""0""/>
      <Option name=""dash_pattern_offset_map_unit_scale"" type=""QString"" value=""3x:0,0,0,0,0,0""/>
      <Option name=""dash_pattern_offset_unit"" type=""QString"" value=""MM""/>
      <Option name=""draw_inside_polygon"" type=""QString"" value=""0""/>
      <Option name=""joinstyle"" type=""QString"" value=""bevel""/>
      <Option name=""line_color"" type=""QString"" value=""206,68,70,255,rgb:0.80915541313801786,0.26535439078355078,0.27582207980468454,1""/>
      <Option name=""line_style"" type=""QString"" value=""solid""/>
      <Option name=""line_width"" type=""QString"" value=""0.66""/>
      <Option name=""line_width_unit"" type=""QString"" value=""MM""/>
      <Option name=""offset"" type=""QString"" value=""0""/>
      <Option name=""offset_map_unit_scale"" type=""QString"" value=""3x:0,0,0,0,0,0""/>
      <Option name=""offset_unit"" type=""QString"" value=""MM""/>
      <Option name=""ring_filter"" type=""QString"" value=""0""/>
      <Option name=""trim_distance_end"" type=""QString"" value=""0""/>
      <Option name=""trim_distance_end_map_unit_scale"" type=""QString"" value=""3x:0,0,0,0,0,0""/>
      <Option name=""trim_distance_end_unit"" type=""QString"" value=""MM""/>
      <Option name=""trim_distance_start"" type=""QString"" value=""0""/>
      <Option name=""trim_distance_start_map_unit_scale"" type=""QString"" value=""3x:0,0,0,0,0,0""/>
      <Option name=""trim_distance_start_unit"" type=""QString"" value=""MM""/>
      <Option name=""tweak_dash_pattern_on_corners"" type=""QString"" value=""0""/>
      <Option name=""use_custom_dash"" type=""QString"" value=""0""/>
      <Option name=""width_map_unit_scale"" type=""QString"" value=""3x:0,0,0,0,0,0""/>
     </Option>
     <data_defined_properties>
      <Option type=""Map"">
       <Option name=""name"" type=""QString"" value=""""/>
       <Option name=""properties""/>
       <Option name=""type"" type=""QString"" value=""collection""/>
      </Option>
     </data_defined_properties>
    </layer>
   </symbol>
   <symbol name=""22"" type=""line"" alpha=""1"" is_animated=""0"" clip_to_extent=""1"" force_rhr=""0"" frame_rate=""10"">
    <data_defined_properties>
     <Option type=""Map"">
      <Option name=""name"" type=""QString"" value=""""/>
      <Option name=""properties""/>
      <Option name=""type"" type=""QString"" value=""collection""/>
     </Option>
    </data_defined_properties>
    <layer locked=""0"" enabled=""1"" id=""{023b196a-5f5e-4c61-a655-19c409bdaf95}"" class=""SimpleLine"" pass=""0"">
     <Option type=""Map"">
      <Option name=""align_dash_pattern"" type=""QString"" value=""0""/>
      <Option name=""capstyle"" type=""QString"" value=""square""/>
      <Option name=""customdash"" type=""QString"" value=""5;2""/>
      <Option name=""customdash_map_unit_scale"" type=""QString"" value=""3x:0,0,0,0,0,0""/>
      <Option name=""customdash_unit"" type=""QString"" value=""MM""/>
      <Option name=""dash_pattern_offset"" type=""QString"" value=""0""/>
      <Option name=""dash_pattern_offset_map_unit_scale"" type=""QString"" value=""3x:0,0,0,0,0,0""/>
      <Option name=""dash_pattern_offset_unit"" type=""QString"" value=""MM""/>
      <Option name=""draw_inside_polygon"" type=""QString"" value=""0""/>
      <Option name=""joinstyle"" type=""QString"" value=""bevel""/>
      <Option name=""line_color"" type=""QString"" value=""216,76,62,255,rgb:0.84510566872663462,0.29608606088349737,0.24509040970473792,1""/>
      <Option name=""line_style"" type=""QString"" value=""solid""/>
      <Option name=""line_width"" type=""QString"" value=""0.66""/>
      <Option name=""line_width_unit"" type=""QString"" value=""MM""/>
      <Option name=""offset"" type=""QString"" value=""0""/>
      <Option name=""offset_map_unit_scale"" type=""QString"" value=""3x:0,0,0,0,0,0""/>
      <Option name=""offset_unit"" type=""QString"" value=""MM""/>
      <Option name=""ring_filter"" type=""QString"" value=""0""/>
      <Option name=""trim_distance_end"" type=""QString"" value=""0""/>
      <Option name=""trim_distance_end_map_unit_scale"" type=""QString"" value=""3x:0,0,0,0,0,0""/>
      <Option name=""trim_distance_end_unit"" type=""QString"" value=""MM""/>
      <Option name=""trim_distance_start"" type=""QString"" value=""0""/>
      <Option name=""trim_distance_start_map_unit_scale"" type=""QString"" value=""3x:0,0,0,0,0,0""/>
      <Option name=""trim_distance_start_unit"" type=""QString"" value=""MM""/>
      <Option name=""tweak_dash_pattern_on_corners"" type=""QString"" value=""0""/>
      <Option name=""use_custom_dash"" type=""QString"" value=""0""/>
      <Option name=""width_map_unit_scale"" type=""QString"" value=""3x:0,0,0,0,0,0""/>
     </Option>
     <data_defined_properties>
      <Option type=""Map"">
       <Option name=""name"" type=""QString"" value=""""/>
       <Option name=""properties""/>
       <Option name=""type"" type=""QString"" value=""collection""/>
      </Option>
     </data_defined_properties>
    </layer>
   </symbol>
   <symbol name=""23"" type=""line"" alpha=""1"" is_animated=""0"" clip_to_extent=""1"" force_rhr=""0"" frame_rate=""10"">
    <data_defined_properties>
     <Option type=""Map"">
      <Option name=""name"" type=""QString"" value=""""/>
      <Option name=""properties""/>
      <Option name=""type"" type=""QString"" value=""collection""/>
     </Option>
    </data_defined_properties>
    <layer locked=""0"" enabled=""1"" id=""{023b196a-5f5e-4c61-a655-19c409bdaf95}"" class=""SimpleLine"" pass=""0"">
     <Option type=""Map"">
      <Option name=""align_dash_pattern"" type=""QString"" value=""0""/>
      <Option name=""capstyle"" type=""QString"" value=""square""/>
      <Option name=""customdash"" type=""QString"" value=""5;2""/>
      <Option name=""customdash_map_unit_scale"" type=""QString"" value=""3x:0,0,0,0,0,0""/>
      <Option name=""customdash_unit"" type=""QString"" value=""MM""/>
      <Option name=""dash_pattern_offset"" type=""QString"" value=""0""/>
      <Option name=""dash_pattern_offset_map_unit_scale"" type=""QString"" value=""3x:0,0,0,0,0,0""/>
      <Option name=""dash_pattern_offset_unit"" type=""QString"" value=""MM""/>
      <Option name=""draw_inside_polygon"" type=""QString"" value=""0""/>
      <Option name=""joinstyle"" type=""QString"" value=""bevel""/>
      <Option name=""line_color"" type=""QString"" value=""224,84,54,255,rgb:0.87777523460746165,0.33006790264744029,0.21176470588235294,1""/>
      <Option name=""line_style"" type=""QString"" value=""solid""/>
      <Option name=""line_width"" type=""QString"" value=""0.66""/>
      <Option name=""line_width_unit"" type=""QString"" value=""MM""/>
      <Option name=""offset"" type=""QString"" value=""0""/>
      <Option name=""offset_map_unit_scale"" type=""QString"" value=""3x:0,0,0,0,0,0""/>
      <Option name=""offset_unit"" type=""QString"" value=""MM""/>
      <Option name=""ring_filter"" type=""QString"" value=""0""/>
      <Option name=""trim_distance_end"" type=""QString"" value=""0""/>
      <Option name=""trim_distance_end_map_unit_scale"" type=""QString"" value=""3x:0,0,0,0,0,0""/>
      <Option name=""trim_distance_end_unit"" type=""QString"" value=""MM""/>
      <Option name=""trim_distance_start"" type=""QString"" value=""0""/>
      <Option name=""trim_distance_start_map_unit_scale"" type=""QString"" value=""3x:0,0,0,0,0,0""/>
      <Option name=""trim_distance_start_unit"" type=""QString"" value=""MM""/>
      <Option name=""tweak_dash_pattern_on_corners"" type=""QString"" value=""0""/>
      <Option name=""use_custom_dash"" type=""QString"" value=""0""/>
      <Option name=""width_map_unit_scale"" type=""QString"" value=""3x:0,0,0,0,0,0""/>
     </Option>
     <data_defined_properties>
      <Option type=""Map"">
       <Option name=""name"" type=""QString"" value=""""/>
       <Option name=""properties""/>
       <Option name=""type"" type=""QString"" value=""collection""/>
      </Option>
     </data_defined_properties>
    </layer>
   </symbol>
   <symbol name=""24"" type=""line"" alpha=""1"" is_animated=""0"" clip_to_extent=""1"" force_rhr=""0"" frame_rate=""10"">
    <data_defined_properties>
     <Option type=""Map"">
      <Option name=""name"" type=""QString"" value=""""/>
      <Option name=""properties""/>
      <Option name=""type"" type=""QString"" value=""collection""/>
     </Option>
    </data_defined_properties>
    <layer locked=""0"" enabled=""1"" id=""{023b196a-5f5e-4c61-a655-19c409bdaf95}"" class=""SimpleLine"" pass=""0"">
     <Option type=""Map"">
      <Option name=""align_dash_pattern"" type=""QString"" value=""0""/>
      <Option name=""capstyle"" type=""QString"" value=""square""/>
      <Option name=""customdash"" type=""QString"" value=""5;2""/>
      <Option name=""customdash_map_unit_scale"" type=""QString"" value=""3x:0,0,0,0,0,0""/>
      <Option name=""customdash_unit"" type=""QString"" value=""MM""/>
      <Option name=""dash_pattern_offset"" type=""QString"" value=""0""/>
      <Option name=""dash_pattern_offset_map_unit_scale"" type=""QString"" value=""3x:0,0,0,0,0,0""/>
      <Option name=""dash_pattern_offset_unit"" type=""QString"" value=""MM""/>
      <Option name=""draw_inside_polygon"" type=""QString"" value=""0""/>
      <Option name=""joinstyle"" type=""QString"" value=""bevel""/>
      <Option name=""line_color"" type=""QString"" value=""231,94,46,255,rgb:0.90556191348134585,0.3689478904402228,0.17843900205996796,1""/>
      <Option name=""line_style"" type=""QString"" value=""solid""/>
      <Option name=""line_width"" type=""QString"" value=""0.66""/>
      <Option name=""line_width_unit"" type=""QString"" value=""MM""/>
      <Option name=""offset"" type=""QString"" value=""0""/>
      <Option name=""offset_map_unit_scale"" type=""QString"" value=""3x:0,0,0,0,0,0""/>
      <Option name=""offset_unit"" type=""QString"" value=""MM""/>
      <Option name=""ring_filter"" type=""QString"" value=""0""/>
      <Option name=""trim_distance_end"" type=""QString"" value=""0""/>
      <Option name=""trim_distance_end_map_unit_scale"" type=""QString"" value=""3x:0,0,0,0,0,0""/>
      <Option name=""trim_distance_end_unit"" type=""QString"" value=""MM""/>
      <Option name=""trim_distance_start"" type=""QString"" value=""0""/>
      <Option name=""trim_distance_start_map_unit_scale"" type=""QString"" value=""3x:0,0,0,0,0,0""/>
      <Option name=""trim_distance_start_unit"" type=""QString"" value=""MM""/>
      <Option name=""tweak_dash_pattern_on_corners"" type=""QString"" value=""0""/>
      <Option name=""use_custom_dash"" type=""QString"" value=""0""/>
      <Option name=""width_map_unit_scale"" type=""QString"" value=""3x:0,0,0,0,0,0""/>
     </Option>
     <data_defined_properties>
      <Option type=""Map"">
       <Option name=""name"" type=""QString"" value=""""/>
       <Option name=""properties""/>
       <Option name=""type"" type=""QString"" value=""collection""/>
      </Option>
     </data_defined_properties>
    </layer>
   </symbol>
   <symbol name=""25"" type=""line"" alpha=""1"" is_animated=""0"" clip_to_extent=""1"" force_rhr=""0"" frame_rate=""10"">
    <data_defined_properties>
     <Option type=""Map"">
      <Option name=""name"" type=""QString"" value=""""/>
      <Option name=""properties""/>
      <Option name=""type"" type=""QString"" value=""collection""/>
     </Option>
    </data_defined_properties>
    <layer locked=""0"" enabled=""1"" id=""{023b196a-5f5e-4c61-a655-19c409bdaf95}"" class=""SimpleLine"" pass=""0"">
     <Option type=""Map"">
      <Option name=""align_dash_pattern"" type=""QString"" value=""0""/>
      <Option name=""capstyle"" type=""QString"" value=""square""/>
      <Option name=""customdash"" type=""QString"" value=""5;2""/>
      <Option name=""customdash_map_unit_scale"" type=""QString"" value=""3x:0,0,0,0,0,0""/>
      <Option name=""customdash_unit"" type=""QString"" value=""MM""/>
      <Option name=""dash_pattern_offset"" type=""QString"" value=""0""/>
      <Option name=""dash_pattern_offset_map_unit_scale"" type=""QString"" value=""3x:0,0,0,0,0,0""/>
      <Option name=""dash_pattern_offset_unit"" type=""QString"" value=""MM""/>
      <Option name=""draw_inside_polygon"" type=""QString"" value=""0""/>
      <Option name=""joinstyle"" type=""QString"" value=""bevel""/>
      <Option name=""line_color"" type=""QString"" value=""237,105,37,255,rgb:0.92941176470588238,0.41176470588235292,0.14509803921568629,1""/>
      <Option name=""line_style"" type=""QString"" value=""solid""/>
      <Option name=""line_width"" type=""QString"" value=""0.66""/>
      <Option name=""line_width_unit"" type=""QString"" value=""MM""/>
      <Option name=""offset"" type=""QString"" value=""0""/>
      <Option name=""offset_map_unit_scale"" type=""QString"" value=""3x:0,0,0,0,0,0""/>
      <Option name=""offset_unit"" type=""QString"" value=""MM""/>
      <Option name=""ring_filter"" type=""QString"" value=""0""/>
      <Option name=""trim_distance_end"" type=""QString"" value=""0""/>
      <Option name=""trim_distance_end_map_unit_scale"" type=""QString"" value=""3x:0,0,0,0,0,0""/>
      <Option name=""trim_distance_end_unit"" type=""QString"" value=""MM""/>
      <Option name=""trim_distance_start"" type=""QString"" value=""0""/>
      <Option name=""trim_distance_start_map_unit_scale"" type=""QString"" value=""3x:0,0,0,0,0,0""/>
      <Option name=""trim_distance_start_unit"" type=""QString"" value=""MM""/>
      <Option name=""tweak_dash_pattern_on_corners"" type=""QString"" value=""0""/>
      <Option name=""use_custom_dash"" type=""QString"" value=""0""/>
      <Option name=""width_map_unit_scale"" type=""QString"" value=""3x:0,0,0,0,0,0""/>
     </Option>
     <data_defined_properties>
      <Option type=""Map"">
       <Option name=""name"" type=""QString"" value=""""/>
       <Option name=""properties""/>
       <Option name=""type"" type=""QString"" value=""collection""/>
      </Option>
     </data_defined_properties>
    </layer>
   </symbol>
   <symbol name=""26"" type=""line"" alpha=""1"" is_animated=""0"" clip_to_extent=""1"" force_rhr=""0"" frame_rate=""10"">
    <data_defined_properties>
     <Option type=""Map"">
      <Option name=""name"" type=""QString"" value=""""/>
      <Option name=""properties""/>
      <Option name=""type"" type=""QString"" value=""collection""/>
     </Option>
    </data_defined_properties>
    <layer locked=""0"" enabled=""1"" id=""{023b196a-5f5e-4c61-a655-19c409bdaf95}"" class=""SimpleLine"" pass=""0"">
     <Option type=""Map"">
      <Option name=""align_dash_pattern"" type=""QString"" value=""0""/>
      <Option name=""capstyle"" type=""QString"" value=""square""/>
      <Option name=""customdash"" type=""QString"" value=""5;2""/>
      <Option name=""customdash_map_unit_scale"" type=""QString"" value=""3x:0,0,0,0,0,0""/>
      <Option name=""customdash_unit"" type=""QString"" value=""MM""/>
      <Option name=""dash_pattern_offset"" type=""QString"" value=""0""/>
      <Option name=""dash_pattern_offset_map_unit_scale"" type=""QString"" value=""3x:0,0,0,0,0,0""/>
      <Option name=""dash_pattern_offset_unit"" type=""QString"" value=""MM""/>
      <Option name=""draw_inside_polygon"" type=""QString"" value=""0""/>
      <Option name=""joinstyle"" type=""QString"" value=""bevel""/>
      <Option name=""line_color"" type=""QString"" value=""242,116,28,255,rgb:0.94999618524452578,0.45621423666742961,0.11012436102845807,1""/>
      <Option name=""line_style"" type=""QString"" value=""solid""/>
      <Option name=""line_width"" type=""QString"" value=""0.66""/>
      <Option name=""line_width_unit"" type=""QString"" value=""MM""/>
      <Option name=""offset"" type=""QString"" value=""0""/>
      <Option name=""offset_map_unit_scale"" type=""QString"" value=""3x:0,0,0,0,0,0""/>
      <Option name=""offset_unit"" type=""QString"" value=""MM""/>
      <Option name=""ring_filter"" type=""QString"" value=""0""/>
      <Option name=""trim_distance_end"" type=""QString"" value=""0""/>
      <Option name=""trim_distance_end_map_unit_scale"" type=""QString"" value=""3x:0,0,0,0,0,0""/>
      <Option name=""trim_distance_end_unit"" type=""QString"" value=""MM""/>
      <Option name=""trim_distance_start"" type=""QString"" value=""0""/>
      <Option name=""trim_distance_start_map_unit_scale"" type=""QString"" value=""3x:0,0,0,0,0,0""/>
      <Option name=""trim_distance_start_unit"" type=""QString"" value=""MM""/>
      <Option name=""tweak_dash_pattern_on_corners"" type=""QString"" value=""0""/>
      <Option name=""use_custom_dash"" type=""QString"" value=""0""/>
      <Option name=""width_map_unit_scale"" type=""QString"" value=""3x:0,0,0,0,0,0""/>
     </Option>
     <data_defined_properties>
      <Option type=""Map"">
       <Option name=""name"" type=""QString"" value=""""/>
       <Option name=""properties""/>
       <Option name=""type"" type=""QString"" value=""collection""/>
      </Option>
     </data_defined_properties>
    </layer>
   </symbol>
   <symbol name=""27"" type=""line"" alpha=""1"" is_animated=""0"" clip_to_extent=""1"" force_rhr=""0"" frame_rate=""10"">
    <data_defined_properties>
     <Option type=""Map"">
      <Option name=""name"" type=""QString"" value=""""/>
      <Option name=""properties""/>
      <Option name=""type"" type=""QString"" value=""collection""/>
     </Option>
    </data_defined_properties>
    <layer locked=""0"" enabled=""1"" id=""{023b196a-5f5e-4c61-a655-19c409bdaf95}"" class=""SimpleLine"" pass=""0"">
     <Option type=""Map"">
      <Option name=""align_dash_pattern"" type=""QString"" value=""0""/>
      <Option name=""capstyle"" type=""QString"" value=""square""/>
      <Option name=""customdash"" type=""QString"" value=""5;2""/>
      <Option name=""customdash_map_unit_scale"" type=""QString"" value=""3x:0,0,0,0,0,0""/>
      <Option name=""customdash_unit"" type=""QString"" value=""MM""/>
      <Option name=""dash_pattern_offset"" type=""QString"" value=""0""/>
      <Option name=""dash_pattern_offset_map_unit_scale"" type=""QString"" value=""3x:0,0,0,0,0,0""/>
      <Option name=""dash_pattern_offset_unit"" type=""QString"" value=""MM""/>
      <Option name=""draw_inside_polygon"" type=""QString"" value=""0""/>
      <Option name=""joinstyle"" type=""QString"" value=""bevel""/>
      <Option name=""line_color"" type=""QString"" value=""247,129,19,255,rgb:0.96667429617761502,0.50392919813839931,0.07450980392156863,1""/>
      <Option name=""line_style"" type=""QString"" value=""solid""/>
      <Option name=""line_width"" type=""QString"" value=""0.66""/>
      <Option name=""line_width_unit"" type=""QString"" value=""MM""/>
      <Option name=""offset"" type=""QString"" value=""0""/>
      <Option name=""offset_map_unit_scale"" type=""QString"" value=""3x:0,0,0,0,0,0""/>
      <Option name=""offset_unit"" type=""QString"" value=""MM""/>
      <Option name=""ring_filter"" type=""QString"" value=""0""/>
      <Option name=""trim_distance_end"" type=""QString"" value=""0""/>
      <Option name=""trim_distance_end_map_unit_scale"" type=""QString"" value=""3x:0,0,0,0,0,0""/>
      <Option name=""trim_distance_end_unit"" type=""QString"" value=""MM""/>
      <Option name=""trim_distance_start"" type=""QString"" value=""0""/>
      <Option name=""trim_distance_start_map_unit_scale"" type=""QString"" value=""3x:0,0,0,0,0,0""/>
      <Option name=""trim_distance_start_unit"" type=""QString"" value=""MM""/>
      <Option name=""tweak_dash_pattern_on_corners"" type=""QString"" value=""0""/>
      <Option name=""use_custom_dash"" type=""QString"" value=""0""/>
      <Option name=""width_map_unit_scale"" type=""QString"" value=""3x:0,0,0,0,0,0""/>
     </Option>
     <data_defined_properties>
      <Option type=""Map"">
       <Option name=""name"" type=""QString"" value=""""/>
       <Option name=""properties""/>
       <Option name=""type"" type=""QString"" value=""collection""/>
      </Option>
     </data_defined_properties>
    </layer>
   </symbol>
   <symbol name=""28"" type=""line"" alpha=""1"" is_animated=""0"" clip_to_extent=""1"" force_rhr=""0"" frame_rate=""10"">
    <data_defined_properties>
     <Option type=""Map"">
      <Option name=""name"" type=""QString"" value=""""/>
      <Option name=""properties""/>
      <Option name=""type"" type=""QString"" value=""collection""/>
     </Option>
    </data_defined_properties>
    <layer locked=""0"" enabled=""1"" id=""{023b196a-5f5e-4c61-a655-19c409bdaf95}"" class=""SimpleLine"" pass=""0"">
     <Option type=""Map"">
      <Option name=""align_dash_pattern"" type=""QString"" value=""0""/>
      <Option name=""capstyle"" type=""QString"" value=""square""/>
      <Option name=""customdash"" type=""QString"" value=""5;2""/>
      <Option name=""customdash_map_unit_scale"" type=""QString"" value=""3x:0,0,0,0,0,0""/>
      <Option name=""customdash_unit"" type=""QString"" value=""MM""/>
      <Option name=""dash_pattern_offset"" type=""QString"" value=""0""/>
      <Option name=""dash_pattern_offset_map_unit_scale"" type=""QString"" value=""3x:0,0,0,0,0,0""/>
      <Option name=""dash_pattern_offset_unit"" type=""QString"" value=""MM""/>
      <Option name=""draw_inside_polygon"" type=""QString"" value=""0""/>
      <Option name=""joinstyle"" type=""QString"" value=""bevel""/>
      <Option name=""line_color"" type=""QString"" value=""249,141,10,255,rgb:0.97744716563668266,0.55391775387197684,0.0392156862745098,1""/>
      <Option name=""line_style"" type=""QString"" value=""solid""/>
      <Option name=""line_width"" type=""QString"" value=""0.66""/>
      <Option name=""line_width_unit"" type=""QString"" value=""MM""/>
      <Option name=""offset"" type=""QString"" value=""0""/>
      <Option name=""offset_map_unit_scale"" type=""QString"" value=""3x:0,0,0,0,0,0""/>
      <Option name=""offset_unit"" type=""QString"" value=""MM""/>
      <Option name=""ring_filter"" type=""QString"" value=""0""/>
      <Option name=""trim_distance_end"" type=""QString"" value=""0""/>
      <Option name=""trim_distance_end_map_unit_scale"" type=""QString"" value=""3x:0,0,0,0,0,0""/>
      <Option name=""trim_distance_end_unit"" type=""QString"" value=""MM""/>
      <Option name=""trim_distance_start"" type=""QString"" value=""0""/>
      <Option name=""trim_distance_start_map_unit_scale"" type=""QString"" value=""3x:0,0,0,0,0,0""/>
      <Option name=""trim_distance_start_unit"" type=""QString"" value=""MM""/>
      <Option name=""tweak_dash_pattern_on_corners"" type=""QString"" value=""0""/>
      <Option name=""use_custom_dash"" type=""QString"" value=""0""/>
      <Option name=""width_map_unit_scale"" type=""QString"" value=""3x:0,0,0,0,0,0""/>
     </Option>
     <data_defined_properties>
      <Option type=""Map"">
       <Option name=""name"" type=""QString"" value=""""/>
       <Option name=""properties""/>
       <Option name=""type"" type=""QString"" value=""collection""/>
      </Option>
     </data_defined_properties>
    </layer>
   </symbol>
   <symbol name=""29"" type=""line"" alpha=""1"" is_animated=""0"" clip_to_extent=""1"" force_rhr=""0"" frame_rate=""10"">
    <data_defined_properties>
     <Option type=""Map"">
      <Option name=""name"" type=""QString"" value=""""/>
      <Option name=""properties""/>
      <Option name=""type"" type=""QString"" value=""collection""/>
     </Option>
    </data_defined_properties>
    <layer locked=""0"" enabled=""1"" id=""{023b196a-5f5e-4c61-a655-19c409bdaf95}"" class=""SimpleLine"" pass=""0"">
     <Option type=""Map"">
      <Option name=""align_dash_pattern"" type=""QString"" value=""0""/>
      <Option name=""capstyle"" type=""QString"" value=""square""/>
      <Option name=""customdash"" type=""QString"" value=""5;2""/>
      <Option name=""customdash_map_unit_scale"" type=""QString"" value=""3x:0,0,0,0,0,0""/>
      <Option name=""customdash_unit"" type=""QString"" value=""MM""/>
      <Option name=""dash_pattern_offset"" type=""QString"" value=""0""/>
      <Option name=""dash_pattern_offset_map_unit_scale"" type=""QString"" value=""3x:0,0,0,0,0,0""/>
      <Option name=""dash_pattern_offset_unit"" type=""QString"" value=""MM""/>
      <Option name=""draw_inside_polygon"" type=""QString"" value=""0""/>
      <Option name=""joinstyle"" type=""QString"" value=""bevel""/>
      <Option name=""line_color"" type=""QString"" value=""251,154,7,255,rgb:0.98300144960708014,0.60392156862745094,0.02745098039215686,1""/>
      <Option name=""line_style"" type=""QString"" value=""solid""/>
      <Option name=""line_width"" type=""QString"" value=""0.66""/>
      <Option name=""line_width_unit"" type=""QString"" value=""MM""/>
      <Option name=""offset"" type=""QString"" value=""0""/>
      <Option name=""offset_map_unit_scale"" type=""QString"" value=""3x:0,0,0,0,0,0""/>
      <Option name=""offset_unit"" type=""QString"" value=""MM""/>
      <Option name=""ring_filter"" type=""QString"" value=""0""/>
      <Option name=""trim_distance_end"" type=""QString"" value=""0""/>
      <Option name=""trim_distance_end_map_unit_scale"" type=""QString"" value=""3x:0,0,0,0,0,0""/>
      <Option name=""trim_distance_end_unit"" type=""QString"" value=""MM""/>
      <Option name=""trim_distance_start"" type=""QString"" value=""0""/>
      <Option name=""trim_distance_start_map_unit_scale"" type=""QString"" value=""3x:0,0,0,0,0,0""/>
      <Option name=""trim_distance_start_unit"" type=""QString"" value=""MM""/>
      <Option name=""tweak_dash_pattern_on_corners"" type=""QString"" value=""0""/>
      <Option name=""use_custom_dash"" type=""QString"" value=""0""/>
      <Option name=""width_map_unit_scale"" type=""QString"" value=""3x:0,0,0,0,0,0""/>
     </Option>
     <data_defined_properties>
      <Option type=""Map"">
       <Option name=""name"" type=""QString"" value=""""/>
       <Option name=""properties""/>
       <Option name=""type"" type=""QString"" value=""collection""/>
      </Option>
     </data_defined_properties>
    </layer>
   </symbol>
   <symbol name=""3"" type=""line"" alpha=""1"" is_animated=""0"" clip_to_extent=""1"" force_rhr=""0"" frame_rate=""10"">
    <data_defined_properties>
     <Option type=""Map"">
      <Option name=""name"" type=""QString"" value=""""/>
      <Option name=""properties""/>
      <Option name=""type"" type=""QString"" value=""collection""/>
     </Option>
    </data_defined_properties>
    <layer locked=""0"" enabled=""1"" id=""{023b196a-5f5e-4c61-a655-19c409bdaf95}"" class=""SimpleLine"" pass=""0"">
     <Option type=""Map"">
      <Option name=""align_dash_pattern"" type=""QString"" value=""0""/>
      <Option name=""capstyle"" type=""QString"" value=""square""/>
      <Option name=""customdash"" type=""QString"" value=""5;2""/>
      <Option name=""customdash_map_unit_scale"" type=""QString"" value=""3x:0,0,0,0,0,0""/>
      <Option name=""customdash_unit"" type=""QString"" value=""MM""/>
      <Option name=""dash_pattern_offset"" type=""QString"" value=""0""/>
      <Option name=""dash_pattern_offset_map_unit_scale"" type=""QString"" value=""3x:0,0,0,0,0,0""/>
      <Option name=""dash_pattern_offset_unit"" type=""QString"" value=""MM""/>
      <Option name=""draw_inside_polygon"" type=""QString"" value=""0""/>
      <Option name=""joinstyle"" type=""QString"" value=""bevel""/>
      <Option name=""line_color"" type=""QString"" value=""9,7,32,255,rgb:0.03595025558861677,0.02549782558937972,0.12614633401998931,1""/>
      <Option name=""line_style"" type=""QString"" value=""solid""/>
      <Option name=""line_width"" type=""QString"" value=""0.66""/>
      <Option name=""line_width_unit"" type=""QString"" value=""MM""/>
      <Option name=""offset"" type=""QString"" value=""0""/>
      <Option name=""offset_map_unit_scale"" type=""QString"" value=""3x:0,0,0,0,0,0""/>
      <Option name=""offset_unit"" type=""QString"" value=""MM""/>
      <Option name=""ring_filter"" type=""QString"" value=""0""/>
      <Option name=""trim_distance_end"" type=""QString"" value=""0""/>
      <Option name=""trim_distance_end_map_unit_scale"" type=""QString"" value=""3x:0,0,0,0,0,0""/>
      <Option name=""trim_distance_end_unit"" type=""QString"" value=""MM""/>
      <Option name=""trim_distance_start"" type=""QString"" value=""0""/>
      <Option name=""trim_distance_start_map_unit_scale"" type=""QString"" value=""3x:0,0,0,0,0,0""/>
      <Option name=""trim_distance_start_unit"" type=""QString"" value=""MM""/>
      <Option name=""tweak_dash_pattern_on_corners"" type=""QString"" value=""0""/>
      <Option name=""use_custom_dash"" type=""QString"" value=""0""/>
      <Option name=""width_map_unit_scale"" type=""QString"" value=""3x:0,0,0,0,0,0""/>
     </Option>
     <data_defined_properties>
      <Option type=""Map"">
       <Option name=""name"" type=""QString"" value=""""/>
       <Option name=""properties""/>
       <Option name=""type"" type=""QString"" value=""collection""/>
      </Option>
     </data_defined_properties>
    </layer>
   </symbol>
   <symbol name=""30"" type=""line"" alpha=""1"" is_animated=""0"" clip_to_extent=""1"" force_rhr=""0"" frame_rate=""10"">
    <data_defined_properties>
     <Option type=""Map"">
      <Option name=""name"" type=""QString"" value=""""/>
      <Option name=""properties""/>
      <Option name=""type"" type=""QString"" value=""collection""/>
     </Option>
    </data_defined_properties>
    <layer locked=""0"" enabled=""1"" id=""{023b196a-5f5e-4c61-a655-19c409bdaf95}"" class=""SimpleLine"" pass=""0"">
     <Option type=""Map"">
      <Option name=""align_dash_pattern"" type=""QString"" value=""0""/>
      <Option name=""capstyle"" type=""QString"" value=""square""/>
      <Option name=""customdash"" type=""QString"" value=""5;2""/>
      <Option name=""customdash_map_unit_scale"" type=""QString"" value=""3x:0,0,0,0,0,0""/>
      <Option name=""customdash_unit"" type=""QString"" value=""MM""/>
      <Option name=""dash_pattern_offset"" type=""QString"" value=""0""/>
      <Option name=""dash_pattern_offset_map_unit_scale"" type=""QString"" value=""3x:0,0,0,0,0,0""/>
      <Option name=""dash_pattern_offset_unit"" type=""QString"" value=""MM""/>
      <Option name=""draw_inside_polygon"" type=""QString"" value=""0""/>
      <Option name=""joinstyle"" type=""QString"" value=""bevel""/>
      <Option name=""line_color"" type=""QString"" value=""252,167,13,255,rgb:0.9882352941176471,0.65424582284275579,0.04966811627374685,1""/>
      <Option name=""line_style"" type=""QString"" value=""solid""/>
      <Option name=""line_width"" type=""QString"" value=""0.66""/>
      <Option name=""line_width_unit"" type=""QString"" value=""MM""/>
      <Option name=""offset"" type=""QString"" value=""0""/>
      <Option name=""offset_map_unit_scale"" type=""QString"" value=""3x:0,0,0,0,0,0""/>
      <Option name=""offset_unit"" type=""QString"" value=""MM""/>
      <Option name=""ring_filter"" type=""QString"" value=""0""/>
      <Option name=""trim_distance_end"" type=""QString"" value=""0""/>
      <Option name=""trim_distance_end_map_unit_scale"" type=""QString"" value=""3x:0,0,0,0,0,0""/>
      <Option name=""trim_distance_end_unit"" type=""QString"" value=""MM""/>
      <Option name=""trim_distance_start"" type=""QString"" value=""0""/>
      <Option name=""trim_distance_start_map_unit_scale"" type=""QString"" value=""3x:0,0,0,0,0,0""/>
      <Option name=""trim_distance_start_unit"" type=""QString"" value=""MM""/>
      <Option name=""tweak_dash_pattern_on_corners"" type=""QString"" value=""0""/>
      <Option name=""use_custom_dash"" type=""QString"" value=""0""/>
      <Option name=""width_map_unit_scale"" type=""QString"" value=""3x:0,0,0,0,0,0""/>
     </Option>
     <data_defined_properties>
      <Option type=""Map"">
       <Option name=""name"" type=""QString"" value=""""/>
       <Option name=""properties""/>
       <Option name=""type"" type=""QString"" value=""collection""/>
      </Option>
     </data_defined_properties>
    </layer>
   </symbol>
   <symbol name=""31"" type=""line"" alpha=""1"" is_animated=""0"" clip_to_extent=""1"" force_rhr=""0"" frame_rate=""10"">
    <data_defined_properties>
     <Option type=""Map"">
      <Option name=""name"" type=""QString"" value=""""/>
      <Option name=""properties""/>
      <Option name=""type"" type=""QString"" value=""collection""/>
     </Option>
    </data_defined_properties>
    <layer locked=""0"" enabled=""1"" id=""{023b196a-5f5e-4c61-a655-19c409bdaf95}"" class=""SimpleLine"" pass=""0"">
     <Option type=""Map"">
      <Option name=""align_dash_pattern"" type=""QString"" value=""0""/>
      <Option name=""capstyle"" type=""QString"" value=""square""/>
      <Option name=""customdash"" type=""QString"" value=""5;2""/>
      <Option name=""customdash_map_unit_scale"" type=""QString"" value=""3x:0,0,0,0,0,0""/>
      <Option name=""customdash_unit"" type=""QString"" value=""MM""/>
      <Option name=""dash_pattern_offset"" type=""QString"" value=""0""/>
      <Option name=""dash_pattern_offset_map_unit_scale"" type=""QString"" value=""3x:0,0,0,0,0,0""/>
      <Option name=""dash_pattern_offset_unit"" type=""QString"" value=""MM""/>
      <Option name=""draw_inside_polygon"" type=""QString"" value=""0""/>
      <Option name=""joinstyle"" type=""QString"" value=""bevel""/>
      <Option name=""line_color"" type=""QString"" value=""251,181,26,255,rgb:0.98626688029297327,0.70980392156862748,0.10000762951094835,1""/>
      <Option name=""line_style"" type=""QString"" value=""solid""/>
      <Option name=""line_width"" type=""QString"" value=""0.66""/>
      <Option name=""line_width_unit"" type=""QString"" value=""MM""/>
      <Option name=""offset"" type=""QString"" value=""0""/>
      <Option name=""offset_map_unit_scale"" type=""QString"" value=""3x:0,0,0,0,0,0""/>
      <Option name=""offset_unit"" type=""QString"" value=""MM""/>
      <Option name=""ring_filter"" type=""QString"" value=""0""/>
      <Option name=""trim_distance_end"" type=""QString"" value=""0""/>
      <Option name=""trim_distance_end_map_unit_scale"" type=""QString"" value=""3x:0,0,0,0,0,0""/>
      <Option name=""trim_distance_end_unit"" type=""QString"" value=""MM""/>
      <Option name=""trim_distance_start"" type=""QString"" value=""0""/>
      <Option name=""trim_distance_start_map_unit_scale"" type=""QString"" value=""3x:0,0,0,0,0,0""/>
      <Option name=""trim_distance_start_unit"" type=""QString"" value=""MM""/>
      <Option name=""tweak_dash_pattern_on_corners"" type=""QString"" value=""0""/>
      <Option name=""use_custom_dash"" type=""QString"" value=""0""/>
      <Option name=""width_map_unit_scale"" type=""QString"" value=""3x:0,0,0,0,0,0""/>
     </Option>
     <data_defined_properties>
      <Option type=""Map"">
       <Option name=""name"" type=""QString"" value=""""/>
       <Option name=""properties""/>
       <Option name=""type"" type=""QString"" value=""collection""/>
      </Option>
     </data_defined_properties>
    </layer>
   </symbol>
   <symbol name=""32"" type=""line"" alpha=""1"" is_animated=""0"" clip_to_extent=""1"" force_rhr=""0"" frame_rate=""10"">
    <data_defined_properties>
     <Option type=""Map"">
      <Option name=""name"" type=""QString"" value=""""/>
      <Option name=""properties""/>
      <Option name=""type"" type=""QString"" value=""collection""/>
     </Option>
    </data_defined_properties>
    <layer locked=""0"" enabled=""1"" id=""{023b196a-5f5e-4c61-a655-19c409bdaf95}"" class=""SimpleLine"" pass=""0"">
     <Option type=""Map"">
      <Option name=""align_dash_pattern"" type=""QString"" value=""0""/>
      <Option name=""capstyle"" type=""QString"" value=""square""/>
      <Option name=""customdash"" type=""QString"" value=""5;2""/>
      <Option name=""customdash_map_unit_scale"" type=""QString"" value=""3x:0,0,0,0,0,0""/>
      <Option name=""customdash_unit"" type=""QString"" value=""MM""/>
      <Option name=""dash_pattern_offset"" type=""QString"" value=""0""/>
      <Option name=""dash_pattern_offset_map_unit_scale"" type=""QString"" value=""3x:0,0,0,0,0,0""/>
      <Option name=""dash_pattern_offset_unit"" type=""QString"" value=""MM""/>
      <Option name=""draw_inside_polygon"" type=""QString"" value=""0""/>
      <Option name=""joinstyle"" type=""QString"" value=""bevel""/>
      <Option name=""line_color"" type=""QString"" value=""250,195,41,255,rgb:0.98071259632257568,0.76536202029449907,0.16110475318532083,1""/>
      <Option name=""line_style"" type=""QString"" value=""solid""/>
      <Option name=""line_width"" type=""QString"" value=""0.66""/>
      <Option name=""line_width_unit"" type=""QString"" value=""MM""/>
      <Option name=""offset"" type=""QString"" value=""0""/>
      <Option name=""offset_map_unit_scale"" type=""QString"" value=""3x:0,0,0,0,0,0""/>
      <Option name=""offset_unit"" type=""QString"" value=""MM""/>
      <Option name=""ring_filter"" type=""QString"" value=""0""/>
      <Option name=""trim_distance_end"" type=""QString"" value=""0""/>
      <Option name=""trim_distance_end_map_unit_scale"" type=""QString"" value=""3x:0,0,0,0,0,0""/>
      <Option name=""trim_distance_end_unit"" type=""QString"" value=""MM""/>
      <Option name=""trim_distance_start"" type=""QString"" value=""0""/>
      <Option name=""trim_distance_start_map_unit_scale"" type=""QString"" value=""3x:0,0,0,0,0,0""/>
      <Option name=""trim_distance_start_unit"" type=""QString"" value=""MM""/>
      <Option name=""tweak_dash_pattern_on_corners"" type=""QString"" value=""0""/>
      <Option name=""use_custom_dash"" type=""QString"" value=""0""/>
      <Option name=""width_map_unit_scale"" type=""QString"" value=""3x:0,0,0,0,0,0""/>
     </Option>
     <data_defined_properties>
      <Option type=""Map"">
       <Option name=""name"" type=""QString"" value=""""/>
       <Option name=""properties""/>
       <Option name=""type"" type=""QString"" value=""collection""/>
      </Option>
     </data_defined_properties>
    </layer>
   </symbol>
   <symbol name=""33"" type=""line"" alpha=""1"" is_animated=""0"" clip_to_extent=""1"" force_rhr=""0"" frame_rate=""10"">
    <data_defined_properties>
     <Option type=""Map"">
      <Option name=""name"" type=""QString"" value=""""/>
      <Option name=""properties""/>
      <Option name=""type"" type=""QString"" value=""collection""/>
     </Option>
    </data_defined_properties>
    <layer locked=""0"" enabled=""1"" id=""{023b196a-5f5e-4c61-a655-19c409bdaf95}"" class=""SimpleLine"" pass=""0"">
     <Option type=""Map"">
      <Option name=""align_dash_pattern"" type=""QString"" value=""0""/>
      <Option name=""capstyle"" type=""QString"" value=""square""/>
      <Option name=""customdash"" type=""QString"" value=""5;2""/>
      <Option name=""customdash_map_unit_scale"" type=""QString"" value=""3x:0,0,0,0,0,0""/>
      <Option name=""customdash_unit"" type=""QString"" value=""MM""/>
      <Option name=""dash_pattern_offset"" type=""QString"" value=""0""/>
      <Option name=""dash_pattern_offset_map_unit_scale"" type=""QString"" value=""3x:0,0,0,0,0,0""/>
      <Option name=""dash_pattern_offset_unit"" type=""QString"" value=""MM""/>
      <Option name=""draw_inside_polygon"" type=""QString"" value=""0""/>
      <Option name=""joinstyle"" type=""QString"" value=""bevel""/>
      <Option name=""line_color"" type=""QString"" value=""247,208,60,255,rgb:0.96993972686350804,0.8169985503929198,0.23529411764705882,1""/>
      <Option name=""line_style"" type=""QString"" value=""solid""/>
      <Option name=""line_width"" type=""QString"" value=""0.66""/>
      <Option name=""line_width_unit"" type=""QString"" value=""MM""/>
      <Option name=""offset"" type=""QString"" value=""0""/>
      <Option name=""offset_map_unit_scale"" type=""QString"" value=""3x:0,0,0,0,0,0""/>
      <Option name=""offset_unit"" type=""QString"" value=""MM""/>
      <Option name=""ring_filter"" type=""QString"" value=""0""/>
      <Option name=""trim_distance_end"" type=""QString"" value=""0""/>
      <Option name=""trim_distance_end_map_unit_scale"" type=""QString"" value=""3x:0,0,0,0,0,0""/>
      <Option name=""trim_distance_end_unit"" type=""QString"" value=""MM""/>
      <Option name=""trim_distance_start"" type=""QString"" value=""0""/>
      <Option name=""trim_distance_start_map_unit_scale"" type=""QString"" value=""3x:0,0,0,0,0,0""/>
      <Option name=""trim_distance_start_unit"" type=""QString"" value=""MM""/>
      <Option name=""tweak_dash_pattern_on_corners"" type=""QString"" value=""0""/>
      <Option name=""use_custom_dash"" type=""QString"" value=""0""/>
      <Option name=""width_map_unit_scale"" type=""QString"" value=""3x:0,0,0,0,0,0""/>
     </Option>
     <data_defined_properties>
      <Option type=""Map"">
       <Option name=""name"" type=""QString"" value=""""/>
       <Option name=""properties""/>
       <Option name=""type"" type=""QString"" value=""collection""/>
      </Option>
     </data_defined_properties>
    </layer>
   </symbol>
   <symbol name=""34"" type=""line"" alpha=""1"" is_animated=""0"" clip_to_extent=""1"" force_rhr=""0"" frame_rate=""10"">
    <data_defined_properties>
     <Option type=""Map"">
      <Option name=""name"" type=""QString"" value=""""/>
      <Option name=""properties""/>
      <Option name=""type"" type=""QString"" value=""collection""/>
     </Option>
    </data_defined_properties>
    <layer locked=""0"" enabled=""1"" id=""{023b196a-5f5e-4c61-a655-19c409bdaf95}"" class=""SimpleLine"" pass=""0"">
     <Option type=""Map"">
      <Option name=""align_dash_pattern"" type=""QString"" value=""0""/>
      <Option name=""capstyle"" type=""QString"" value=""square""/>
      <Option name=""customdash"" type=""QString"" value=""5;2""/>
      <Option name=""customdash_map_unit_scale"" type=""QString"" value=""3x:0,0,0,0,0,0""/>
      <Option name=""customdash_unit"" type=""QString"" value=""MM""/>
      <Option name=""dash_pattern_offset"" type=""QString"" value=""0""/>
      <Option name=""dash_pattern_offset_map_unit_scale"" type=""QString"" value=""3x:0,0,0,0,0,0""/>
      <Option name=""dash_pattern_offset_unit"" type=""QString"" value=""MM""/>
      <Option name=""draw_inside_polygon"" type=""QString"" value=""0""/>
      <Option name=""joinstyle"" type=""QString"" value=""bevel""/>
      <Option name=""line_color"" type=""QString"" value=""245,222,82,255,rgb:0.95883115892271309,0.8725413900968948,0.32156862745098042,1""/>
      <Option name=""line_style"" type=""QString"" value=""solid""/>
      <Option name=""line_width"" type=""QString"" value=""0.66""/>
      <Option name=""line_width_unit"" type=""QString"" value=""MM""/>
      <Option name=""offset"" type=""QString"" value=""0""/>
      <Option name=""offset_map_unit_scale"" type=""QString"" value=""3x:0,0,0,0,0,0""/>
      <Option name=""offset_unit"" type=""QString"" value=""MM""/>
      <Option name=""ring_filter"" type=""QString"" value=""0""/>
      <Option name=""trim_distance_end"" type=""QString"" value=""0""/>
      <Option name=""trim_distance_end_map_unit_scale"" type=""QString"" value=""3x:0,0,0,0,0,0""/>
      <Option name=""trim_distance_end_unit"" type=""QString"" value=""MM""/>
      <Option name=""trim_distance_start"" type=""QString"" value=""0""/>
      <Option name=""trim_distance_start_map_unit_scale"" type=""QString"" value=""3x:0,0,0,0,0,0""/>
      <Option name=""trim_distance_start_unit"" type=""QString"" value=""MM""/>
      <Option name=""tweak_dash_pattern_on_corners"" type=""QString"" value=""0""/>
      <Option name=""use_custom_dash"" type=""QString"" value=""0""/>
      <Option name=""width_map_unit_scale"" type=""QString"" value=""3x:0,0,0,0,0,0""/>
     </Option>
     <data_defined_properties>
      <Option type=""Map"">
       <Option name=""name"" type=""QString"" value=""""/>
       <Option name=""properties""/>
       <Option name=""type"" type=""QString"" value=""collection""/>
      </Option>
     </data_defined_properties>
    </layer>
   </symbol>
   <symbol name=""35"" type=""line"" alpha=""1"" is_animated=""0"" clip_to_extent=""1"" force_rhr=""0"" frame_rate=""10"">
    <data_defined_properties>
     <Option type=""Map"">
      <Option name=""name"" type=""QString"" value=""""/>
      <Option name=""properties""/>
      <Option name=""type"" type=""QString"" value=""collection""/>
     </Option>
    </data_defined_properties>
    <layer locked=""0"" enabled=""1"" id=""{023b196a-5f5e-4c61-a655-19c409bdaf95}"" class=""SimpleLine"" pass=""0"">
     <Option type=""Map"">
      <Option name=""align_dash_pattern"" type=""QString"" value=""0""/>
      <Option name=""capstyle"" type=""QString"" value=""square""/>
      <Option name=""customdash"" type=""QString"" value=""5;2""/>
      <Option name=""customdash_map_unit_scale"" type=""QString"" value=""3x:0,0,0,0,0,0""/>
      <Option name=""customdash_unit"" type=""QString"" value=""MM""/>
      <Option name=""dash_pattern_offset"" type=""QString"" value=""0""/>
      <Option name=""dash_pattern_offset_map_unit_scale"" type=""QString"" value=""3x:0,0,0,0,0,0""/>
      <Option name=""dash_pattern_offset_unit"" type=""QString"" value=""MM""/>
      <Option name=""draw_inside_polygon"" type=""QString"" value=""0""/>
      <Option name=""joinstyle"" type=""QString"" value=""bevel""/>
      <Option name=""line_color"" type=""QString"" value=""242,235,108,255,rgb:0.94901960784313721,0.92288090333409634,0.42484168764782176,1""/>
      <Option name=""line_style"" type=""QString"" value=""solid""/>
      <Option name=""line_width"" type=""QString"" value=""0.66""/>
      <Option name=""line_width_unit"" type=""QString"" value=""MM""/>
      <Option name=""offset"" type=""QString"" value=""0""/>
      <Option name=""offset_map_unit_scale"" type=""QString"" value=""3x:0,0,0,0,0,0""/>
      <Option name=""offset_unit"" type=""QString"" value=""MM""/>
      <Option name=""ring_filter"" type=""QString"" value=""0""/>
      <Option name=""trim_distance_end"" type=""QString"" value=""0""/>
      <Option name=""trim_distance_end_map_unit_scale"" type=""QString"" value=""3x:0,0,0,0,0,0""/>
      <Option name=""trim_distance_end_unit"" type=""QString"" value=""MM""/>
      <Option name=""trim_distance_start"" type=""QString"" value=""0""/>
      <Option name=""trim_distance_start_map_unit_scale"" type=""QString"" value=""3x:0,0,0,0,0,0""/>
      <Option name=""trim_distance_start_unit"" type=""QString"" value=""MM""/>
      <Option name=""tweak_dash_pattern_on_corners"" type=""QString"" value=""0""/>
      <Option name=""use_custom_dash"" type=""QString"" value=""0""/>
      <Option name=""width_map_unit_scale"" type=""QString"" value=""3x:0,0,0,0,0,0""/>
     </Option>
     <data_defined_properties>
      <Option type=""Map"">
       <Option name=""name"" type=""QString"" value=""""/>
       <Option name=""properties""/>
       <Option name=""type"" type=""QString"" value=""collection""/>
      </Option>
     </data_defined_properties>
    </layer>
   </symbol>
   <symbol name=""36"" type=""line"" alpha=""1"" is_animated=""0"" clip_to_extent=""1"" force_rhr=""0"" frame_rate=""10"">
    <data_defined_properties>
     <Option type=""Map"">
      <Option name=""name"" type=""QString"" value=""""/>
      <Option name=""properties""/>
      <Option name=""type"" type=""QString"" value=""collection""/>
     </Option>
    </data_defined_properties>
    <layer locked=""0"" enabled=""1"" id=""{023b196a-5f5e-4c61-a655-19c409bdaf95}"" class=""SimpleLine"" pass=""0"">
     <Option type=""Map"">
      <Option name=""align_dash_pattern"" type=""QString"" value=""0""/>
      <Option name=""capstyle"" type=""QString"" value=""square""/>
      <Option name=""customdash"" type=""QString"" value=""5;2""/>
      <Option name=""customdash_map_unit_scale"" type=""QString"" value=""3x:0,0,0,0,0,0""/>
      <Option name=""customdash_unit"" type=""QString"" value=""MM""/>
      <Option name=""dash_pattern_offset"" type=""QString"" value=""0""/>
      <Option name=""dash_pattern_offset_map_unit_scale"" type=""QString"" value=""3x:0,0,0,0,0,0""/>
      <Option name=""dash_pattern_offset_unit"" type=""QString"" value=""MM""/>
      <Option name=""draw_inside_polygon"" type=""QString"" value=""0""/>
      <Option name=""joinstyle"" type=""QString"" value=""bevel""/>
      <Option name=""line_color"" type=""QString"" value=""244,246,137,255,rgb:0.95588616769665069,0.96502632181277181,0.53823147936217286,1""/>
      <Option name=""line_style"" type=""QString"" value=""solid""/>
      <Option name=""line_width"" type=""QString"" value=""0.66""/>
      <Option name=""line_width_unit"" type=""QString"" value=""MM""/>
      <Option name=""offset"" type=""QString"" value=""0""/>
      <Option name=""offset_map_unit_scale"" type=""QString"" value=""3x:0,0,0,0,0,0""/>
      <Option name=""offset_unit"" type=""QString"" value=""MM""/>
      <Option name=""ring_filter"" type=""QString"" value=""0""/>
      <Option name=""trim_distance_end"" type=""QString"" value=""0""/>
      <Option name=""trim_distance_end_map_unit_scale"" type=""QString"" value=""3x:0,0,0,0,0,0""/>
      <Option name=""trim_distance_end_unit"" type=""QString"" value=""MM""/>
      <Option name=""trim_distance_start"" type=""QString"" value=""0""/>
      <Option name=""trim_distance_start_map_unit_scale"" type=""QString"" value=""3x:0,0,0,0,0,0""/>
      <Option name=""trim_distance_start_unit"" type=""QString"" value=""MM""/>
      <Option name=""tweak_dash_pattern_on_corners"" type=""QString"" value=""0""/>
      <Option name=""use_custom_dash"" type=""QString"" value=""0""/>
      <Option name=""width_map_unit_scale"" type=""QString"" value=""3x:0,0,0,0,0,0""/>
     </Option>
     <data_defined_properties>
      <Option type=""Map"">
       <Option name=""name"" type=""QString"" value=""""/>
       <Option name=""properties""/>
       <Option name=""type"" type=""QString"" value=""collection""/>
      </Option>
     </data_defined_properties>
    </layer>
   </symbol>
   <symbol name=""37"" type=""line"" alpha=""1"" is_animated=""0"" clip_to_extent=""1"" force_rhr=""0"" frame_rate=""10"">
    <data_defined_properties>
     <Option type=""Map"">
      <Option name=""name"" type=""QString"" value=""""/>
      <Option name=""properties""/>
      <Option name=""type"" type=""QString"" value=""collection""/>
     </Option>
    </data_defined_properties>
    <layer locked=""0"" enabled=""1"" id=""{023b196a-5f5e-4c61-a655-19c409bdaf95}"" class=""SimpleLine"" pass=""0"">
     <Option type=""Map"">
      <Option name=""align_dash_pattern"" type=""QString"" value=""0""/>
      <Option name=""capstyle"" type=""QString"" value=""square""/>
      <Option name=""customdash"" type=""QString"" value=""5;2""/>
      <Option name=""customdash_map_unit_scale"" type=""QString"" value=""3x:0,0,0,0,0,0""/>
      <Option name=""customdash_unit"" type=""QString"" value=""MM""/>
      <Option name=""dash_pattern_offset"" type=""QString"" value=""0""/>
      <Option name=""dash_pattern_offset_map_unit_scale"" type=""QString"" value=""3x:0,0,0,0,0,0""/>
      <Option name=""dash_pattern_offset_unit"" type=""QString"" value=""MM""/>
      <Option name=""draw_inside_polygon"" type=""QString"" value=""0""/>
      <Option name=""joinstyle"" type=""QString"" value=""bevel""/>
      <Option name=""line_color"" type=""QString"" value=""255,255,225,255,rgb:1,1,0.88235294117647056,1""/>
      <Option name=""line_style"" type=""QString"" value=""solid""/>
      <Option name=""line_width"" type=""QString"" value=""0.66""/>
      <Option name=""line_width_unit"" type=""QString"" value=""MM""/>
      <Option name=""offset"" type=""QString"" value=""0""/>
      <Option name=""offset_map_unit_scale"" type=""QString"" value=""3x:0,0,0,0,0,0""/>
      <Option name=""offset_unit"" type=""QString"" value=""MM""/>
      <Option name=""ring_filter"" type=""QString"" value=""0""/>
      <Option name=""trim_distance_end"" type=""QString"" value=""0""/>
      <Option name=""trim_distance_end_map_unit_scale"" type=""QString"" value=""3x:0,0,0,0,0,0""/>
      <Option name=""trim_distance_end_unit"" type=""QString"" value=""MM""/>
      <Option name=""trim_distance_start"" type=""QString"" value=""0""/>
      <Option name=""trim_distance_start_map_unit_scale"" type=""QString"" value=""3x:0,0,0,0,0,0""/>
      <Option name=""trim_distance_start_unit"" type=""QString"" value=""MM""/>
      <Option name=""tweak_dash_pattern_on_corners"" type=""QString"" value=""0""/>
      <Option name=""use_custom_dash"" type=""QString"" value=""0""/>
      <Option name=""width_map_unit_scale"" type=""QString"" value=""3x:0,0,0,0,0,0""/>
     </Option>
     <data_defined_properties>
      <Option type=""Map"">
       <Option name=""name"" type=""QString"" value=""""/>
       <Option name=""properties""/>
       <Option name=""type"" type=""QString"" value=""collection""/>
      </Option>
     </data_defined_properties>
    </layer>
   </symbol>
   <symbol name=""38"" type=""line"" alpha=""1"" is_animated=""0"" clip_to_extent=""1"" force_rhr=""0"" frame_rate=""10"">
    <data_defined_properties>
     <Option type=""Map"">
      <Option name=""name"" type=""QString"" value=""""/>
      <Option name=""properties""/>
      <Option name=""type"" type=""QString"" value=""collection""/>
     </Option>
    </data_defined_properties>
    <layer locked=""0"" enabled=""1"" id=""{023b196a-5f5e-4c61-a655-19c409bdaf95}"" class=""SimpleLine"" pass=""0"">
     <Option type=""Map"">
      <Option name=""align_dash_pattern"" type=""QString"" value=""0""/>
      <Option name=""capstyle"" type=""QString"" value=""square""/>
      <Option name=""customdash"" type=""QString"" value=""5;2""/>
      <Option name=""customdash_map_unit_scale"" type=""QString"" value=""3x:0,0,0,0,0,0""/>
      <Option name=""customdash_unit"" type=""QString"" value=""MM""/>
      <Option name=""dash_pattern_offset"" type=""QString"" value=""0""/>
      <Option name=""dash_pattern_offset_map_unit_scale"" type=""QString"" value=""3x:0,0,0,0,0,0""/>
      <Option name=""dash_pattern_offset_unit"" type=""QString"" value=""MM""/>
      <Option name=""draw_inside_polygon"" type=""QString"" value=""0""/>
      <Option name=""joinstyle"" type=""QString"" value=""bevel""/>
      <Option name=""line_color"" type=""QString"" value=""255,255,255,255,hsv:0.16666666666666666,0,1,1""/>
      <Option name=""line_style"" type=""QString"" value=""solid""/>
      <Option name=""line_width"" type=""QString"" value=""0.66""/>
      <Option name=""line_width_unit"" type=""QString"" value=""MM""/>
      <Option name=""offset"" type=""QString"" value=""0""/>
      <Option name=""offset_map_unit_scale"" type=""QString"" value=""3x:0,0,0,0,0,0""/>
      <Option name=""offset_unit"" type=""QString"" value=""MM""/>
      <Option name=""ring_filter"" type=""QString"" value=""0""/>
      <Option name=""trim_distance_end"" type=""QString"" value=""0""/>
      <Option name=""trim_distance_end_map_unit_scale"" type=""QString"" value=""3x:0,0,0,0,0,0""/>
      <Option name=""trim_distance_end_unit"" type=""QString"" value=""MM""/>
      <Option name=""trim_distance_start"" type=""QString"" value=""0""/>
      <Option name=""trim_distance_start_map_unit_scale"" type=""QString"" value=""3x:0,0,0,0,0,0""/>
      <Option name=""trim_distance_start_unit"" type=""QString"" value=""MM""/>
      <Option name=""tweak_dash_pattern_on_corners"" type=""QString"" value=""0""/>
      <Option name=""use_custom_dash"" type=""QString"" value=""0""/>
      <Option name=""width_map_unit_scale"" type=""QString"" value=""3x:0,0,0,0,0,0""/>
     </Option>
     <data_defined_properties>
      <Option type=""Map"">
       <Option name=""name"" type=""QString"" value=""""/>
       <Option name=""properties""/>
       <Option name=""type"" type=""QString"" value=""collection""/>
      </Option>
     </data_defined_properties>
    </layer>
   </symbol>
   <symbol name=""39"" type=""line"" alpha=""0"" is_animated=""0"" clip_to_extent=""1"" force_rhr=""0"" frame_rate=""10"">
    <data_defined_properties>
     <Option type=""Map"">
      <Option name=""name"" type=""QString"" value=""""/>
      <Option name=""properties""/>
      <Option name=""type"" type=""QString"" value=""collection""/>
     </Option>
    </data_defined_properties>
    <layer locked=""0"" enabled=""1"" id=""{1582d0cb-f8f9-4e22-928c-33544e077c88}"" class=""SimpleLine"" pass=""0"">
     <Option type=""Map"">
      <Option name=""align_dash_pattern"" type=""QString"" value=""0""/>
      <Option name=""capstyle"" type=""QString"" value=""square""/>
      <Option name=""customdash"" type=""QString"" value=""5;2""/>
      <Option name=""customdash_map_unit_scale"" type=""QString"" value=""3x:0,0,0,0,0,0""/>
      <Option name=""customdash_unit"" type=""QString"" value=""MM""/>
      <Option name=""dash_pattern_offset"" type=""QString"" value=""0""/>
      <Option name=""dash_pattern_offset_map_unit_scale"" type=""QString"" value=""3x:0,0,0,0,0,0""/>
      <Option name=""dash_pattern_offset_unit"" type=""QString"" value=""MM""/>
      <Option name=""draw_inside_polygon"" type=""QString"" value=""0""/>
      <Option name=""joinstyle"" type=""QString"" value=""bevel""/>
      <Option name=""line_color"" type=""QString"" value=""0,0,0,255,rgb:0,0,0,1""/>
      <Option name=""line_style"" type=""QString"" value=""dash""/>
      <Option name=""line_width"" type=""QString"" value=""0.4""/>
      <Option name=""line_width_unit"" type=""QString"" value=""MM""/>
      <Option name=""offset"" type=""QString"" value=""0""/>
      <Option name=""offset_map_unit_scale"" type=""QString"" value=""3x:0,0,0,0,0,0""/>
      <Option name=""offset_unit"" type=""QString"" value=""MM""/>
      <Option name=""ring_filter"" type=""QString"" value=""0""/>
      <Option name=""trim_distance_end"" type=""QString"" value=""0""/>
      <Option name=""trim_distance_end_map_unit_scale"" type=""QString"" value=""3x:0,0,0,0,0,0""/>
      <Option name=""trim_distance_end_unit"" type=""QString"" value=""MM""/>
      <Option name=""trim_distance_start"" type=""QString"" value=""0""/>
      <Option name=""trim_distance_start_map_unit_scale"" type=""QString"" value=""3x:0,0,0,0,0,0""/>
      <Option name=""trim_distance_start_unit"" type=""QString"" value=""MM""/>
      <Option name=""tweak_dash_pattern_on_corners"" type=""QString"" value=""0""/>
      <Option name=""use_custom_dash"" type=""QString"" value=""0""/>
      <Option name=""width_map_unit_scale"" type=""QString"" value=""3x:0,0,0,0,0,0""/>
     </Option>
     <data_defined_properties>
      <Option type=""Map"">
       <Option name=""name"" type=""QString"" value=""""/>
       <Option name=""properties""/>
       <Option name=""type"" type=""QString"" value=""collection""/>
      </Option>
     </data_defined_properties>
    </layer>
   </symbol>
   <symbol name=""4"" type=""line"" alpha=""1"" is_animated=""0"" clip_to_extent=""1"" force_rhr=""0"" frame_rate=""10"">
    <data_defined_properties>
     <Option type=""Map"">
      <Option name=""name"" type=""QString"" value=""""/>
      <Option name=""properties""/>
      <Option name=""type"" type=""QString"" value=""collection""/>
     </Option>
    </data_defined_properties>
    <layer locked=""0"" enabled=""1"" id=""{023b196a-5f5e-4c61-a655-19c409bdaf95}"" class=""SimpleLine"" pass=""0"">
     <Option type=""Map"">
      <Option name=""align_dash_pattern"" type=""QString"" value=""0""/>
      <Option name=""capstyle"" type=""QString"" value=""square""/>
      <Option name=""customdash"" type=""QString"" value=""5;2""/>
      <Option name=""customdash_map_unit_scale"" type=""QString"" value=""3x:0,0,0,0,0,0""/>
      <Option name=""customdash_unit"" type=""QString"" value=""MM""/>
      <Option name=""dash_pattern_offset"" type=""QString"" value=""0""/>
      <Option name=""dash_pattern_offset_map_unit_scale"" type=""QString"" value=""3x:0,0,0,0,0,0""/>
      <Option name=""dash_pattern_offset_unit"" type=""QString"" value=""MM""/>
      <Option name=""draw_inside_polygon"" type=""QString"" value=""0""/>
      <Option name=""joinstyle"" type=""QString"" value=""bevel""/>
      <Option name=""line_color"" type=""QString"" value=""17,9,48,255,rgb:0.06861982146944381,0.03724727244983597,0.18823529411764706,1""/>
      <Option name=""line_style"" type=""QString"" value=""solid""/>
      <Option name=""line_width"" type=""QString"" value=""0.66""/>
      <Option name=""line_width_unit"" type=""QString"" value=""MM""/>
      <Option name=""offset"" type=""QString"" value=""0""/>
      <Option name=""offset_map_unit_scale"" type=""QString"" value=""3x:0,0,0,0,0,0""/>
      <Option name=""offset_unit"" type=""QString"" value=""MM""/>
      <Option name=""ring_filter"" type=""QString"" value=""0""/>
      <Option name=""trim_distance_end"" type=""QString"" value=""0""/>
      <Option name=""trim_distance_end_map_unit_scale"" type=""QString"" value=""3x:0,0,0,0,0,0""/>
      <Option name=""trim_distance_end_unit"" type=""QString"" value=""MM""/>
      <Option name=""trim_distance_start"" type=""QString"" value=""0""/>
      <Option name=""trim_distance_start_map_unit_scale"" type=""QString"" value=""3x:0,0,0,0,0,0""/>
      <Option name=""trim_distance_start_unit"" type=""QString"" value=""MM""/>
      <Option name=""tweak_dash_pattern_on_corners"" type=""QString"" value=""0""/>
      <Option name=""use_custom_dash"" type=""QString"" value=""0""/>
      <Option name=""width_map_unit_scale"" type=""QString"" value=""3x:0,0,0,0,0,0""/>
     </Option>
     <data_defined_properties>
      <Option type=""Map"">
       <Option name=""name"" type=""QString"" value=""""/>
       <Option name=""properties""/>
       <Option name=""type"" type=""QString"" value=""collection""/>
      </Option>
     </data_defined_properties>
    </layer>
   </symbol>
   <symbol name=""40"" type=""line"" alpha=""1"" is_animated=""0"" clip_to_extent=""1"" force_rhr=""0"" frame_rate=""10"">
    <data_defined_properties>
     <Option type=""Map"">
      <Option name=""name"" type=""QString"" value=""""/>
      <Option name=""properties""/>
      <Option name=""type"" type=""QString"" value=""collection""/>
     </Option>
    </data_defined_properties>
    <layer locked=""0"" enabled=""1"" id=""{0d5b3c1b-f07a-4de9-ab58-4fb7a8b243ef}"" class=""SimpleLine"" pass=""0"">
     <Option type=""Map"">
      <Option name=""align_dash_pattern"" type=""QString"" value=""0""/>
      <Option name=""capstyle"" type=""QString"" value=""square""/>
      <Option name=""customdash"" type=""QString"" value=""5;2""/>
      <Option name=""customdash_map_unit_scale"" type=""QString"" value=""3x:0,0,0,0,0,0""/>
      <Option name=""customdash_unit"" type=""QString"" value=""MM""/>
      <Option name=""dash_pattern_offset"" type=""QString"" value=""0""/>
      <Option name=""dash_pattern_offset_map_unit_scale"" type=""QString"" value=""3x:0,0,0,0,0,0""/>
      <Option name=""dash_pattern_offset_unit"" type=""QString"" value=""MM""/>
      <Option name=""draw_inside_polygon"" type=""QString"" value=""0""/>
      <Option name=""joinstyle"" type=""QString"" value=""bevel""/>
      <Option name=""line_color"" type=""QString"" value=""0,0,4,255,rgb:0,0,0.01568627450980392,1""/>
      <Option name=""line_style"" type=""QString"" value=""dash""/>
      <Option name=""line_width"" type=""QString"" value=""0.4""/>
      <Option name=""line_width_unit"" type=""QString"" value=""MM""/>
      <Option name=""offset"" type=""QString"" value=""0""/>
      <Option name=""offset_map_unit_scale"" type=""QString"" value=""3x:0,0,0,0,0,0""/>
      <Option name=""offset_unit"" type=""QString"" value=""MM""/>
      <Option name=""ring_filter"" type=""QString"" value=""0""/>
      <Option name=""trim_distance_end"" type=""QString"" value=""0""/>
      <Option name=""trim_distance_end_map_unit_scale"" type=""QString"" value=""3x:0,0,0,0,0,0""/>
      <Option name=""trim_distance_end_unit"" type=""QString"" value=""MM""/>
      <Option name=""trim_distance_start"" type=""QString"" value=""0""/>
      <Option name=""trim_distance_start_map_unit_scale"" type=""QString"" value=""3x:0,0,0,0,0,0""/>
      <Option name=""trim_distance_start_unit"" type=""QString"" value=""MM""/>
      <Option name=""tweak_dash_pattern_on_corners"" type=""QString"" value=""0""/>
      <Option name=""use_custom_dash"" type=""QString"" value=""0""/>
      <Option name=""width_map_unit_scale"" type=""QString"" value=""3x:0,0,0,0,0,0""/>
     </Option>
     <data_defined_properties>
      <Option type=""Map"">
       <Option name=""name"" type=""QString"" value=""""/>
       <Option name=""properties""/>
       <Option name=""type"" type=""QString"" value=""collection""/>
      </Option>
     </data_defined_properties>
    </layer>
   </symbol>
   <symbol name=""41"" type=""line"" alpha=""1"" is_animated=""0"" clip_to_extent=""1"" force_rhr=""0"" frame_rate=""10"">
    <data_defined_properties>
     <Option type=""Map"">
      <Option name=""name"" type=""QString"" value=""""/>
      <Option name=""properties""/>
      <Option name=""type"" type=""QString"" value=""collection""/>
     </Option>
    </data_defined_properties>
    <layer locked=""0"" enabled=""1"" id=""{0d5b3c1b-f07a-4de9-ab58-4fb7a8b243ef}"" class=""SimpleLine"" pass=""0"">
     <Option type=""Map"">
      <Option name=""align_dash_pattern"" type=""QString"" value=""0""/>
      <Option name=""capstyle"" type=""QString"" value=""square""/>
      <Option name=""customdash"" type=""QString"" value=""5;2""/>
      <Option name=""customdash_map_unit_scale"" type=""QString"" value=""3x:0,0,0,0,0,0""/>
      <Option name=""customdash_unit"" type=""QString"" value=""MM""/>
      <Option name=""dash_pattern_offset"" type=""QString"" value=""0""/>
      <Option name=""dash_pattern_offset_map_unit_scale"" type=""QString"" value=""3x:0,0,0,0,0,0""/>
      <Option name=""dash_pattern_offset_unit"" type=""QString"" value=""MM""/>
      <Option name=""draw_inside_polygon"" type=""QString"" value=""0""/>
      <Option name=""joinstyle"" type=""QString"" value=""bevel""/>
      <Option name=""line_color"" type=""QString"" value=""3,3,17,255,rgb:0.01274128328374151,0.011108567940795,0.06503395132372015,1""/>
      <Option name=""line_style"" type=""QString"" value=""dash""/>
      <Option name=""line_width"" type=""QString"" value=""0.4""/>
      <Option name=""line_width_unit"" type=""QString"" value=""MM""/>
      <Option name=""offset"" type=""QString"" value=""0""/>
      <Option name=""offset_map_unit_scale"" type=""QString"" value=""3x:0,0,0,0,0,0""/>
      <Option name=""offset_unit"" type=""QString"" value=""MM""/>
      <Option name=""ring_filter"" type=""QString"" value=""0""/>
      <Option name=""trim_distance_end"" type=""QString"" value=""0""/>
      <Option name=""trim_distance_end_map_unit_scale"" type=""QString"" value=""3x:0,0,0,0,0,0""/>
      <Option name=""trim_distance_end_unit"" type=""QString"" value=""MM""/>
      <Option name=""trim_distance_start"" type=""QString"" value=""0""/>
      <Option name=""trim_distance_start_map_unit_scale"" type=""QString"" value=""3x:0,0,0,0,0,0""/>
      <Option name=""trim_distance_start_unit"" type=""QString"" value=""MM""/>
      <Option name=""tweak_dash_pattern_on_corners"" type=""QString"" value=""0""/>
      <Option name=""use_custom_dash"" type=""QString"" value=""0""/>
      <Option name=""width_map_unit_scale"" type=""QString"" value=""3x:0,0,0,0,0,0""/>
     </Option>
     <data_defined_properties>
      <Option type=""Map"">
       <Option name=""name"" type=""QString"" value=""""/>
       <Option name=""properties""/>
       <Option name=""type"" type=""QString"" value=""collection""/>
      </Option>
     </data_defined_properties>
    </layer>
   </symbol>
   <symbol name=""42"" type=""line"" alpha=""1"" is_animated=""0"" clip_to_extent=""1"" force_rhr=""0"" frame_rate=""10"">
    <data_defined_properties>
     <Option type=""Map"">
      <Option name=""name"" type=""QString"" value=""""/>
      <Option name=""properties""/>
      <Option name=""type"" type=""QString"" value=""collection""/>
     </Option>
    </data_defined_properties>
    <layer locked=""0"" enabled=""1"" id=""{0d5b3c1b-f07a-4de9-ab58-4fb7a8b243ef}"" class=""SimpleLine"" pass=""0"">
     <Option type=""Map"">
      <Option name=""align_dash_pattern"" type=""QString"" value=""0""/>
      <Option name=""capstyle"" type=""QString"" value=""square""/>
      <Option name=""customdash"" type=""QString"" value=""5;2""/>
      <Option name=""customdash_map_unit_scale"" type=""QString"" value=""3x:0,0,0,0,0,0""/>
      <Option name=""customdash_unit"" type=""QString"" value=""MM""/>
      <Option name=""dash_pattern_offset"" type=""QString"" value=""0""/>
      <Option name=""dash_pattern_offset_map_unit_scale"" type=""QString"" value=""3x:0,0,0,0,0,0""/>
      <Option name=""dash_pattern_offset_unit"" type=""QString"" value=""MM""/>
      <Option name=""draw_inside_polygon"" type=""QString"" value=""0""/>
      <Option name=""joinstyle"" type=""QString"" value=""bevel""/>
      <Option name=""line_color"" type=""QString"" value=""9,7,32,255,rgb:0.03595025558861677,0.02549782558937972,0.12614633401998931,1""/>
      <Option name=""line_style"" type=""QString"" value=""dash""/>
      <Option name=""line_width"" type=""QString"" value=""0.4""/>
      <Option name=""line_width_unit"" type=""QString"" value=""MM""/>
      <Option name=""offset"" type=""QString"" value=""0""/>
      <Option name=""offset_map_unit_scale"" type=""QString"" value=""3x:0,0,0,0,0,0""/>
      <Option name=""offset_unit"" type=""QString"" value=""MM""/>
      <Option name=""ring_filter"" type=""QString"" value=""0""/>
      <Option name=""trim_distance_end"" type=""QString"" value=""0""/>
      <Option name=""trim_distance_end_map_unit_scale"" type=""QString"" value=""3x:0,0,0,0,0,0""/>
      <Option name=""trim_distance_end_unit"" type=""QString"" value=""MM""/>
      <Option name=""trim_distance_start"" type=""QString"" value=""0""/>
      <Option name=""trim_distance_start_map_unit_scale"" type=""QString"" value=""3x:0,0,0,0,0,0""/>
      <Option name=""trim_distance_start_unit"" type=""QString"" value=""MM""/>
      <Option name=""tweak_dash_pattern_on_corners"" type=""QString"" value=""0""/>
      <Option name=""use_custom_dash"" type=""QString"" value=""0""/>
      <Option name=""width_map_unit_scale"" type=""QString"" value=""3x:0,0,0,0,0,0""/>
     </Option>
     <data_defined_properties>
      <Option type=""Map"">
       <Option name=""name"" type=""QString"" value=""""/>
       <Option name=""properties""/>
       <Option name=""type"" type=""QString"" value=""collection""/>
      </Option>
     </data_defined_properties>
    </layer>
   </symbol>
   <symbol name=""43"" type=""line"" alpha=""1"" is_animated=""0"" clip_to_extent=""1"" force_rhr=""0"" frame_rate=""10"">
    <data_defined_properties>
     <Option type=""Map"">
      <Option name=""name"" type=""QString"" value=""""/>
      <Option name=""properties""/>
      <Option name=""type"" type=""QString"" value=""collection""/>
     </Option>
    </data_defined_properties>
    <layer locked=""0"" enabled=""1"" id=""{0d5b3c1b-f07a-4de9-ab58-4fb7a8b243ef}"" class=""SimpleLine"" pass=""0"">
     <Option type=""Map"">
      <Option name=""align_dash_pattern"" type=""QString"" value=""0""/>
      <Option name=""capstyle"" type=""QString"" value=""square""/>
      <Option name=""customdash"" type=""QString"" value=""5;2""/>
      <Option name=""customdash_map_unit_scale"" type=""QString"" value=""3x:0,0,0,0,0,0""/>
      <Option name=""customdash_unit"" type=""QString"" value=""MM""/>
      <Option name=""dash_pattern_offset"" type=""QString"" value=""0""/>
      <Option name=""dash_pattern_offset_map_unit_scale"" type=""QString"" value=""3x:0,0,0,0,0,0""/>
      <Option name=""dash_pattern_offset_unit"" type=""QString"" value=""MM""/>
      <Option name=""draw_inside_polygon"" type=""QString"" value=""0""/>
      <Option name=""joinstyle"" type=""QString"" value=""bevel""/>
      <Option name=""line_color"" type=""QString"" value=""17,9,48,255,rgb:0.06861982146944381,0.03724727244983597,0.18823529411764706,1""/>
      <Option name=""line_style"" type=""QString"" value=""dash""/>
      <Option name=""line_width"" type=""QString"" value=""0.4""/>
      <Option name=""line_width_unit"" type=""QString"" value=""MM""/>
      <Option name=""offset"" type=""QString"" value=""0""/>
      <Option name=""offset_map_unit_scale"" type=""QString"" value=""3x:0,0,0,0,0,0""/>
      <Option name=""offset_unit"" type=""QString"" value=""MM""/>
      <Option name=""ring_filter"" type=""QString"" value=""0""/>
      <Option name=""trim_distance_end"" type=""QString"" value=""0""/>
      <Option name=""trim_distance_end_map_unit_scale"" type=""QString"" value=""3x:0,0,0,0,0,0""/>
      <Option name=""trim_distance_end_unit"" type=""QString"" value=""MM""/>
      <Option name=""trim_distance_start"" type=""QString"" value=""0""/>
      <Option name=""trim_distance_start_map_unit_scale"" type=""QString"" value=""3x:0,0,0,0,0,0""/>
      <Option name=""trim_distance_start_unit"" type=""QString"" value=""MM""/>
      <Option name=""tweak_dash_pattern_on_corners"" type=""QString"" value=""0""/>
      <Option name=""use_custom_dash"" type=""QString"" value=""0""/>
      <Option name=""width_map_unit_scale"" type=""QString"" value=""3x:0,0,0,0,0,0""/>
     </Option>
     <data_defined_properties>
      <Option type=""Map"">
       <Option name=""name"" type=""QString"" value=""""/>
       <Option name=""properties""/>
       <Option name=""type"" type=""QString"" value=""collection""/>
      </Option>
     </data_defined_properties>
    </layer>
   </symbol>
   <symbol name=""44"" type=""line"" alpha=""1"" is_animated=""0"" clip_to_extent=""1"" force_rhr=""0"" frame_rate=""10"">
    <data_defined_properties>
     <Option type=""Map"">
      <Option name=""name"" type=""QString"" value=""""/>
      <Option name=""properties""/>
      <Option name=""type"" type=""QString"" value=""collection""/>
     </Option>
    </data_defined_properties>
    <layer locked=""0"" enabled=""1"" id=""{0d5b3c1b-f07a-4de9-ab58-4fb7a8b243ef}"" class=""SimpleLine"" pass=""0"">
     <Option type=""Map"">
      <Option name=""align_dash_pattern"" type=""QString"" value=""0""/>
      <Option name=""capstyle"" type=""QString"" value=""square""/>
      <Option name=""customdash"" type=""QString"" value=""5;2""/>
      <Option name=""customdash_map_unit_scale"" type=""QString"" value=""3x:0,0,0,0,0,0""/>
      <Option name=""customdash_unit"" type=""QString"" value=""MM""/>
      <Option name=""dash_pattern_offset"" type=""QString"" value=""0""/>
      <Option name=""dash_pattern_offset_map_unit_scale"" type=""QString"" value=""3x:0,0,0,0,0,0""/>
      <Option name=""dash_pattern_offset_unit"" type=""QString"" value=""MM""/>
      <Option name=""draw_inside_polygon"" type=""QString"" value=""0""/>
      <Option name=""joinstyle"" type=""QString"" value=""bevel""/>
      <Option name=""line_color"" type=""QString"" value=""27,12,65,255,rgb:0.10719462882429236,0.04574654764629587,0.25490196078431371,1""/>
      <Option name=""line_style"" type=""QString"" value=""dash""/>
      <Option name=""line_width"" type=""QString"" value=""0.4""/>
      <Option name=""line_width_unit"" type=""QString"" value=""MM""/>
      <Option name=""offset"" type=""QString"" value=""0""/>
      <Option name=""offset_map_unit_scale"" type=""QString"" value=""3x:0,0,0,0,0,0""/>
      <Option name=""offset_unit"" type=""QString"" value=""MM""/>
      <Option name=""ring_filter"" type=""QString"" value=""0""/>
      <Option name=""trim_distance_end"" type=""QString"" value=""0""/>
      <Option name=""trim_distance_end_map_unit_scale"" type=""QString"" value=""3x:0,0,0,0,0,0""/>
      <Option name=""trim_distance_end_unit"" type=""QString"" value=""MM""/>
      <Option name=""trim_distance_start"" type=""QString"" value=""0""/>
      <Option name=""trim_distance_start_map_unit_scale"" type=""QString"" value=""3x:0,0,0,0,0,0""/>
      <Option name=""trim_distance_start_unit"" type=""QString"" value=""MM""/>
      <Option name=""tweak_dash_pattern_on_corners"" type=""QString"" value=""0""/>
      <Option name=""use_custom_dash"" type=""QString"" value=""0""/>
      <Option name=""width_map_unit_scale"" type=""QString"" value=""3x:0,0,0,0,0,0""/>
     </Option>
     <data_defined_properties>
      <Option type=""Map"">
       <Option name=""name"" type=""QString"" value=""""/>
       <Option name=""properties""/>
       <Option name=""type"" type=""QString"" value=""collection""/>
      </Option>
     </data_defined_properties>
    </layer>
   </symbol>
   <symbol name=""45"" type=""line"" alpha=""1"" is_animated=""0"" clip_to_extent=""1"" force_rhr=""0"" frame_rate=""10"">
    <data_defined_properties>
     <Option type=""Map"">
      <Option name=""name"" type=""QString"" value=""""/>
      <Option name=""properties""/>
      <Option name=""type"" type=""QString"" value=""collection""/>
     </Option>
    </data_defined_properties>
    <layer locked=""0"" enabled=""1"" id=""{0d5b3c1b-f07a-4de9-ab58-4fb7a8b243ef}"" class=""SimpleLine"" pass=""0"">
     <Option type=""Map"">
      <Option name=""align_dash_pattern"" type=""QString"" value=""0""/>
      <Option name=""capstyle"" type=""QString"" value=""square""/>
      <Option name=""customdash"" type=""QString"" value=""5;2""/>
      <Option name=""customdash_map_unit_scale"" type=""QString"" value=""3x:0,0,0,0,0,0""/>
      <Option name=""customdash_unit"" type=""QString"" value=""MM""/>
      <Option name=""dash_pattern_offset"" type=""QString"" value=""0""/>
      <Option name=""dash_pattern_offset_map_unit_scale"" type=""QString"" value=""3x:0,0,0,0,0,0""/>
      <Option name=""dash_pattern_offset_unit"" type=""QString"" value=""MM""/>
      <Option name=""draw_inside_polygon"" type=""QString"" value=""0""/>
      <Option name=""joinstyle"" type=""QString"" value=""bevel""/>
      <Option name=""line_color"" type=""QString"" value=""39,12,82,255,rgb:0.15196459906919965,0.04640268558785382,0.32091248950942247,1""/>
      <Option name=""line_style"" type=""QString"" value=""dash""/>
      <Option name=""line_width"" type=""QString"" value=""0.4""/>
      <Option name=""line_width_unit"" type=""QString"" value=""MM""/>
      <Option name=""offset"" type=""QString"" value=""0""/>
      <Option name=""offset_map_unit_scale"" type=""QString"" value=""3x:0,0,0,0,0,0""/>
      <Option name=""offset_unit"" type=""QString"" value=""MM""/>
      <Option name=""ring_filter"" type=""QString"" value=""0""/>
      <Option name=""trim_distance_end"" type=""QString"" value=""0""/>
      <Option name=""trim_distance_end_map_unit_scale"" type=""QString"" value=""3x:0,0,0,0,0,0""/>
      <Option name=""trim_distance_end_unit"" type=""QString"" value=""MM""/>
      <Option name=""trim_distance_start"" type=""QString"" value=""0""/>
      <Option name=""trim_distance_start_map_unit_scale"" type=""QString"" value=""3x:0,0,0,0,0,0""/>
      <Option name=""trim_distance_start_unit"" type=""QString"" value=""MM""/>
      <Option name=""tweak_dash_pattern_on_corners"" type=""QString"" value=""0""/>
      <Option name=""use_custom_dash"" type=""QString"" value=""0""/>
      <Option name=""width_map_unit_scale"" type=""QString"" value=""3x:0,0,0,0,0,0""/>
     </Option>
     <data_defined_properties>
      <Option type=""Map"">
       <Option name=""name"" type=""QString"" value=""""/>
       <Option name=""properties""/>
       <Option name=""type"" type=""QString"" value=""collection""/>
      </Option>
     </data_defined_properties>
    </layer>
   </symbol>
   <symbol name=""46"" type=""line"" alpha=""1"" is_animated=""0"" clip_to_extent=""1"" force_rhr=""0"" frame_rate=""10"">
    <data_defined_properties>
     <Option type=""Map"">
      <Option name=""name"" type=""QString"" value=""""/>
      <Option name=""properties""/>
      <Option name=""type"" type=""QString"" value=""collection""/>
     </Option>
    </data_defined_properties>
    <layer locked=""0"" enabled=""1"" id=""{0d5b3c1b-f07a-4de9-ab58-4fb7a8b243ef}"" class=""SimpleLine"" pass=""0"">
     <Option type=""Map"">
      <Option name=""align_dash_pattern"" type=""QString"" value=""0""/>
      <Option name=""capstyle"" type=""QString"" value=""square""/>
      <Option name=""customdash"" type=""QString"" value=""5;2""/>
      <Option name=""customdash_map_unit_scale"" type=""QString"" value=""3x:0,0,0,0,0,0""/>
      <Option name=""customdash_unit"" type=""QString"" value=""MM""/>
      <Option name=""dash_pattern_offset"" type=""QString"" value=""0""/>
      <Option name=""dash_pattern_offset_map_unit_scale"" type=""QString"" value=""3x:0,0,0,0,0,0""/>
      <Option name=""dash_pattern_offset_unit"" type=""QString"" value=""MM""/>
      <Option name=""draw_inside_polygon"" type=""QString"" value=""0""/>
      <Option name=""joinstyle"" type=""QString"" value=""bevel""/>
      <Option name=""line_color"" type=""QString"" value=""51,10,94,255,rgb:0.20195315480277715,0.03726253147173266,0.37058060578316931,1""/>
      <Option name=""line_style"" type=""QString"" value=""dash""/>
      <Option name=""line_width"" type=""QString"" value=""0.4""/>
      <Option name=""line_width_unit"" type=""QString"" value=""MM""/>
      <Option name=""offset"" type=""QString"" value=""0""/>
      <Option name=""offset_map_unit_scale"" type=""QString"" value=""3x:0,0,0,0,0,0""/>
      <Option name=""offset_unit"" type=""QString"" value=""MM""/>
      <Option name=""ring_filter"" type=""QString"" value=""0""/>
      <Option name=""trim_distance_end"" type=""QString"" value=""0""/>
      <Option name=""trim_distance_end_map_unit_scale"" type=""QString"" value=""3x:0,0,0,0,0,0""/>
      <Option name=""trim_distance_end_unit"" type=""QString"" value=""MM""/>
      <Option name=""trim_distance_start"" type=""QString"" value=""0""/>
      <Option name=""trim_distance_start_map_unit_scale"" type=""QString"" value=""3x:0,0,0,0,0,0""/>
      <Option name=""trim_distance_start_unit"" type=""QString"" value=""MM""/>
      <Option name=""tweak_dash_pattern_on_corners"" type=""QString"" value=""0""/>
      <Option name=""use_custom_dash"" type=""QString"" value=""0""/>
      <Option name=""width_map_unit_scale"" type=""QString"" value=""3x:0,0,0,0,0,0""/>
     </Option>
     <data_defined_properties>
      <Option type=""Map"">
       <Option name=""name"" type=""QString"" value=""""/>
       <Option name=""properties""/>
       <Option name=""type"" type=""QString"" value=""collection""/>
      </Option>
     </data_defined_properties>
    </layer>
   </symbol>
   <symbol name=""47"" type=""line"" alpha=""1"" is_animated=""0"" clip_to_extent=""1"" force_rhr=""0"" frame_rate=""10"">
    <data_defined_properties>
     <Option type=""Map"">
      <Option name=""name"" type=""QString"" value=""""/>
      <Option name=""properties""/>
      <Option name=""type"" type=""QString"" value=""collection""/>
     </Option>
    </data_defined_properties>
    <layer locked=""0"" enabled=""1"" id=""{0d5b3c1b-f07a-4de9-ab58-4fb7a8b243ef}"" class=""SimpleLine"" pass=""0"">
     <Option type=""Map"">
      <Option name=""align_dash_pattern"" type=""QString"" value=""0""/>
      <Option name=""capstyle"" type=""QString"" value=""square""/>
      <Option name=""customdash"" type=""QString"" value=""5;2""/>
      <Option name=""customdash_map_unit_scale"" type=""QString"" value=""3x:0,0,0,0,0,0""/>
      <Option name=""customdash_unit"" type=""QString"" value=""MM""/>
      <Option name=""dash_pattern_offset"" type=""QString"" value=""0""/>
      <Option name=""dash_pattern_offset_map_unit_scale"" type=""QString"" value=""3x:0,0,0,0,0,0""/>
      <Option name=""dash_pattern_offset_unit"" type=""QString"" value=""MM""/>
      <Option name=""draw_inside_polygon"" type=""QString"" value=""0""/>
      <Option name=""joinstyle"" type=""QString"" value=""bevel""/>
      <Option name=""line_color"" type=""QString"" value=""63,10,103,255,rgb:0.24837109941252766,0.03889524681467918,0.40228885328450448,1""/>
      <Option name=""line_style"" type=""QString"" value=""dash""/>
      <Option name=""line_width"" type=""QString"" value=""0.4""/>
      <Option name=""line_width_unit"" type=""QString"" value=""MM""/>
      <Option name=""offset"" type=""QString"" value=""0""/>
      <Option name=""offset_map_unit_scale"" type=""QString"" value=""3x:0,0,0,0,0,0""/>
      <Option name=""offset_unit"" type=""QString"" value=""MM""/>
      <Option name=""ring_filter"" type=""QString"" value=""0""/>
      <Option name=""trim_distance_end"" type=""QString"" value=""0""/>
      <Option name=""trim_distance_end_map_unit_scale"" type=""QString"" value=""3x:0,0,0,0,0,0""/>
      <Option name=""trim_distance_end_unit"" type=""QString"" value=""MM""/>
      <Option name=""trim_distance_start"" type=""QString"" value=""0""/>
      <Option name=""trim_distance_start_map_unit_scale"" type=""QString"" value=""3x:0,0,0,0,0,0""/>
      <Option name=""trim_distance_start_unit"" type=""QString"" value=""MM""/>
      <Option name=""tweak_dash_pattern_on_corners"" type=""QString"" value=""0""/>
      <Option name=""use_custom_dash"" type=""QString"" value=""0""/>
      <Option name=""width_map_unit_scale"" type=""QString"" value=""3x:0,0,0,0,0,0""/>
     </Option>
     <data_defined_properties>
      <Option type=""Map"">
       <Option name=""name"" type=""QString"" value=""""/>
       <Option name=""properties""/>
       <Option name=""type"" type=""QString"" value=""collection""/>
      </Option>
     </data_defined_properties>
    </layer>
   </symbol>
   <symbol name=""48"" type=""line"" alpha=""1"" is_animated=""0"" clip_to_extent=""1"" force_rhr=""0"" frame_rate=""10"">
    <data_defined_properties>
     <Option type=""Map"">
      <Option name=""name"" type=""QString"" value=""""/>
      <Option name=""properties""/>
      <Option name=""type"" type=""QString"" value=""collection""/>
     </Option>
    </data_defined_properties>
    <layer locked=""0"" enabled=""1"" id=""{0d5b3c1b-f07a-4de9-ab58-4fb7a8b243ef}"" class=""SimpleLine"" pass=""0"">
     <Option type=""Map"">
      <Option name=""align_dash_pattern"" type=""QString"" value=""0""/>
      <Option name=""capstyle"" type=""QString"" value=""square""/>
      <Option name=""customdash"" type=""QString"" value=""5;2""/>
      <Option name=""customdash_map_unit_scale"" type=""QString"" value=""3x:0,0,0,0,0,0""/>
      <Option name=""customdash_unit"" type=""QString"" value=""MM""/>
      <Option name=""dash_pattern_offset"" type=""QString"" value=""0""/>
      <Option name=""dash_pattern_offset_map_unit_scale"" type=""QString"" value=""3x:0,0,0,0,0,0""/>
      <Option name=""dash_pattern_offset_unit"" type=""QString"" value=""MM""/>
      <Option name=""draw_inside_polygon"" type=""QString"" value=""0""/>
      <Option name=""joinstyle"" type=""QString"" value=""bevel""/>
      <Option name=""line_color"" type=""QString"" value=""76,12,107,255,rgb:0.29672693980315862,0.04705882352941176,0.41829556725413902,1""/>
      <Option name=""line_style"" type=""QString"" value=""dash""/>
      <Option name=""line_width"" type=""QString"" value=""0.4""/>
      <Option name=""line_width_unit"" type=""QString"" value=""MM""/>
      <Option name=""offset"" type=""QString"" value=""0""/>
      <Option name=""offset_map_unit_scale"" type=""QString"" value=""3x:0,0,0,0,0,0""/>
      <Option name=""offset_unit"" type=""QString"" value=""MM""/>
      <Option name=""ring_filter"" type=""QString"" value=""0""/>
      <Option name=""trim_distance_end"" type=""QString"" value=""0""/>
      <Option name=""trim_distance_end_map_unit_scale"" type=""QString"" value=""3x:0,0,0,0,0,0""/>
      <Option name=""trim_distance_end_unit"" type=""QString"" value=""MM""/>
      <Option name=""trim_distance_start"" type=""QString"" value=""0""/>
      <Option name=""trim_distance_start_map_unit_scale"" type=""QString"" value=""3x:0,0,0,0,0,0""/>
      <Option name=""trim_distance_start_unit"" type=""QString"" value=""MM""/>
      <Option name=""tweak_dash_pattern_on_corners"" type=""QString"" value=""0""/>
      <Option name=""use_custom_dash"" type=""QString"" value=""0""/>
      <Option name=""width_map_unit_scale"" type=""QString"" value=""3x:0,0,0,0,0,0""/>
     </Option>
     <data_defined_properties>
      <Option type=""Map"">
       <Option name=""name"" type=""QString"" value=""""/>
       <Option name=""properties""/>
       <Option name=""type"" type=""QString"" value=""collection""/>
      </Option>
     </data_defined_properties>
    </layer>
   </symbol>
   <symbol name=""49"" type=""line"" alpha=""1"" is_animated=""0"" clip_to_extent=""1"" force_rhr=""0"" frame_rate=""10"">
    <data_defined_properties>
     <Option type=""Map"">
      <Option name=""name"" type=""QString"" value=""""/>
      <Option name=""properties""/>
      <Option name=""type"" type=""QString"" value=""collection""/>
     </Option>
    </data_defined_properties>
    <layer locked=""0"" enabled=""1"" id=""{0d5b3c1b-f07a-4de9-ab58-4fb7a8b243ef}"" class=""SimpleLine"" pass=""0"">
     <Option type=""Map"">
      <Option name=""align_dash_pattern"" type=""QString"" value=""0""/>
      <Option name=""capstyle"" type=""QString"" value=""square""/>
      <Option name=""customdash"" type=""QString"" value=""5;2""/>
      <Option name=""customdash_map_unit_scale"" type=""QString"" value=""3x:0,0,0,0,0,0""/>
      <Option name=""customdash_unit"" type=""QString"" value=""MM""/>
      <Option name=""dash_pattern_offset"" type=""QString"" value=""0""/>
      <Option name=""dash_pattern_offset_map_unit_scale"" type=""QString"" value=""3x:0,0,0,0,0,0""/>
      <Option name=""dash_pattern_offset_unit"" type=""QString"" value=""MM""/>
      <Option name=""draw_inside_polygon"" type=""QString"" value=""0""/>
      <Option name=""joinstyle"" type=""QString"" value=""bevel""/>
      <Option name=""line_color"" type=""QString"" value=""87,15,110,255,rgb:0.3411764705882353,0.06077668421454185,0.42941939421683067,1""/>
      <Option name=""line_style"" type=""QString"" value=""dash""/>
      <Option name=""line_width"" type=""QString"" value=""0.4""/>
      <Option name=""line_width_unit"" type=""QString"" value=""MM""/>
      <Option name=""offset"" type=""QString"" value=""0""/>
      <Option name=""offset_map_unit_scale"" type=""QString"" value=""3x:0,0,0,0,0,0""/>
      <Option name=""offset_unit"" type=""QString"" value=""MM""/>
      <Option name=""ring_filter"" type=""QString"" value=""0""/>
      <Option name=""trim_distance_end"" type=""QString"" value=""0""/>
      <Option name=""trim_distance_end_map_unit_scale"" type=""QString"" value=""3x:0,0,0,0,0,0""/>
      <Option name=""trim_distance_end_unit"" type=""QString"" value=""MM""/>
      <Option name=""trim_distance_start"" type=""QString"" value=""0""/>
      <Option name=""trim_distance_start_map_unit_scale"" type=""QString"" value=""3x:0,0,0,0,0,0""/>
      <Option name=""trim_distance_start_unit"" type=""QString"" value=""MM""/>
      <Option name=""tweak_dash_pattern_on_corners"" type=""QString"" value=""0""/>
      <Option name=""use_custom_dash"" type=""QString"" value=""0""/>
      <Option name=""width_map_unit_scale"" type=""QString"" value=""3x:0,0,0,0,0,0""/>
     </Option>
     <data_defined_properties>
      <Option type=""Map"">
       <Option name=""name"" type=""QString"" value=""""/>
       <Option name=""properties""/>
       <Option name=""type"" type=""QString"" value=""collection""/>
      </Option>
     </data_defined_properties>
    </layer>
   </symbol>
   <symbol name=""5"" type=""line"" alpha=""1"" is_animated=""0"" clip_to_extent=""1"" force_rhr=""0"" frame_rate=""10"">
    <data_defined_properties>
     <Option type=""Map"">
      <Option name=""name"" type=""QString"" value=""""/>
      <Option name=""properties""/>
      <Option name=""type"" type=""QString"" value=""collection""/>
     </Option>
    </data_defined_properties>
    <layer locked=""0"" enabled=""1"" id=""{023b196a-5f5e-4c61-a655-19c409bdaf95}"" class=""SimpleLine"" pass=""0"">
     <Option type=""Map"">
      <Option name=""align_dash_pattern"" type=""QString"" value=""0""/>
      <Option name=""capstyle"" type=""QString"" value=""square""/>
      <Option name=""customdash"" type=""QString"" value=""5;2""/>
      <Option name=""customdash_map_unit_scale"" type=""QString"" value=""3x:0,0,0,0,0,0""/>
      <Option name=""customdash_unit"" type=""QString"" value=""MM""/>
      <Option name=""dash_pattern_offset"" type=""QString"" value=""0""/>
      <Option name=""dash_pattern_offset_map_unit_scale"" type=""QString"" value=""3x:0,0,0,0,0,0""/>
      <Option name=""dash_pattern_offset_unit"" type=""QString"" value=""MM""/>
      <Option name=""draw_inside_polygon"" type=""QString"" value=""0""/>
      <Option name=""joinstyle"" type=""QString"" value=""bevel""/>
      <Option name=""line_color"" type=""QString"" value=""27,12,65,255,rgb:0.10719462882429236,0.04574654764629587,0.25490196078431371,1""/>
      <Option name=""line_style"" type=""QString"" value=""solid""/>
      <Option name=""line_width"" type=""QString"" value=""0.66""/>
      <Option name=""line_width_unit"" type=""QString"" value=""MM""/>
      <Option name=""offset"" type=""QString"" value=""0""/>
      <Option name=""offset_map_unit_scale"" type=""QString"" value=""3x:0,0,0,0,0,0""/>
      <Option name=""offset_unit"" type=""QString"" value=""MM""/>
      <Option name=""ring_filter"" type=""QString"" value=""0""/>
      <Option name=""trim_distance_end"" type=""QString"" value=""0""/>
      <Option name=""trim_distance_end_map_unit_scale"" type=""QString"" value=""3x:0,0,0,0,0,0""/>
      <Option name=""trim_distance_end_unit"" type=""QString"" value=""MM""/>
      <Option name=""trim_distance_start"" type=""QString"" value=""0""/>
      <Option name=""trim_distance_start_map_unit_scale"" type=""QString"" value=""3x:0,0,0,0,0,0""/>
      <Option name=""trim_distance_start_unit"" type=""QString"" value=""MM""/>
      <Option name=""tweak_dash_pattern_on_corners"" type=""QString"" value=""0""/>
      <Option name=""use_custom_dash"" type=""QString"" value=""0""/>
      <Option name=""width_map_unit_scale"" type=""QString"" value=""3x:0,0,0,0,0,0""/>
     </Option>
     <data_defined_properties>
      <Option type=""Map"">
       <Option name=""name"" type=""QString"" value=""""/>
       <Option name=""properties""/>
       <Option name=""type"" type=""QString"" value=""collection""/>
      </Option>
     </data_defined_properties>
    </layer>
   </symbol>
   <symbol name=""50"" type=""line"" alpha=""1"" is_animated=""0"" clip_to_extent=""1"" force_rhr=""0"" frame_rate=""10"">
    <data_defined_properties>
     <Option type=""Map"">
      <Option name=""name"" type=""QString"" value=""""/>
      <Option name=""properties""/>
      <Option name=""type"" type=""QString"" value=""collection""/>
     </Option>
    </data_defined_properties>
    <layer locked=""0"" enabled=""1"" id=""{0d5b3c1b-f07a-4de9-ab58-4fb7a8b243ef}"" class=""SimpleLine"" pass=""0"">
     <Option type=""Map"">
      <Option name=""align_dash_pattern"" type=""QString"" value=""0""/>
      <Option name=""capstyle"" type=""QString"" value=""square""/>
      <Option name=""customdash"" type=""QString"" value=""5;2""/>
      <Option name=""customdash_map_unit_scale"" type=""QString"" value=""3x:0,0,0,0,0,0""/>
      <Option name=""customdash_unit"" type=""QString"" value=""MM""/>
      <Option name=""dash_pattern_offset"" type=""QString"" value=""0""/>
      <Option name=""dash_pattern_offset_map_unit_scale"" type=""QString"" value=""3x:0,0,0,0,0,0""/>
      <Option name=""dash_pattern_offset_unit"" type=""QString"" value=""MM""/>
      <Option name=""draw_inside_polygon"" type=""QString"" value=""0""/>
      <Option name=""joinstyle"" type=""QString"" value=""bevel""/>
      <Option name=""line_color"" type=""QString"" value=""98,19,110,255,rgb:0.38562600137331199,0.07646295872434578,0.43137254901960786,1""/>
      <Option name=""line_style"" type=""QString"" value=""dash""/>
      <Option name=""line_width"" type=""QString"" value=""0.4""/>
      <Option name=""line_width_unit"" type=""QString"" value=""MM""/>
      <Option name=""offset"" type=""QString"" value=""0""/>
      <Option name=""offset_map_unit_scale"" type=""QString"" value=""3x:0,0,0,0,0,0""/>
      <Option name=""offset_unit"" type=""QString"" value=""MM""/>
      <Option name=""ring_filter"" type=""QString"" value=""0""/>
      <Option name=""trim_distance_end"" type=""QString"" value=""0""/>
      <Option name=""trim_distance_end_map_unit_scale"" type=""QString"" value=""3x:0,0,0,0,0,0""/>
      <Option name=""trim_distance_end_unit"" type=""QString"" value=""MM""/>
      <Option name=""trim_distance_start"" type=""QString"" value=""0""/>
      <Option name=""trim_distance_start_map_unit_scale"" type=""QString"" value=""3x:0,0,0,0,0,0""/>
      <Option name=""trim_distance_start_unit"" type=""QString"" value=""MM""/>
      <Option name=""tweak_dash_pattern_on_corners"" type=""QString"" value=""0""/>
      <Option name=""use_custom_dash"" type=""QString"" value=""0""/>
      <Option name=""width_map_unit_scale"" type=""QString"" value=""3x:0,0,0,0,0,0""/>
     </Option>
     <data_defined_properties>
      <Option type=""Map"">
       <Option name=""name"" type=""QString"" value=""""/>
       <Option name=""properties""/>
       <Option name=""type"" type=""QString"" value=""collection""/>
      </Option>
     </data_defined_properties>
    </layer>
   </symbol>
   <symbol name=""51"" type=""line"" alpha=""1"" is_animated=""0"" clip_to_extent=""1"" force_rhr=""0"" frame_rate=""10"">
    <data_defined_properties>
     <Option type=""Map"">
      <Option name=""name"" type=""QString"" value=""""/>
      <Option name=""properties""/>
      <Option name=""type"" type=""QString"" value=""collection""/>
     </Option>
    </data_defined_properties>
    <layer locked=""0"" enabled=""1"" id=""{0d5b3c1b-f07a-4de9-ab58-4fb7a8b243ef}"" class=""SimpleLine"" pass=""0"">
     <Option type=""Map"">
      <Option name=""align_dash_pattern"" type=""QString"" value=""0""/>
      <Option name=""capstyle"" type=""QString"" value=""square""/>
      <Option name=""customdash"" type=""QString"" value=""5;2""/>
      <Option name=""customdash_map_unit_scale"" type=""QString"" value=""3x:0,0,0,0,0,0""/>
      <Option name=""customdash_unit"" type=""QString"" value=""MM""/>
      <Option name=""dash_pattern_offset"" type=""QString"" value=""0""/>
      <Option name=""dash_pattern_offset_map_unit_scale"" type=""QString"" value=""3x:0,0,0,0,0,0""/>
      <Option name=""dash_pattern_offset_unit"" type=""QString"" value=""MM""/>
      <Option name=""draw_inside_polygon"" type=""QString"" value=""0""/>
      <Option name=""joinstyle"" type=""QString"" value=""bevel""/>
      <Option name=""line_color"" type=""QString"" value=""110,24,110,255,rgb:0.43006027313649198,0.09314106965743496,0.43137254901960786,1""/>
      <Option name=""line_style"" type=""QString"" value=""dash""/>
      <Option name=""line_width"" type=""QString"" value=""0.4""/>
      <Option name=""line_width_unit"" type=""QString"" value=""MM""/>
      <Option name=""offset"" type=""QString"" value=""0""/>
      <Option name=""offset_map_unit_scale"" type=""QString"" value=""3x:0,0,0,0,0,0""/>
      <Option name=""offset_unit"" type=""QString"" value=""MM""/>
      <Option name=""ring_filter"" type=""QString"" value=""0""/>
      <Option name=""trim_distance_end"" type=""QString"" value=""0""/>
      <Option name=""trim_distance_end_map_unit_scale"" type=""QString"" value=""3x:0,0,0,0,0,0""/>
      <Option name=""trim_distance_end_unit"" type=""QString"" value=""MM""/>
      <Option name=""trim_distance_start"" type=""QString"" value=""0""/>
      <Option name=""trim_distance_start_map_unit_scale"" type=""QString"" value=""3x:0,0,0,0,0,0""/>
      <Option name=""trim_distance_start_unit"" type=""QString"" value=""MM""/>
      <Option name=""tweak_dash_pattern_on_corners"" type=""QString"" value=""0""/>
      <Option name=""use_custom_dash"" type=""QString"" value=""0""/>
      <Option name=""width_map_unit_scale"" type=""QString"" value=""3x:0,0,0,0,0,0""/>
     </Option>
     <data_defined_properties>
      <Option type=""Map"">
       <Option name=""name"" type=""QString"" value=""""/>
       <Option name=""properties""/>
       <Option name=""type"" type=""QString"" value=""collection""/>
      </Option>
     </data_defined_properties>
    </layer>
   </symbol>
   <symbol name=""52"" type=""line"" alpha=""1"" is_animated=""0"" clip_to_extent=""1"" force_rhr=""0"" frame_rate=""10"">
    <data_defined_properties>
     <Option type=""Map"">
      <Option name=""name"" type=""QString"" value=""""/>
      <Option name=""properties""/>
      <Option name=""type"" type=""QString"" value=""collection""/>
     </Option>
    </data_defined_properties>
    <layer locked=""0"" enabled=""1"" id=""{0d5b3c1b-f07a-4de9-ab58-4fb7a8b243ef}"" class=""SimpleLine"" pass=""0"">
     <Option type=""Map"">
      <Option name=""align_dash_pattern"" type=""QString"" value=""0""/>
      <Option name=""capstyle"" type=""QString"" value=""square""/>
      <Option name=""customdash"" type=""QString"" value=""5;2""/>
      <Option name=""customdash_map_unit_scale"" type=""QString"" value=""3x:0,0,0,0,0,0""/>
      <Option name=""customdash_unit"" type=""QString"" value=""MM""/>
      <Option name=""dash_pattern_offset"" type=""QString"" value=""0""/>
      <Option name=""dash_pattern_offset_map_unit_scale"" type=""QString"" value=""3x:0,0,0,0,0,0""/>
      <Option name=""dash_pattern_offset_unit"" type=""QString"" value=""MM""/>
      <Option name=""draw_inside_polygon"" type=""QString"" value=""0""/>
      <Option name=""joinstyle"" type=""QString"" value=""bevel""/>
      <Option name=""line_color"" type=""QString"" value=""120,28,109,255,rgb:0.47058823529411764,0.10980392156862745,0.42745098039215684,1""/>
      <Option name=""line_style"" type=""QString"" value=""dash""/>
      <Option name=""line_width"" type=""QString"" value=""0.4""/>
      <Option name=""line_width_unit"" type=""QString"" value=""MM""/>
      <Option name=""offset"" type=""QString"" value=""0""/>
      <Option name=""offset_map_unit_scale"" type=""QString"" value=""3x:0,0,0,0,0,0""/>
      <Option name=""offset_unit"" type=""QString"" value=""MM""/>
      <Option name=""ring_filter"" type=""QString"" value=""0""/>
      <Option name=""trim_distance_end"" type=""QString"" value=""0""/>
      <Option name=""trim_distance_end_map_unit_scale"" type=""QString"" value=""3x:0,0,0,0,0,0""/>
      <Option name=""trim_distance_end_unit"" type=""QString"" value=""MM""/>
      <Option name=""trim_distance_start"" type=""QString"" value=""0""/>
      <Option name=""trim_distance_start_map_unit_scale"" type=""QString"" value=""3x:0,0,0,0,0,0""/>
      <Option name=""trim_distance_start_unit"" type=""QString"" value=""MM""/>
      <Option name=""tweak_dash_pattern_on_corners"" type=""QString"" value=""0""/>
      <Option name=""use_custom_dash"" type=""QString"" value=""0""/>
      <Option name=""width_map_unit_scale"" type=""QString"" value=""3x:0,0,0,0,0,0""/>
     </Option>
     <data_defined_properties>
      <Option type=""Map"">
       <Option name=""name"" type=""QString"" value=""""/>
       <Option name=""properties""/>
       <Option name=""type"" type=""QString"" value=""collection""/>
      </Option>
     </data_defined_properties>
    </layer>
   </symbol>
   <symbol name=""53"" type=""line"" alpha=""1"" is_animated=""0"" clip_to_extent=""1"" force_rhr=""0"" frame_rate=""10"">
    <data_defined_properties>
     <Option type=""Map"">
      <Option name=""name"" type=""QString"" value=""""/>
      <Option name=""properties""/>
      <Option name=""type"" type=""QString"" value=""collection""/>
     </Option>
    </data_defined_properties>
    <layer locked=""0"" enabled=""1"" id=""{0d5b3c1b-f07a-4de9-ab58-4fb7a8b243ef}"" class=""SimpleLine"" pass=""0"">
     <Option type=""Map"">
      <Option name=""align_dash_pattern"" type=""QString"" value=""0""/>
      <Option name=""capstyle"" type=""QString"" value=""square""/>
      <Option name=""customdash"" type=""QString"" value=""5;2""/>
      <Option name=""customdash_map_unit_scale"" type=""QString"" value=""3x:0,0,0,0,0,0""/>
      <Option name=""customdash_unit"" type=""QString"" value=""MM""/>
      <Option name=""dash_pattern_offset"" type=""QString"" value=""0""/>
      <Option name=""dash_pattern_offset_map_unit_scale"" type=""QString"" value=""3x:0,0,0,0,0,0""/>
      <Option name=""dash_pattern_offset_unit"" type=""QString"" value=""MM""/>
      <Option name=""draw_inside_polygon"" type=""QString"" value=""0""/>
      <Option name=""joinstyle"" type=""QString"" value=""bevel""/>
      <Option name=""line_color"" type=""QString"" value=""131,32,107,255,rgb:0.51503776607919427,0.12646677347981994,0.42026398107881285,1""/>
      <Option name=""line_style"" type=""QString"" value=""dash""/>
      <Option name=""line_width"" type=""QString"" value=""0.4""/>
      <Option name=""line_width_unit"" type=""QString"" value=""MM""/>
      <Option name=""offset"" type=""QString"" value=""0""/>
      <Option name=""offset_map_unit_scale"" type=""QString"" value=""3x:0,0,0,0,0,0""/>
      <Option name=""offset_unit"" type=""QString"" value=""MM""/>
      <Option name=""ring_filter"" type=""QString"" value=""0""/>
      <Option name=""trim_distance_end"" type=""QString"" value=""0""/>
      <Option name=""trim_distance_end_map_unit_scale"" type=""QString"" value=""3x:0,0,0,0,0,0""/>
      <Option name=""trim_distance_end_unit"" type=""QString"" value=""MM""/>
      <Option name=""trim_distance_start"" type=""QString"" value=""0""/>
      <Option name=""trim_distance_start_map_unit_scale"" type=""QString"" value=""3x:0,0,0,0,0,0""/>
      <Option name=""trim_distance_start_unit"" type=""QString"" value=""MM""/>
      <Option name=""tweak_dash_pattern_on_corners"" type=""QString"" value=""0""/>
      <Option name=""use_custom_dash"" type=""QString"" value=""0""/>
      <Option name=""width_map_unit_scale"" type=""QString"" value=""3x:0,0,0,0,0,0""/>
     </Option>
     <data_defined_properties>
      <Option type=""Map"">
       <Option name=""name"" type=""QString"" value=""""/>
       <Option name=""properties""/>
       <Option name=""type"" type=""QString"" value=""collection""/>
      </Option>
     </data_defined_properties>
    </layer>
   </symbol>
   <symbol name=""54"" type=""line"" alpha=""1"" is_animated=""0"" clip_to_extent=""1"" force_rhr=""0"" frame_rate=""10"">
    <data_defined_properties>
     <Option type=""Map"">
      <Option name=""name"" type=""QString"" value=""""/>
      <Option name=""properties""/>
      <Option name=""type"" type=""QString"" value=""collection""/>
     </Option>
    </data_defined_properties>
    <layer locked=""0"" enabled=""1"" id=""{0d5b3c1b-f07a-4de9-ab58-4fb7a8b243ef}"" class=""SimpleLine"" pass=""0"">
     <Option type=""Map"">
      <Option name=""align_dash_pattern"" type=""QString"" value=""0""/>
      <Option name=""capstyle"" type=""QString"" value=""square""/>
      <Option name=""customdash"" type=""QString"" value=""5;2""/>
      <Option name=""customdash_map_unit_scale"" type=""QString"" value=""3x:0,0,0,0,0,0""/>
      <Option name=""customdash_unit"" type=""QString"" value=""MM""/>
      <Option name=""dash_pattern_offset"" type=""QString"" value=""0""/>
      <Option name=""dash_pattern_offset_map_unit_scale"" type=""QString"" value=""3x:0,0,0,0,0,0""/>
      <Option name=""dash_pattern_offset_unit"" type=""QString"" value=""MM""/>
      <Option name=""draw_inside_polygon"" type=""QString"" value=""0""/>
      <Option name=""joinstyle"" type=""QString"" value=""bevel""/>
      <Option name=""line_color"" type=""QString"" value=""143,36,104,255,rgb:0.55947203784237431,0.14312962539101243,0.40915541313801784,1""/>
      <Option name=""line_style"" type=""QString"" value=""dash""/>
      <Option name=""line_width"" type=""QString"" value=""0.4""/>
      <Option name=""line_width_unit"" type=""QString"" value=""MM""/>
      <Option name=""offset"" type=""QString"" value=""0""/>
      <Option name=""offset_map_unit_scale"" type=""QString"" value=""3x:0,0,0,0,0,0""/>
      <Option name=""offset_unit"" type=""QString"" value=""MM""/>
      <Option name=""ring_filter"" type=""QString"" value=""0""/>
      <Option name=""trim_distance_end"" type=""QString"" value=""0""/>
      <Option name=""trim_distance_end_map_unit_scale"" type=""QString"" value=""3x:0,0,0,0,0,0""/>
      <Option name=""trim_distance_end_unit"" type=""QString"" value=""MM""/>
      <Option name=""trim_distance_start"" type=""QString"" value=""0""/>
      <Option name=""trim_distance_start_map_unit_scale"" type=""QString"" value=""3x:0,0,0,0,0,0""/>
      <Option name=""trim_distance_start_unit"" type=""QString"" value=""MM""/>
      <Option name=""tweak_dash_pattern_on_corners"" type=""QString"" value=""0""/>
      <Option name=""use_custom_dash"" type=""QString"" value=""0""/>
      <Option name=""width_map_unit_scale"" type=""QString"" value=""3x:0,0,0,0,0,0""/>
     </Option>
     <data_defined_properties>
      <Option type=""Map"">
       <Option name=""name"" type=""QString"" value=""""/>
       <Option name=""properties""/>
       <Option name=""type"" type=""QString"" value=""collection""/>
      </Option>
     </data_defined_properties>
    </layer>
   </symbol>
   <symbol name=""55"" type=""line"" alpha=""1"" is_animated=""0"" clip_to_extent=""1"" force_rhr=""0"" frame_rate=""10"">
    <data_defined_properties>
     <Option type=""Map"">
      <Option name=""name"" type=""QString"" value=""""/>
      <Option name=""properties""/>
      <Option name=""type"" type=""QString"" value=""collection""/>
     </Option>
    </data_defined_properties>
    <layer locked=""0"" enabled=""1"" id=""{0d5b3c1b-f07a-4de9-ab58-4fb7a8b243ef}"" class=""SimpleLine"" pass=""0"">
     <Option type=""Map"">
      <Option name=""align_dash_pattern"" type=""QString"" value=""0""/>
      <Option name=""capstyle"" type=""QString"" value=""square""/>
      <Option name=""customdash"" type=""QString"" value=""5;2""/>
      <Option name=""customdash_map_unit_scale"" type=""QString"" value=""3x:0,0,0,0,0,0""/>
      <Option name=""customdash_unit"" type=""QString"" value=""MM""/>
      <Option name=""dash_pattern_offset"" type=""QString"" value=""0""/>
      <Option name=""dash_pattern_offset_map_unit_scale"" type=""QString"" value=""3x:0,0,0,0,0,0""/>
      <Option name=""dash_pattern_offset_unit"" type=""QString"" value=""MM""/>
      <Option name=""draw_inside_polygon"" type=""QString"" value=""0""/>
      <Option name=""joinstyle"" type=""QString"" value=""bevel""/>
      <Option name=""line_color"" type=""QString"" value=""154,40,101,255,rgb:0.60392156862745094,0.15588616769665065,0.39705500877393757,1""/>
      <Option name=""line_style"" type=""QString"" value=""dash""/>
      <Option name=""line_width"" type=""QString"" value=""0.4""/>
      <Option name=""line_width_unit"" type=""QString"" value=""MM""/>
      <Option name=""offset"" type=""QString"" value=""0""/>
      <Option name=""offset_map_unit_scale"" type=""QString"" value=""3x:0,0,0,0,0,0""/>
      <Option name=""offset_unit"" type=""QString"" value=""MM""/>
      <Option name=""ring_filter"" type=""QString"" value=""0""/>
      <Option name=""trim_distance_end"" type=""QString"" value=""0""/>
      <Option name=""trim_distance_end_map_unit_scale"" type=""QString"" value=""3x:0,0,0,0,0,0""/>
      <Option name=""trim_distance_end_unit"" type=""QString"" value=""MM""/>
      <Option name=""trim_distance_start"" type=""QString"" value=""0""/>
      <Option name=""trim_distance_start_map_unit_scale"" type=""QString"" value=""3x:0,0,0,0,0,0""/>
      <Option name=""trim_distance_start_unit"" type=""QString"" value=""MM""/>
      <Option name=""tweak_dash_pattern_on_corners"" type=""QString"" value=""0""/>
      <Option name=""use_custom_dash"" type=""QString"" value=""0""/>
      <Option name=""width_map_unit_scale"" type=""QString"" value=""3x:0,0,0,0,0,0""/>
     </Option>
     <data_defined_properties>
      <Option type=""Map"">
       <Option name=""name"" type=""QString"" value=""""/>
       <Option name=""properties""/>
       <Option name=""type"" type=""QString"" value=""collection""/>
      </Option>
     </data_defined_properties>
    </layer>
   </symbol>
   <symbol name=""56"" type=""line"" alpha=""1"" is_animated=""0"" clip_to_extent=""1"" force_rhr=""0"" frame_rate=""10"">
    <data_defined_properties>
     <Option type=""Map"">
      <Option name=""name"" type=""QString"" value=""""/>
      <Option name=""properties""/>
      <Option name=""type"" type=""QString"" value=""collection""/>
     </Option>
    </data_defined_properties>
    <layer locked=""0"" enabled=""1"" id=""{0d5b3c1b-f07a-4de9-ab58-4fb7a8b243ef}"" class=""SimpleLine"" pass=""0"">
     <Option type=""Map"">
      <Option name=""align_dash_pattern"" type=""QString"" value=""0""/>
      <Option name=""capstyle"" type=""QString"" value=""square""/>
      <Option name=""customdash"" type=""QString"" value=""5;2""/>
      <Option name=""customdash_map_unit_scale"" type=""QString"" value=""3x:0,0,0,0,0,0""/>
      <Option name=""customdash_unit"" type=""QString"" value=""MM""/>
      <Option name=""dash_pattern_offset"" type=""QString"" value=""0""/>
      <Option name=""dash_pattern_offset_map_unit_scale"" type=""QString"" value=""3x:0,0,0,0,0,0""/>
      <Option name=""dash_pattern_offset_unit"" type=""QString"" value=""MM""/>
      <Option name=""draw_inside_polygon"" type=""QString"" value=""0""/>
      <Option name=""joinstyle"" type=""QString"" value=""bevel""/>
      <Option name=""line_color"" type=""QString"" value=""165,45,96,255,rgb:0.64837109941252768,0.17515831235217821,0.37778286411841,1""/>
      <Option name=""line_style"" type=""QString"" value=""dash""/>
      <Option name=""line_width"" type=""QString"" value=""0.4""/>
      <Option name=""line_width_unit"" type=""QString"" value=""MM""/>
      <Option name=""offset"" type=""QString"" value=""0""/>
      <Option name=""offset_map_unit_scale"" type=""QString"" value=""3x:0,0,0,0,0,0""/>
      <Option name=""offset_unit"" type=""QString"" value=""MM""/>
      <Option name=""ring_filter"" type=""QString"" value=""0""/>
      <Option name=""trim_distance_end"" type=""QString"" value=""0""/>
      <Option name=""trim_distance_end_map_unit_scale"" type=""QString"" value=""3x:0,0,0,0,0,0""/>
      <Option name=""trim_distance_end_unit"" type=""QString"" value=""MM""/>
      <Option name=""trim_distance_start"" type=""QString"" value=""0""/>
      <Option name=""trim_distance_start_map_unit_scale"" type=""QString"" value=""3x:0,0,0,0,0,0""/>
      <Option name=""trim_distance_start_unit"" type=""QString"" value=""MM""/>
      <Option name=""tweak_dash_pattern_on_corners"" type=""QString"" value=""0""/>
      <Option name=""use_custom_dash"" type=""QString"" value=""0""/>
      <Option name=""width_map_unit_scale"" type=""QString"" value=""3x:0,0,0,0,0,0""/>
     </Option>
     <data_defined_properties>
      <Option type=""Map"">
       <Option name=""name"" type=""QString"" value=""""/>
       <Option name=""properties""/>
       <Option name=""type"" type=""QString"" value=""collection""/>
      </Option>
     </data_defined_properties>
    </layer>
   </symbol>
   <symbol name=""57"" type=""line"" alpha=""1"" is_animated=""0"" clip_to_extent=""1"" force_rhr=""0"" frame_rate=""10"">
    <data_defined_properties>
     <Option type=""Map"">
      <Option name=""name"" type=""QString"" value=""""/>
      <Option name=""properties""/>
      <Option name=""type"" type=""QString"" value=""collection""/>
     </Option>
    </data_defined_properties>
    <layer locked=""0"" enabled=""1"" id=""{0d5b3c1b-f07a-4de9-ab58-4fb7a8b243ef}"" class=""SimpleLine"" pass=""0"">
     <Option type=""Map"">
      <Option name=""align_dash_pattern"" type=""QString"" value=""0""/>
      <Option name=""capstyle"" type=""QString"" value=""square""/>
      <Option name=""customdash"" type=""QString"" value=""5;2""/>
      <Option name=""customdash_map_unit_scale"" type=""QString"" value=""3x:0,0,0,0,0,0""/>
      <Option name=""customdash_unit"" type=""QString"" value=""MM""/>
      <Option name=""dash_pattern_offset"" type=""QString"" value=""0""/>
      <Option name=""dash_pattern_offset_map_unit_scale"" type=""QString"" value=""3x:0,0,0,0,0,0""/>
      <Option name=""dash_pattern_offset_unit"" type=""QString"" value=""MM""/>
      <Option name=""draw_inside_polygon"" type=""QString"" value=""0""/>
      <Option name=""joinstyle"" type=""QString"" value=""bevel""/>
      <Option name=""line_color"" type=""QString"" value=""177,49,91,255,rgb:0.69248493171587699,0.19346913862821394,0.35555046921492334,1""/>
      <Option name=""line_style"" type=""QString"" value=""dash""/>
      <Option name=""line_width"" type=""QString"" value=""0.4""/>
      <Option name=""line_width_unit"" type=""QString"" value=""MM""/>
      <Option name=""offset"" type=""QString"" value=""0""/>
      <Option name=""offset_map_unit_scale"" type=""QString"" value=""3x:0,0,0,0,0,0""/>
      <Option name=""offset_unit"" type=""QString"" value=""MM""/>
      <Option name=""ring_filter"" type=""QString"" value=""0""/>
      <Option name=""trim_distance_end"" type=""QString"" value=""0""/>
      <Option name=""trim_distance_end_map_unit_scale"" type=""QString"" value=""3x:0,0,0,0,0,0""/>
      <Option name=""trim_distance_end_unit"" type=""QString"" value=""MM""/>
      <Option name=""trim_distance_start"" type=""QString"" value=""0""/>
      <Option name=""trim_distance_start_map_unit_scale"" type=""QString"" value=""3x:0,0,0,0,0,0""/>
      <Option name=""trim_distance_start_unit"" type=""QString"" value=""MM""/>
      <Option name=""tweak_dash_pattern_on_corners"" type=""QString"" value=""0""/>
      <Option name=""use_custom_dash"" type=""QString"" value=""0""/>
      <Option name=""width_map_unit_scale"" type=""QString"" value=""3x:0,0,0,0,0,0""/>
     </Option>
     <data_defined_properties>
      <Option type=""Map"">
       <Option name=""name"" type=""QString"" value=""""/>
       <Option name=""properties""/>
       <Option name=""type"" type=""QString"" value=""collection""/>
      </Option>
     </data_defined_properties>
    </layer>
   </symbol>
   <symbol name=""58"" type=""line"" alpha=""1"" is_animated=""0"" clip_to_extent=""1"" force_rhr=""0"" frame_rate=""10"">
    <data_defined_properties>
     <Option type=""Map"">
      <Option name=""name"" type=""QString"" value=""""/>
      <Option name=""properties""/>
      <Option name=""type"" type=""QString"" value=""collection""/>
     </Option>
    </data_defined_properties>
    <layer locked=""0"" enabled=""1"" id=""{0d5b3c1b-f07a-4de9-ab58-4fb7a8b243ef}"" class=""SimpleLine"" pass=""0"">
     <Option type=""Map"">
      <Option name=""align_dash_pattern"" type=""QString"" value=""0""/>
      <Option name=""capstyle"" type=""QString"" value=""square""/>
      <Option name=""customdash"" type=""QString"" value=""5;2""/>
      <Option name=""customdash_map_unit_scale"" type=""QString"" value=""3x:0,0,0,0,0,0""/>
      <Option name=""customdash_unit"" type=""QString"" value=""MM""/>
      <Option name=""dash_pattern_offset"" type=""QString"" value=""0""/>
      <Option name=""dash_pattern_offset_map_unit_scale"" type=""QString"" value=""3x:0,0,0,0,0,0""/>
      <Option name=""dash_pattern_offset_unit"" type=""QString"" value=""MM""/>
      <Option name=""draw_inside_polygon"" type=""QString"" value=""0""/>
      <Option name=""joinstyle"" type=""QString"" value=""bevel""/>
      <Option name=""line_color"" type=""QString"" value=""187,55,85,255,rgb:0.73333333333333328,0.21568627450980393,0.33138017853055618,1""/>
      <Option name=""line_style"" type=""QString"" value=""dash""/>
      <Option name=""line_width"" type=""QString"" value=""0.4""/>
      <Option name=""line_width_unit"" type=""QString"" value=""MM""/>
      <Option name=""offset"" type=""QString"" value=""0""/>
      <Option name=""offset_map_unit_scale"" type=""QString"" value=""3x:0,0,0,0,0,0""/>
      <Option name=""offset_unit"" type=""QString"" value=""MM""/>
      <Option name=""ring_filter"" type=""QString"" value=""0""/>
      <Option name=""trim_distance_end"" type=""QString"" value=""0""/>
      <Option name=""trim_distance_end_map_unit_scale"" type=""QString"" value=""3x:0,0,0,0,0,0""/>
      <Option name=""trim_distance_end_unit"" type=""QString"" value=""MM""/>
      <Option name=""trim_distance_start"" type=""QString"" value=""0""/>
      <Option name=""trim_distance_start_map_unit_scale"" type=""QString"" value=""3x:0,0,0,0,0,0""/>
      <Option name=""trim_distance_start_unit"" type=""QString"" value=""MM""/>
      <Option name=""tweak_dash_pattern_on_corners"" type=""QString"" value=""0""/>
      <Option name=""use_custom_dash"" type=""QString"" value=""0""/>
      <Option name=""width_map_unit_scale"" type=""QString"" value=""3x:0,0,0,0,0,0""/>
     </Option>
     <data_defined_properties>
      <Option type=""Map"">
       <Option name=""name"" type=""QString"" value=""""/>
       <Option name=""properties""/>
       <Option name=""type"" type=""QString"" value=""collection""/>
      </Option>
     </data_defined_properties>
    </layer>
   </symbol>
   <symbol name=""59"" type=""line"" alpha=""1"" is_animated=""0"" clip_to_extent=""1"" force_rhr=""0"" frame_rate=""10"">
    <data_defined_properties>
     <Option type=""Map"">
      <Option name=""name"" type=""QString"" value=""""/>
      <Option name=""properties""/>
      <Option name=""type"" type=""QString"" value=""collection""/>
     </Option>
    </data_defined_properties>
    <layer locked=""0"" enabled=""1"" id=""{0d5b3c1b-f07a-4de9-ab58-4fb7a8b243ef}"" class=""SimpleLine"" pass=""0"">
     <Option type=""Map"">
      <Option name=""align_dash_pattern"" type=""QString"" value=""0""/>
      <Option name=""capstyle"" type=""QString"" value=""square""/>
      <Option name=""customdash"" type=""QString"" value=""5;2""/>
      <Option name=""customdash_map_unit_scale"" type=""QString"" value=""3x:0,0,0,0,0,0""/>
      <Option name=""customdash_unit"" type=""QString"" value=""MM""/>
      <Option name=""dash_pattern_offset"" type=""QString"" value=""0""/>
      <Option name=""dash_pattern_offset_map_unit_scale"" type=""QString"" value=""3x:0,0,0,0,0,0""/>
      <Option name=""dash_pattern_offset_unit"" type=""QString"" value=""MM""/>
      <Option name=""draw_inside_polygon"" type=""QString"" value=""0""/>
      <Option name=""joinstyle"" type=""QString"" value=""bevel""/>
      <Option name=""line_color"" type=""QString"" value=""197,61,77,255,rgb:0.77418173495078968,0.2379034103913939,0.30359349965667198,1""/>
      <Option name=""line_style"" type=""QString"" value=""dash""/>
      <Option name=""line_width"" type=""QString"" value=""0.4""/>
      <Option name=""line_width_unit"" type=""QString"" value=""MM""/>
      <Option name=""offset"" type=""QString"" value=""0""/>
      <Option name=""offset_map_unit_scale"" type=""QString"" value=""3x:0,0,0,0,0,0""/>
      <Option name=""offset_unit"" type=""QString"" value=""MM""/>
      <Option name=""ring_filter"" type=""QString"" value=""0""/>
      <Option name=""trim_distance_end"" type=""QString"" value=""0""/>
      <Option name=""trim_distance_end_map_unit_scale"" type=""QString"" value=""3x:0,0,0,0,0,0""/>
      <Option name=""trim_distance_end_unit"" type=""QString"" value=""MM""/>
      <Option name=""trim_distance_start"" type=""QString"" value=""0""/>
      <Option name=""trim_distance_start_map_unit_scale"" type=""QString"" value=""3x:0,0,0,0,0,0""/>
      <Option name=""trim_distance_start_unit"" type=""QString"" value=""MM""/>
      <Option name=""tweak_dash_pattern_on_corners"" type=""QString"" value=""0""/>
      <Option name=""use_custom_dash"" type=""QString"" value=""0""/>
      <Option name=""width_map_unit_scale"" type=""QString"" value=""3x:0,0,0,0,0,0""/>
     </Option>
     <data_defined_properties>
      <Option type=""Map"">
       <Option name=""name"" type=""QString"" value=""""/>
       <Option name=""properties""/>
       <Option name=""type"" type=""QString"" value=""collection""/>
      </Option>
     </data_defined_properties>
    </layer>
   </symbol>
   <symbol name=""6"" type=""line"" alpha=""1"" is_animated=""0"" clip_to_extent=""1"" force_rhr=""0"" frame_rate=""10"">
    <data_defined_properties>
     <Option type=""Map"">
      <Option name=""name"" type=""QString"" value=""""/>
      <Option name=""properties""/>
      <Option name=""type"" type=""QString"" value=""collection""/>
     </Option>
    </data_defined_properties>
    <layer locked=""0"" enabled=""1"" id=""{023b196a-5f5e-4c61-a655-19c409bdaf95}"" class=""SimpleLine"" pass=""0"">
     <Option type=""Map"">
      <Option name=""align_dash_pattern"" type=""QString"" value=""0""/>
      <Option name=""capstyle"" type=""QString"" value=""square""/>
      <Option name=""customdash"" type=""QString"" value=""5;2""/>
      <Option name=""customdash_map_unit_scale"" type=""QString"" value=""3x:0,0,0,0,0,0""/>
      <Option name=""customdash_unit"" type=""QString"" value=""MM""/>
      <Option name=""dash_pattern_offset"" type=""QString"" value=""0""/>
      <Option name=""dash_pattern_offset_map_unit_scale"" type=""QString"" value=""3x:0,0,0,0,0,0""/>
      <Option name=""dash_pattern_offset_unit"" type=""QString"" value=""MM""/>
      <Option name=""draw_inside_polygon"" type=""QString"" value=""0""/>
      <Option name=""joinstyle"" type=""QString"" value=""bevel""/>
      <Option name=""line_color"" type=""QString"" value=""39,12,82,255,rgb:0.15196459906919965,0.04640268558785382,0.32091248950942247,1""/>
      <Option name=""line_style"" type=""QString"" value=""solid""/>
      <Option name=""line_width"" type=""QString"" value=""0.66""/>
      <Option name=""line_width_unit"" type=""QString"" value=""MM""/>
      <Option name=""offset"" type=""QString"" value=""0""/>
      <Option name=""offset_map_unit_scale"" type=""QString"" value=""3x:0,0,0,0,0,0""/>
      <Option name=""offset_unit"" type=""QString"" value=""MM""/>
      <Option name=""ring_filter"" type=""QString"" value=""0""/>
      <Option name=""trim_distance_end"" type=""QString"" value=""0""/>
      <Option name=""trim_distance_end_map_unit_scale"" type=""QString"" value=""3x:0,0,0,0,0,0""/>
      <Option name=""trim_distance_end_unit"" type=""QString"" value=""MM""/>
      <Option name=""trim_distance_start"" type=""QString"" value=""0""/>
      <Option name=""trim_distance_start_map_unit_scale"" type=""QString"" value=""3x:0,0,0,0,0,0""/>
      <Option name=""trim_distance_start_unit"" type=""QString"" value=""MM""/>
      <Option name=""tweak_dash_pattern_on_corners"" type=""QString"" value=""0""/>
      <Option name=""use_custom_dash"" type=""QString"" value=""0""/>
      <Option name=""width_map_unit_scale"" type=""QString"" value=""3x:0,0,0,0,0,0""/>
     </Option>
     <data_defined_properties>
      <Option type=""Map"">
       <Option name=""name"" type=""QString"" value=""""/>
       <Option name=""properties""/>
       <Option name=""type"" type=""QString"" value=""collection""/>
      </Option>
     </data_defined_properties>
    </layer>
   </symbol>
   <symbol name=""60"" type=""line"" alpha=""1"" is_animated=""0"" clip_to_extent=""1"" force_rhr=""0"" frame_rate=""10"">
    <data_defined_properties>
     <Option type=""Map"">
      <Option name=""name"" type=""QString"" value=""""/>
      <Option name=""properties""/>
      <Option name=""type"" type=""QString"" value=""collection""/>
     </Option>
    </data_defined_properties>
    <layer locked=""0"" enabled=""1"" id=""{0d5b3c1b-f07a-4de9-ab58-4fb7a8b243ef}"" class=""SimpleLine"" pass=""0"">
     <Option type=""Map"">
      <Option name=""align_dash_pattern"" type=""QString"" value=""0""/>
      <Option name=""capstyle"" type=""QString"" value=""square""/>
      <Option name=""customdash"" type=""QString"" value=""5;2""/>
      <Option name=""customdash_map_unit_scale"" type=""QString"" value=""3x:0,0,0,0,0,0""/>
      <Option name=""customdash_unit"" type=""QString"" value=""MM""/>
      <Option name=""dash_pattern_offset"" type=""QString"" value=""0""/>
      <Option name=""dash_pattern_offset_map_unit_scale"" type=""QString"" value=""3x:0,0,0,0,0,0""/>
      <Option name=""dash_pattern_offset_unit"" type=""QString"" value=""MM""/>
      <Option name=""draw_inside_polygon"" type=""QString"" value=""0""/>
      <Option name=""joinstyle"" type=""QString"" value=""bevel""/>
      <Option name=""line_color"" type=""QString"" value=""206,68,70,255,rgb:0.80915541313801786,0.26535439078355078,0.27582207980468454,1""/>
      <Option name=""line_style"" type=""QString"" value=""dash""/>
      <Option name=""line_width"" type=""QString"" value=""0.4""/>
      <Option name=""line_width_unit"" type=""QString"" value=""MM""/>
      <Option name=""offset"" type=""QString"" value=""0""/>
      <Option name=""offset_map_unit_scale"" type=""QString"" value=""3x:0,0,0,0,0,0""/>
      <Option name=""offset_unit"" type=""QString"" value=""MM""/>
      <Option name=""ring_filter"" type=""QString"" value=""0""/>
      <Option name=""trim_distance_end"" type=""QString"" value=""0""/>
      <Option name=""trim_distance_end_map_unit_scale"" type=""QString"" value=""3x:0,0,0,0,0,0""/>
      <Option name=""trim_distance_end_unit"" type=""QString"" value=""MM""/>
      <Option name=""trim_distance_start"" type=""QString"" value=""0""/>
      <Option name=""trim_distance_start_map_unit_scale"" type=""QString"" value=""3x:0,0,0,0,0,0""/>
      <Option name=""trim_distance_start_unit"" type=""QString"" value=""MM""/>
      <Option name=""tweak_dash_pattern_on_corners"" type=""QString"" value=""0""/>
      <Option name=""use_custom_dash"" type=""QString"" value=""0""/>
      <Option name=""width_map_unit_scale"" type=""QString"" value=""3x:0,0,0,0,0,0""/>
     </Option>
     <data_defined_properties>
      <Option type=""Map"">
       <Option name=""name"" type=""QString"" value=""""/>
       <Option name=""properties""/>
       <Option name=""type"" type=""QString"" value=""collection""/>
      </Option>
     </data_defined_properties>
    </layer>
   </symbol>
   <symbol name=""61"" type=""line"" alpha=""1"" is_animated=""0"" clip_to_extent=""1"" force_rhr=""0"" frame_rate=""10"">
    <data_defined_properties>
     <Option type=""Map"">
      <Option name=""name"" type=""QString"" value=""""/>
      <Option name=""properties""/>
      <Option name=""type"" type=""QString"" value=""collection""/>
     </Option>
    </data_defined_properties>
    <layer locked=""0"" enabled=""1"" id=""{0d5b3c1b-f07a-4de9-ab58-4fb7a8b243ef}"" class=""SimpleLine"" pass=""0"">
     <Option type=""Map"">
      <Option name=""align_dash_pattern"" type=""QString"" value=""0""/>
      <Option name=""capstyle"" type=""QString"" value=""square""/>
      <Option name=""customdash"" type=""QString"" value=""5;2""/>
      <Option name=""customdash_map_unit_scale"" type=""QString"" value=""3x:0,0,0,0,0,0""/>
      <Option name=""customdash_unit"" type=""QString"" value=""MM""/>
      <Option name=""dash_pattern_offset"" type=""QString"" value=""0""/>
      <Option name=""dash_pattern_offset_map_unit_scale"" type=""QString"" value=""3x:0,0,0,0,0,0""/>
      <Option name=""dash_pattern_offset_unit"" type=""QString"" value=""MM""/>
      <Option name=""draw_inside_polygon"" type=""QString"" value=""0""/>
      <Option name=""joinstyle"" type=""QString"" value=""bevel""/>
      <Option name=""line_color"" type=""QString"" value=""216,76,62,255,rgb:0.84510566872663462,0.29608606088349737,0.24509040970473792,1""/>
      <Option name=""line_style"" type=""QString"" value=""dash""/>
      <Option name=""line_width"" type=""QString"" value=""0.4""/>
      <Option name=""line_width_unit"" type=""QString"" value=""MM""/>
      <Option name=""offset"" type=""QString"" value=""0""/>
      <Option name=""offset_map_unit_scale"" type=""QString"" value=""3x:0,0,0,0,0,0""/>
      <Option name=""offset_unit"" type=""QString"" value=""MM""/>
      <Option name=""ring_filter"" type=""QString"" value=""0""/>
      <Option name=""trim_distance_end"" type=""QString"" value=""0""/>
      <Option name=""trim_distance_end_map_unit_scale"" type=""QString"" value=""3x:0,0,0,0,0,0""/>
      <Option name=""trim_distance_end_unit"" type=""QString"" value=""MM""/>
      <Option name=""trim_distance_start"" type=""QString"" value=""0""/>
      <Option name=""trim_distance_start_map_unit_scale"" type=""QString"" value=""3x:0,0,0,0,0,0""/>
      <Option name=""trim_distance_start_unit"" type=""QString"" value=""MM""/>
      <Option name=""tweak_dash_pattern_on_corners"" type=""QString"" value=""0""/>
      <Option name=""use_custom_dash"" type=""QString"" value=""0""/>
      <Option name=""width_map_unit_scale"" type=""QString"" value=""3x:0,0,0,0,0,0""/>
     </Option>
     <data_defined_properties>
      <Option type=""Map"">
       <Option name=""name"" type=""QString"" value=""""/>
       <Option name=""properties""/>
       <Option name=""type"" type=""QString"" value=""collection""/>
      </Option>
     </data_defined_properties>
    </layer>
   </symbol>
   <symbol name=""62"" type=""line"" alpha=""1"" is_animated=""0"" clip_to_extent=""1"" force_rhr=""0"" frame_rate=""10"">
    <data_defined_properties>
     <Option type=""Map"">
      <Option name=""name"" type=""QString"" value=""""/>
      <Option name=""properties""/>
      <Option name=""type"" type=""QString"" value=""collection""/>
     </Option>
    </data_defined_properties>
    <layer locked=""0"" enabled=""1"" id=""{0d5b3c1b-f07a-4de9-ab58-4fb7a8b243ef}"" class=""SimpleLine"" pass=""0"">
     <Option type=""Map"">
      <Option name=""align_dash_pattern"" type=""QString"" value=""0""/>
      <Option name=""capstyle"" type=""QString"" value=""square""/>
      <Option name=""customdash"" type=""QString"" value=""5;2""/>
      <Option name=""customdash_map_unit_scale"" type=""QString"" value=""3x:0,0,0,0,0,0""/>
      <Option name=""customdash_unit"" type=""QString"" value=""MM""/>
      <Option name=""dash_pattern_offset"" type=""QString"" value=""0""/>
      <Option name=""dash_pattern_offset_map_unit_scale"" type=""QString"" value=""3x:0,0,0,0,0,0""/>
      <Option name=""dash_pattern_offset_unit"" type=""QString"" value=""MM""/>
      <Option name=""draw_inside_polygon"" type=""QString"" value=""0""/>
      <Option name=""joinstyle"" type=""QString"" value=""bevel""/>
      <Option name=""line_color"" type=""QString"" value=""224,84,54,255,rgb:0.87777523460746165,0.33006790264744029,0.21176470588235294,1""/>
      <Option name=""line_style"" type=""QString"" value=""dash""/>
      <Option name=""line_width"" type=""QString"" value=""0.4""/>
      <Option name=""line_width_unit"" type=""QString"" value=""MM""/>
      <Option name=""offset"" type=""QString"" value=""0""/>
      <Option name=""offset_map_unit_scale"" type=""QString"" value=""3x:0,0,0,0,0,0""/>
      <Option name=""offset_unit"" type=""QString"" value=""MM""/>
      <Option name=""ring_filter"" type=""QString"" value=""0""/>
      <Option name=""trim_distance_end"" type=""QString"" value=""0""/>
      <Option name=""trim_distance_end_map_unit_scale"" type=""QString"" value=""3x:0,0,0,0,0,0""/>
      <Option name=""trim_distance_end_unit"" type=""QString"" value=""MM""/>
      <Option name=""trim_distance_start"" type=""QString"" value=""0""/>
      <Option name=""trim_distance_start_map_unit_scale"" type=""QString"" value=""3x:0,0,0,0,0,0""/>
      <Option name=""trim_distance_start_unit"" type=""QString"" value=""MM""/>
      <Option name=""tweak_dash_pattern_on_corners"" type=""QString"" value=""0""/>
      <Option name=""use_custom_dash"" type=""QString"" value=""0""/>
      <Option name=""width_map_unit_scale"" type=""QString"" value=""3x:0,0,0,0,0,0""/>
     </Option>
     <data_defined_properties>
      <Option type=""Map"">
       <Option name=""name"" type=""QString"" value=""""/>
       <Option name=""properties""/>
       <Option name=""type"" type=""QString"" value=""collection""/>
      </Option>
     </data_defined_properties>
    </layer>
   </symbol>
   <symbol name=""63"" type=""line"" alpha=""1"" is_animated=""0"" clip_to_extent=""1"" force_rhr=""0"" frame_rate=""10"">
    <data_defined_properties>
     <Option type=""Map"">
      <Option name=""name"" type=""QString"" value=""""/>
      <Option name=""properties""/>
      <Option name=""type"" type=""QString"" value=""collection""/>
     </Option>
    </data_defined_properties>
    <layer locked=""0"" enabled=""1"" id=""{0d5b3c1b-f07a-4de9-ab58-4fb7a8b243ef}"" class=""SimpleLine"" pass=""0"">
     <Option type=""Map"">
      <Option name=""align_dash_pattern"" type=""QString"" value=""0""/>
      <Option name=""capstyle"" type=""QString"" value=""square""/>
      <Option name=""customdash"" type=""QString"" value=""5;2""/>
      <Option name=""customdash_map_unit_scale"" type=""QString"" value=""3x:0,0,0,0,0,0""/>
      <Option name=""customdash_unit"" type=""QString"" value=""MM""/>
      <Option name=""dash_pattern_offset"" type=""QString"" value=""0""/>
      <Option name=""dash_pattern_offset_map_unit_scale"" type=""QString"" value=""3x:0,0,0,0,0,0""/>
      <Option name=""dash_pattern_offset_unit"" type=""QString"" value=""MM""/>
      <Option name=""draw_inside_polygon"" type=""QString"" value=""0""/>
      <Option name=""joinstyle"" type=""QString"" value=""bevel""/>
      <Option name=""line_color"" type=""QString"" value=""231,94,46,255,rgb:0.90556191348134585,0.3689478904402228,0.17843900205996796,1""/>
      <Option name=""line_style"" type=""QString"" value=""dash""/>
      <Option name=""line_width"" type=""QString"" value=""0.4""/>
      <Option name=""line_width_unit"" type=""QString"" value=""MM""/>
      <Option name=""offset"" type=""QString"" value=""0""/>
      <Option name=""offset_map_unit_scale"" type=""QString"" value=""3x:0,0,0,0,0,0""/>
      <Option name=""offset_unit"" type=""QString"" value=""MM""/>
      <Option name=""ring_filter"" type=""QString"" value=""0""/>
      <Option name=""trim_distance_end"" type=""QString"" value=""0""/>
      <Option name=""trim_distance_end_map_unit_scale"" type=""QString"" value=""3x:0,0,0,0,0,0""/>
      <Option name=""trim_distance_end_unit"" type=""QString"" value=""MM""/>
      <Option name=""trim_distance_start"" type=""QString"" value=""0""/>
      <Option name=""trim_distance_start_map_unit_scale"" type=""QString"" value=""3x:0,0,0,0,0,0""/>
      <Option name=""trim_distance_start_unit"" type=""QString"" value=""MM""/>
      <Option name=""tweak_dash_pattern_on_corners"" type=""QString"" value=""0""/>
      <Option name=""use_custom_dash"" type=""QString"" value=""0""/>
      <Option name=""width_map_unit_scale"" type=""QString"" value=""3x:0,0,0,0,0,0""/>
     </Option>
     <data_defined_properties>
      <Option type=""Map"">
       <Option name=""name"" type=""QString"" value=""""/>
       <Option name=""properties""/>
       <Option name=""type"" type=""QString"" value=""collection""/>
      </Option>
     </data_defined_properties>
    </layer>
   </symbol>
   <symbol name=""64"" type=""line"" alpha=""1"" is_animated=""0"" clip_to_extent=""1"" force_rhr=""0"" frame_rate=""10"">
    <data_defined_properties>
     <Option type=""Map"">
      <Option name=""name"" type=""QString"" value=""""/>
      <Option name=""properties""/>
      <Option name=""type"" type=""QString"" value=""collection""/>
     </Option>
    </data_defined_properties>
    <layer locked=""0"" enabled=""1"" id=""{0d5b3c1b-f07a-4de9-ab58-4fb7a8b243ef}"" class=""SimpleLine"" pass=""0"">
     <Option type=""Map"">
      <Option name=""align_dash_pattern"" type=""QString"" value=""0""/>
      <Option name=""capstyle"" type=""QString"" value=""square""/>
      <Option name=""customdash"" type=""QString"" value=""5;2""/>
      <Option name=""customdash_map_unit_scale"" type=""QString"" value=""3x:0,0,0,0,0,0""/>
      <Option name=""customdash_unit"" type=""QString"" value=""MM""/>
      <Option name=""dash_pattern_offset"" type=""QString"" value=""0""/>
      <Option name=""dash_pattern_offset_map_unit_scale"" type=""QString"" value=""3x:0,0,0,0,0,0""/>
      <Option name=""dash_pattern_offset_unit"" type=""QString"" value=""MM""/>
      <Option name=""draw_inside_polygon"" type=""QString"" value=""0""/>
      <Option name=""joinstyle"" type=""QString"" value=""bevel""/>
      <Option name=""line_color"" type=""QString"" value=""237,105,37,255,rgb:0.92941176470588238,0.41176470588235292,0.14509803921568629,1""/>
      <Option name=""line_style"" type=""QString"" value=""dash""/>
      <Option name=""line_width"" type=""QString"" value=""0.4""/>
      <Option name=""line_width_unit"" type=""QString"" value=""MM""/>
      <Option name=""offset"" type=""QString"" value=""0""/>
      <Option name=""offset_map_unit_scale"" type=""QString"" value=""3x:0,0,0,0,0,0""/>
      <Option name=""offset_unit"" type=""QString"" value=""MM""/>
      <Option name=""ring_filter"" type=""QString"" value=""0""/>
      <Option name=""trim_distance_end"" type=""QString"" value=""0""/>
      <Option name=""trim_distance_end_map_unit_scale"" type=""QString"" value=""3x:0,0,0,0,0,0""/>
      <Option name=""trim_distance_end_unit"" type=""QString"" value=""MM""/>
      <Option name=""trim_distance_start"" type=""QString"" value=""0""/>
      <Option name=""trim_distance_start_map_unit_scale"" type=""QString"" value=""3x:0,0,0,0,0,0""/>
      <Option name=""trim_distance_start_unit"" type=""QString"" value=""MM""/>
      <Option name=""tweak_dash_pattern_on_corners"" type=""QString"" value=""0""/>
      <Option name=""use_custom_dash"" type=""QString"" value=""0""/>
      <Option name=""width_map_unit_scale"" type=""QString"" value=""3x:0,0,0,0,0,0""/>
     </Option>
     <data_defined_properties>
      <Option type=""Map"">
       <Option name=""name"" type=""QString"" value=""""/>
       <Option name=""properties""/>
       <Option name=""type"" type=""QString"" value=""collection""/>
      </Option>
     </data_defined_properties>
    </layer>
   </symbol>
   <symbol name=""65"" type=""line"" alpha=""1"" is_animated=""0"" clip_to_extent=""1"" force_rhr=""0"" frame_rate=""10"">
    <data_defined_properties>
     <Option type=""Map"">
      <Option name=""name"" type=""QString"" value=""""/>
      <Option name=""properties""/>
      <Option name=""type"" type=""QString"" value=""collection""/>
     </Option>
    </data_defined_properties>
    <layer locked=""0"" enabled=""1"" id=""{0d5b3c1b-f07a-4de9-ab58-4fb7a8b243ef}"" class=""SimpleLine"" pass=""0"">
     <Option type=""Map"">
      <Option name=""align_dash_pattern"" type=""QString"" value=""0""/>
      <Option name=""capstyle"" type=""QString"" value=""square""/>
      <Option name=""customdash"" type=""QString"" value=""5;2""/>
      <Option name=""customdash_map_unit_scale"" type=""QString"" value=""3x:0,0,0,0,0,0""/>
      <Option name=""customdash_unit"" type=""QString"" value=""MM""/>
      <Option name=""dash_pattern_offset"" type=""QString"" value=""0""/>
      <Option name=""dash_pattern_offset_map_unit_scale"" type=""QString"" value=""3x:0,0,0,0,0,0""/>
      <Option name=""dash_pattern_offset_unit"" type=""QString"" value=""MM""/>
      <Option name=""draw_inside_polygon"" type=""QString"" value=""0""/>
      <Option name=""joinstyle"" type=""QString"" value=""bevel""/>
      <Option name=""line_color"" type=""QString"" value=""242,116,28,255,rgb:0.94999618524452578,0.45621423666742961,0.11012436102845807,1""/>
      <Option name=""line_style"" type=""QString"" value=""dash""/>
      <Option name=""line_width"" type=""QString"" value=""0.4""/>
      <Option name=""line_width_unit"" type=""QString"" value=""MM""/>
      <Option name=""offset"" type=""QString"" value=""0""/>
      <Option name=""offset_map_unit_scale"" type=""QString"" value=""3x:0,0,0,0,0,0""/>
      <Option name=""offset_unit"" type=""QString"" value=""MM""/>
      <Option name=""ring_filter"" type=""QString"" value=""0""/>
      <Option name=""trim_distance_end"" type=""QString"" value=""0""/>
      <Option name=""trim_distance_end_map_unit_scale"" type=""QString"" value=""3x:0,0,0,0,0,0""/>
      <Option name=""trim_distance_end_unit"" type=""QString"" value=""MM""/>
      <Option name=""trim_distance_start"" type=""QString"" value=""0""/>
      <Option name=""trim_distance_start_map_unit_scale"" type=""QString"" value=""3x:0,0,0,0,0,0""/>
      <Option name=""trim_distance_start_unit"" type=""QString"" value=""MM""/>
      <Option name=""tweak_dash_pattern_on_corners"" type=""QString"" value=""0""/>
      <Option name=""use_custom_dash"" type=""QString"" value=""0""/>
      <Option name=""width_map_unit_scale"" type=""QString"" value=""3x:0,0,0,0,0,0""/>
     </Option>
     <data_defined_properties>
      <Option type=""Map"">
       <Option name=""name"" type=""QString"" value=""""/>
       <Option name=""properties""/>
       <Option name=""type"" type=""QString"" value=""collection""/>
      </Option>
     </data_defined_properties>
    </layer>
   </symbol>
   <symbol name=""66"" type=""line"" alpha=""1"" is_animated=""0"" clip_to_extent=""1"" force_rhr=""0"" frame_rate=""10"">
    <data_defined_properties>
     <Option type=""Map"">
      <Option name=""name"" type=""QString"" value=""""/>
      <Option name=""properties""/>
      <Option name=""type"" type=""QString"" value=""collection""/>
     </Option>
    </data_defined_properties>
    <layer locked=""0"" enabled=""1"" id=""{0d5b3c1b-f07a-4de9-ab58-4fb7a8b243ef}"" class=""SimpleLine"" pass=""0"">
     <Option type=""Map"">
      <Option name=""align_dash_pattern"" type=""QString"" value=""0""/>
      <Option name=""capstyle"" type=""QString"" value=""square""/>
      <Option name=""customdash"" type=""QString"" value=""5;2""/>
      <Option name=""customdash_map_unit_scale"" type=""QString"" value=""3x:0,0,0,0,0,0""/>
      <Option name=""customdash_unit"" type=""QString"" value=""MM""/>
      <Option name=""dash_pattern_offset"" type=""QString"" value=""0""/>
      <Option name=""dash_pattern_offset_map_unit_scale"" type=""QString"" value=""3x:0,0,0,0,0,0""/>
      <Option name=""dash_pattern_offset_unit"" type=""QString"" value=""MM""/>
      <Option name=""draw_inside_polygon"" type=""QString"" value=""0""/>
      <Option name=""joinstyle"" type=""QString"" value=""bevel""/>
      <Option name=""line_color"" type=""QString"" value=""247,129,19,255,rgb:0.96667429617761502,0.50392919813839931,0.07450980392156863,1""/>
      <Option name=""line_style"" type=""QString"" value=""dash""/>
      <Option name=""line_width"" type=""QString"" value=""0.4""/>
      <Option name=""line_width_unit"" type=""QString"" value=""MM""/>
      <Option name=""offset"" type=""QString"" value=""0""/>
      <Option name=""offset_map_unit_scale"" type=""QString"" value=""3x:0,0,0,0,0,0""/>
      <Option name=""offset_unit"" type=""QString"" value=""MM""/>
      <Option name=""ring_filter"" type=""QString"" value=""0""/>
      <Option name=""trim_distance_end"" type=""QString"" value=""0""/>
      <Option name=""trim_distance_end_map_unit_scale"" type=""QString"" value=""3x:0,0,0,0,0,0""/>
      <Option name=""trim_distance_end_unit"" type=""QString"" value=""MM""/>
      <Option name=""trim_distance_start"" type=""QString"" value=""0""/>
      <Option name=""trim_distance_start_map_unit_scale"" type=""QString"" value=""3x:0,0,0,0,0,0""/>
      <Option name=""trim_distance_start_unit"" type=""QString"" value=""MM""/>
      <Option name=""tweak_dash_pattern_on_corners"" type=""QString"" value=""0""/>
      <Option name=""use_custom_dash"" type=""QString"" value=""0""/>
      <Option name=""width_map_unit_scale"" type=""QString"" value=""3x:0,0,0,0,0,0""/>
     </Option>
     <data_defined_properties>
      <Option type=""Map"">
       <Option name=""name"" type=""QString"" value=""""/>
       <Option name=""properties""/>
       <Option name=""type"" type=""QString"" value=""collection""/>
      </Option>
     </data_defined_properties>
    </layer>
   </symbol>
   <symbol name=""67"" type=""line"" alpha=""1"" is_animated=""0"" clip_to_extent=""1"" force_rhr=""0"" frame_rate=""10"">
    <data_defined_properties>
     <Option type=""Map"">
      <Option name=""name"" type=""QString"" value=""""/>
      <Option name=""properties""/>
      <Option name=""type"" type=""QString"" value=""collection""/>
     </Option>
    </data_defined_properties>
    <layer locked=""0"" enabled=""1"" id=""{0d5b3c1b-f07a-4de9-ab58-4fb7a8b243ef}"" class=""SimpleLine"" pass=""0"">
     <Option type=""Map"">
      <Option name=""align_dash_pattern"" type=""QString"" value=""0""/>
      <Option name=""capstyle"" type=""QString"" value=""square""/>
      <Option name=""customdash"" type=""QString"" value=""5;2""/>
      <Option name=""customdash_map_unit_scale"" type=""QString"" value=""3x:0,0,0,0,0,0""/>
      <Option name=""customdash_unit"" type=""QString"" value=""MM""/>
      <Option name=""dash_pattern_offset"" type=""QString"" value=""0""/>
      <Option name=""dash_pattern_offset_map_unit_scale"" type=""QString"" value=""3x:0,0,0,0,0,0""/>
      <Option name=""dash_pattern_offset_unit"" type=""QString"" value=""MM""/>
      <Option name=""draw_inside_polygon"" type=""QString"" value=""0""/>
      <Option name=""joinstyle"" type=""QString"" value=""bevel""/>
      <Option name=""line_color"" type=""QString"" value=""249,141,10,255,rgb:0.97744716563668266,0.55391775387197684,0.0392156862745098,1""/>
      <Option name=""line_style"" type=""QString"" value=""dash""/>
      <Option name=""line_width"" type=""QString"" value=""0.4""/>
      <Option name=""line_width_unit"" type=""QString"" value=""MM""/>
      <Option name=""offset"" type=""QString"" value=""0""/>
      <Option name=""offset_map_unit_scale"" type=""QString"" value=""3x:0,0,0,0,0,0""/>
      <Option name=""offset_unit"" type=""QString"" value=""MM""/>
      <Option name=""ring_filter"" type=""QString"" value=""0""/>
      <Option name=""trim_distance_end"" type=""QString"" value=""0""/>
      <Option name=""trim_distance_end_map_unit_scale"" type=""QString"" value=""3x:0,0,0,0,0,0""/>
      <Option name=""trim_distance_end_unit"" type=""QString"" value=""MM""/>
      <Option name=""trim_distance_start"" type=""QString"" value=""0""/>
      <Option name=""trim_distance_start_map_unit_scale"" type=""QString"" value=""3x:0,0,0,0,0,0""/>
      <Option name=""trim_distance_start_unit"" type=""QString"" value=""MM""/>
      <Option name=""tweak_dash_pattern_on_corners"" type=""QString"" value=""0""/>
      <Option name=""use_custom_dash"" type=""QString"" value=""0""/>
      <Option name=""width_map_unit_scale"" type=""QString"" value=""3x:0,0,0,0,0,0""/>
     </Option>
     <data_defined_properties>
      <Option type=""Map"">
       <Option name=""name"" type=""QString"" value=""""/>
       <Option name=""properties""/>
       <Option name=""type"" type=""QString"" value=""collection""/>
      </Option>
     </data_defined_properties>
    </layer>
   </symbol>
   <symbol name=""68"" type=""line"" alpha=""1"" is_animated=""0"" clip_to_extent=""1"" force_rhr=""0"" frame_rate=""10"">
    <data_defined_properties>
     <Option type=""Map"">
      <Option name=""name"" type=""QString"" value=""""/>
      <Option name=""properties""/>
      <Option name=""type"" type=""QString"" value=""collection""/>
     </Option>
    </data_defined_properties>
    <layer locked=""0"" enabled=""1"" id=""{0d5b3c1b-f07a-4de9-ab58-4fb7a8b243ef}"" class=""SimpleLine"" pass=""0"">
     <Option type=""Map"">
      <Option name=""align_dash_pattern"" type=""QString"" value=""0""/>
      <Option name=""capstyle"" type=""QString"" value=""square""/>
      <Option name=""customdash"" type=""QString"" value=""5;2""/>
      <Option name=""customdash_map_unit_scale"" type=""QString"" value=""3x:0,0,0,0,0,0""/>
      <Option name=""customdash_unit"" type=""QString"" value=""MM""/>
      <Option name=""dash_pattern_offset"" type=""QString"" value=""0""/>
      <Option name=""dash_pattern_offset_map_unit_scale"" type=""QString"" value=""3x:0,0,0,0,0,0""/>
      <Option name=""dash_pattern_offset_unit"" type=""QString"" value=""MM""/>
      <Option name=""draw_inside_polygon"" type=""QString"" value=""0""/>
      <Option name=""joinstyle"" type=""QString"" value=""bevel""/>
      <Option name=""line_color"" type=""QString"" value=""251,154,7,255,rgb:0.98300144960708014,0.60392156862745094,0.02745098039215686,1""/>
      <Option name=""line_style"" type=""QString"" value=""dash""/>
      <Option name=""line_width"" type=""QString"" value=""0.4""/>
      <Option name=""line_width_unit"" type=""QString"" value=""MM""/>
      <Option name=""offset"" type=""QString"" value=""0""/>
      <Option name=""offset_map_unit_scale"" type=""QString"" value=""3x:0,0,0,0,0,0""/>
      <Option name=""offset_unit"" type=""QString"" value=""MM""/>
      <Option name=""ring_filter"" type=""QString"" value=""0""/>
      <Option name=""trim_distance_end"" type=""QString"" value=""0""/>
      <Option name=""trim_distance_end_map_unit_scale"" type=""QString"" value=""3x:0,0,0,0,0,0""/>
      <Option name=""trim_distance_end_unit"" type=""QString"" value=""MM""/>
      <Option name=""trim_distance_start"" type=""QString"" value=""0""/>
      <Option name=""trim_distance_start_map_unit_scale"" type=""QString"" value=""3x:0,0,0,0,0,0""/>
      <Option name=""trim_distance_start_unit"" type=""QString"" value=""MM""/>
      <Option name=""tweak_dash_pattern_on_corners"" type=""QString"" value=""0""/>
      <Option name=""use_custom_dash"" type=""QString"" value=""0""/>
      <Option name=""width_map_unit_scale"" type=""QString"" value=""3x:0,0,0,0,0,0""/>
     </Option>
     <data_defined_properties>
      <Option type=""Map"">
       <Option name=""name"" type=""QString"" value=""""/>
       <Option name=""properties""/>
       <Option name=""type"" type=""QString"" value=""collection""/>
      </Option>
     </data_defined_properties>
    </layer>
   </symbol>
   <symbol name=""69"" type=""line"" alpha=""1"" is_animated=""0"" clip_to_extent=""1"" force_rhr=""0"" frame_rate=""10"">
    <data_defined_properties>
     <Option type=""Map"">
      <Option name=""name"" type=""QString"" value=""""/>
      <Option name=""properties""/>
      <Option name=""type"" type=""QString"" value=""collection""/>
     </Option>
    </data_defined_properties>
    <layer locked=""0"" enabled=""1"" id=""{0d5b3c1b-f07a-4de9-ab58-4fb7a8b243ef}"" class=""SimpleLine"" pass=""0"">
     <Option type=""Map"">
      <Option name=""align_dash_pattern"" type=""QString"" value=""0""/>
      <Option name=""capstyle"" type=""QString"" value=""square""/>
      <Option name=""customdash"" type=""QString"" value=""5;2""/>
      <Option name=""customdash_map_unit_scale"" type=""QString"" value=""3x:0,0,0,0,0,0""/>
      <Option name=""customdash_unit"" type=""QString"" value=""MM""/>
      <Option name=""dash_pattern_offset"" type=""QString"" value=""0""/>
      <Option name=""dash_pattern_offset_map_unit_scale"" type=""QString"" value=""3x:0,0,0,0,0,0""/>
      <Option name=""dash_pattern_offset_unit"" type=""QString"" value=""MM""/>
      <Option name=""draw_inside_polygon"" type=""QString"" value=""0""/>
      <Option name=""joinstyle"" type=""QString"" value=""bevel""/>
      <Option name=""line_color"" type=""QString"" value=""252,167,13,255,rgb:0.9882352941176471,0.65424582284275579,0.04966811627374685,1""/>
      <Option name=""line_style"" type=""QString"" value=""dash""/>
      <Option name=""line_width"" type=""QString"" value=""0.4""/>
      <Option name=""line_width_unit"" type=""QString"" value=""MM""/>
      <Option name=""offset"" type=""QString"" value=""0""/>
      <Option name=""offset_map_unit_scale"" type=""QString"" value=""3x:0,0,0,0,0,0""/>
      <Option name=""offset_unit"" type=""QString"" value=""MM""/>
      <Option name=""ring_filter"" type=""QString"" value=""0""/>
      <Option name=""trim_distance_end"" type=""QString"" value=""0""/>
      <Option name=""trim_distance_end_map_unit_scale"" type=""QString"" value=""3x:0,0,0,0,0,0""/>
      <Option name=""trim_distance_end_unit"" type=""QString"" value=""MM""/>
      <Option name=""trim_distance_start"" type=""QString"" value=""0""/>
      <Option name=""trim_distance_start_map_unit_scale"" type=""QString"" value=""3x:0,0,0,0,0,0""/>
      <Option name=""trim_distance_start_unit"" type=""QString"" value=""MM""/>
      <Option name=""tweak_dash_pattern_on_corners"" type=""QString"" value=""0""/>
      <Option name=""use_custom_dash"" type=""QString"" value=""0""/>
      <Option name=""width_map_unit_scale"" type=""QString"" value=""3x:0,0,0,0,0,0""/>
     </Option>
     <data_defined_properties>
      <Option type=""Map"">
       <Option name=""name"" type=""QString"" value=""""/>
       <Option name=""properties""/>
       <Option name=""type"" type=""QString"" value=""collection""/>
      </Option>
     </data_defined_properties>
    </layer>
   </symbol>
   <symbol name=""7"" type=""line"" alpha=""1"" is_animated=""0"" clip_to_extent=""1"" force_rhr=""0"" frame_rate=""10"">
    <data_defined_properties>
     <Option type=""Map"">
      <Option name=""name"" type=""QString"" value=""""/>
      <Option name=""properties""/>
      <Option name=""type"" type=""QString"" value=""collection""/>
     </Option>
    </data_defined_properties>
    <layer locked=""0"" enabled=""1"" id=""{023b196a-5f5e-4c61-a655-19c409bdaf95}"" class=""SimpleLine"" pass=""0"">
     <Option type=""Map"">
      <Option name=""align_dash_pattern"" type=""QString"" value=""0""/>
      <Option name=""capstyle"" type=""QString"" value=""square""/>
      <Option name=""customdash"" type=""QString"" value=""5;2""/>
      <Option name=""customdash_map_unit_scale"" type=""QString"" value=""3x:0,0,0,0,0,0""/>
      <Option name=""customdash_unit"" type=""QString"" value=""MM""/>
      <Option name=""dash_pattern_offset"" type=""QString"" value=""0""/>
      <Option name=""dash_pattern_offset_map_unit_scale"" type=""QString"" value=""3x:0,0,0,0,0,0""/>
      <Option name=""dash_pattern_offset_unit"" type=""QString"" value=""MM""/>
      <Option name=""draw_inside_polygon"" type=""QString"" value=""0""/>
      <Option name=""joinstyle"" type=""QString"" value=""bevel""/>
      <Option name=""line_color"" type=""QString"" value=""51,10,94,255,rgb:0.20195315480277715,0.03726253147173266,0.37058060578316931,1""/>
      <Option name=""line_style"" type=""QString"" value=""solid""/>
      <Option name=""line_width"" type=""QString"" value=""0.66""/>
      <Option name=""line_width_unit"" type=""QString"" value=""MM""/>
      <Option name=""offset"" type=""QString"" value=""0""/>
      <Option name=""offset_map_unit_scale"" type=""QString"" value=""3x:0,0,0,0,0,0""/>
      <Option name=""offset_unit"" type=""QString"" value=""MM""/>
      <Option name=""ring_filter"" type=""QString"" value=""0""/>
      <Option name=""trim_distance_end"" type=""QString"" value=""0""/>
      <Option name=""trim_distance_end_map_unit_scale"" type=""QString"" value=""3x:0,0,0,0,0,0""/>
      <Option name=""trim_distance_end_unit"" type=""QString"" value=""MM""/>
      <Option name=""trim_distance_start"" type=""QString"" value=""0""/>
      <Option name=""trim_distance_start_map_unit_scale"" type=""QString"" value=""3x:0,0,0,0,0,0""/>
      <Option name=""trim_distance_start_unit"" type=""QString"" value=""MM""/>
      <Option name=""tweak_dash_pattern_on_corners"" type=""QString"" value=""0""/>
      <Option name=""use_custom_dash"" type=""QString"" value=""0""/>
      <Option name=""width_map_unit_scale"" type=""QString"" value=""3x:0,0,0,0,0,0""/>
     </Option>
     <data_defined_properties>
      <Option type=""Map"">
       <Option name=""name"" type=""QString"" value=""""/>
       <Option name=""properties""/>
       <Option name=""type"" type=""QString"" value=""collection""/>
      </Option>
     </data_defined_properties>
    </layer>
   </symbol>
   <symbol name=""70"" type=""line"" alpha=""1"" is_animated=""0"" clip_to_extent=""1"" force_rhr=""0"" frame_rate=""10"">
    <data_defined_properties>
     <Option type=""Map"">
      <Option name=""name"" type=""QString"" value=""""/>
      <Option name=""properties""/>
      <Option name=""type"" type=""QString"" value=""collection""/>
     </Option>
    </data_defined_properties>
    <layer locked=""0"" enabled=""1"" id=""{0d5b3c1b-f07a-4de9-ab58-4fb7a8b243ef}"" class=""SimpleLine"" pass=""0"">
     <Option type=""Map"">
      <Option name=""align_dash_pattern"" type=""QString"" value=""0""/>
      <Option name=""capstyle"" type=""QString"" value=""square""/>
      <Option name=""customdash"" type=""QString"" value=""5;2""/>
      <Option name=""customdash_map_unit_scale"" type=""QString"" value=""3x:0,0,0,0,0,0""/>
      <Option name=""customdash_unit"" type=""QString"" value=""MM""/>
      <Option name=""dash_pattern_offset"" type=""QString"" value=""0""/>
      <Option name=""dash_pattern_offset_map_unit_scale"" type=""QString"" value=""3x:0,0,0,0,0,0""/>
      <Option name=""dash_pattern_offset_unit"" type=""QString"" value=""MM""/>
      <Option name=""draw_inside_polygon"" type=""QString"" value=""0""/>
      <Option name=""joinstyle"" type=""QString"" value=""bevel""/>
      <Option name=""line_color"" type=""QString"" value=""251,181,26,255,rgb:0.98626688029297327,0.70980392156862748,0.10000762951094835,1""/>
      <Option name=""line_style"" type=""QString"" value=""dash""/>
      <Option name=""line_width"" type=""QString"" value=""0.4""/>
      <Option name=""line_width_unit"" type=""QString"" value=""MM""/>
      <Option name=""offset"" type=""QString"" value=""0""/>
      <Option name=""offset_map_unit_scale"" type=""QString"" value=""3x:0,0,0,0,0,0""/>
      <Option name=""offset_unit"" type=""QString"" value=""MM""/>
      <Option name=""ring_filter"" type=""QString"" value=""0""/>
      <Option name=""trim_distance_end"" type=""QString"" value=""0""/>
      <Option name=""trim_distance_end_map_unit_scale"" type=""QString"" value=""3x:0,0,0,0,0,0""/>
      <Option name=""trim_distance_end_unit"" type=""QString"" value=""MM""/>
      <Option name=""trim_distance_start"" type=""QString"" value=""0""/>
      <Option name=""trim_distance_start_map_unit_scale"" type=""QString"" value=""3x:0,0,0,0,0,0""/>
      <Option name=""trim_distance_start_unit"" type=""QString"" value=""MM""/>
      <Option name=""tweak_dash_pattern_on_corners"" type=""QString"" value=""0""/>
      <Option name=""use_custom_dash"" type=""QString"" value=""0""/>
      <Option name=""width_map_unit_scale"" type=""QString"" value=""3x:0,0,0,0,0,0""/>
     </Option>
     <data_defined_properties>
      <Option type=""Map"">
       <Option name=""name"" type=""QString"" value=""""/>
       <Option name=""properties""/>
       <Option name=""type"" type=""QString"" value=""collection""/>
      </Option>
     </data_defined_properties>
    </layer>
   </symbol>
   <symbol name=""71"" type=""line"" alpha=""1"" is_animated=""0"" clip_to_extent=""1"" force_rhr=""0"" frame_rate=""10"">
    <data_defined_properties>
     <Option type=""Map"">
      <Option name=""name"" type=""QString"" value=""""/>
      <Option name=""properties""/>
      <Option name=""type"" type=""QString"" value=""collection""/>
     </Option>
    </data_defined_properties>
    <layer locked=""0"" enabled=""1"" id=""{0d5b3c1b-f07a-4de9-ab58-4fb7a8b243ef}"" class=""SimpleLine"" pass=""0"">
     <Option type=""Map"">
      <Option name=""align_dash_pattern"" type=""QString"" value=""0""/>
      <Option name=""capstyle"" type=""QString"" value=""square""/>
      <Option name=""customdash"" type=""QString"" value=""5;2""/>
      <Option name=""customdash_map_unit_scale"" type=""QString"" value=""3x:0,0,0,0,0,0""/>
      <Option name=""customdash_unit"" type=""QString"" value=""MM""/>
      <Option name=""dash_pattern_offset"" type=""QString"" value=""0""/>
      <Option name=""dash_pattern_offset_map_unit_scale"" type=""QString"" value=""3x:0,0,0,0,0,0""/>
      <Option name=""dash_pattern_offset_unit"" type=""QString"" value=""MM""/>
      <Option name=""draw_inside_polygon"" type=""QString"" value=""0""/>
      <Option name=""joinstyle"" type=""QString"" value=""bevel""/>
      <Option name=""line_color"" type=""QString"" value=""250,195,41,255,rgb:0.98071259632257568,0.76536202029449907,0.16110475318532083,1""/>
      <Option name=""line_style"" type=""QString"" value=""dash""/>
      <Option name=""line_width"" type=""QString"" value=""0.4""/>
      <Option name=""line_width_unit"" type=""QString"" value=""MM""/>
      <Option name=""offset"" type=""QString"" value=""0""/>
      <Option name=""offset_map_unit_scale"" type=""QString"" value=""3x:0,0,0,0,0,0""/>
      <Option name=""offset_unit"" type=""QString"" value=""MM""/>
      <Option name=""ring_filter"" type=""QString"" value=""0""/>
      <Option name=""trim_distance_end"" type=""QString"" value=""0""/>
      <Option name=""trim_distance_end_map_unit_scale"" type=""QString"" value=""3x:0,0,0,0,0,0""/>
      <Option name=""trim_distance_end_unit"" type=""QString"" value=""MM""/>
      <Option name=""trim_distance_start"" type=""QString"" value=""0""/>
      <Option name=""trim_distance_start_map_unit_scale"" type=""QString"" value=""3x:0,0,0,0,0,0""/>
      <Option name=""trim_distance_start_unit"" type=""QString"" value=""MM""/>
      <Option name=""tweak_dash_pattern_on_corners"" type=""QString"" value=""0""/>
      <Option name=""use_custom_dash"" type=""QString"" value=""0""/>
      <Option name=""width_map_unit_scale"" type=""QString"" value=""3x:0,0,0,0,0,0""/>
     </Option>
     <data_defined_properties>
      <Option type=""Map"">
       <Option name=""name"" type=""QString"" value=""""/>
       <Option name=""properties""/>
       <Option name=""type"" type=""QString"" value=""collection""/>
      </Option>
     </data_defined_properties>
    </layer>
   </symbol>
   <symbol name=""72"" type=""line"" alpha=""1"" is_animated=""0"" clip_to_extent=""1"" force_rhr=""0"" frame_rate=""10"">
    <data_defined_properties>
     <Option type=""Map"">
      <Option name=""name"" type=""QString"" value=""""/>
      <Option name=""properties""/>
      <Option name=""type"" type=""QString"" value=""collection""/>
     </Option>
    </data_defined_properties>
    <layer locked=""0"" enabled=""1"" id=""{0d5b3c1b-f07a-4de9-ab58-4fb7a8b243ef}"" class=""SimpleLine"" pass=""0"">
     <Option type=""Map"">
      <Option name=""align_dash_pattern"" type=""QString"" value=""0""/>
      <Option name=""capstyle"" type=""QString"" value=""square""/>
      <Option name=""customdash"" type=""QString"" value=""5;2""/>
      <Option name=""customdash_map_unit_scale"" type=""QString"" value=""3x:0,0,0,0,0,0""/>
      <Option name=""customdash_unit"" type=""QString"" value=""MM""/>
      <Option name=""dash_pattern_offset"" type=""QString"" value=""0""/>
      <Option name=""dash_pattern_offset_map_unit_scale"" type=""QString"" value=""3x:0,0,0,0,0,0""/>
      <Option name=""dash_pattern_offset_unit"" type=""QString"" value=""MM""/>
      <Option name=""draw_inside_polygon"" type=""QString"" value=""0""/>
      <Option name=""joinstyle"" type=""QString"" value=""bevel""/>
      <Option name=""line_color"" type=""QString"" value=""247,208,60,255,rgb:0.96993972686350804,0.8169985503929198,0.23529411764705882,1""/>
      <Option name=""line_style"" type=""QString"" value=""dash""/>
      <Option name=""line_width"" type=""QString"" value=""0.4""/>
      <Option name=""line_width_unit"" type=""QString"" value=""MM""/>
      <Option name=""offset"" type=""QString"" value=""0""/>
      <Option name=""offset_map_unit_scale"" type=""QString"" value=""3x:0,0,0,0,0,0""/>
      <Option name=""offset_unit"" type=""QString"" value=""MM""/>
      <Option name=""ring_filter"" type=""QString"" value=""0""/>
      <Option name=""trim_distance_end"" type=""QString"" value=""0""/>
      <Option name=""trim_distance_end_map_unit_scale"" type=""QString"" value=""3x:0,0,0,0,0,0""/>
      <Option name=""trim_distance_end_unit"" type=""QString"" value=""MM""/>
      <Option name=""trim_distance_start"" type=""QString"" value=""0""/>
      <Option name=""trim_distance_start_map_unit_scale"" type=""QString"" value=""3x:0,0,0,0,0,0""/>
      <Option name=""trim_distance_start_unit"" type=""QString"" value=""MM""/>
      <Option name=""tweak_dash_pattern_on_corners"" type=""QString"" value=""0""/>
      <Option name=""use_custom_dash"" type=""QString"" value=""0""/>
      <Option name=""width_map_unit_scale"" type=""QString"" value=""3x:0,0,0,0,0,0""/>
     </Option>
     <data_defined_properties>
      <Option type=""Map"">
       <Option name=""name"" type=""QString"" value=""""/>
       <Option name=""properties""/>
       <Option name=""type"" type=""QString"" value=""collection""/>
      </Option>
     </data_defined_properties>
    </layer>
   </symbol>
   <symbol name=""73"" type=""line"" alpha=""1"" is_animated=""0"" clip_to_extent=""1"" force_rhr=""0"" frame_rate=""10"">
    <data_defined_properties>
     <Option type=""Map"">
      <Option name=""name"" type=""QString"" value=""""/>
      <Option name=""properties""/>
      <Option name=""type"" type=""QString"" value=""collection""/>
     </Option>
    </data_defined_properties>
    <layer locked=""0"" enabled=""1"" id=""{0d5b3c1b-f07a-4de9-ab58-4fb7a8b243ef}"" class=""SimpleLine"" pass=""0"">
     <Option type=""Map"">
      <Option name=""align_dash_pattern"" type=""QString"" value=""0""/>
      <Option name=""capstyle"" type=""QString"" value=""square""/>
      <Option name=""customdash"" type=""QString"" value=""5;2""/>
      <Option name=""customdash_map_unit_scale"" type=""QString"" value=""3x:0,0,0,0,0,0""/>
      <Option name=""customdash_unit"" type=""QString"" value=""MM""/>
      <Option name=""dash_pattern_offset"" type=""QString"" value=""0""/>
      <Option name=""dash_pattern_offset_map_unit_scale"" type=""QString"" value=""3x:0,0,0,0,0,0""/>
      <Option name=""dash_pattern_offset_unit"" type=""QString"" value=""MM""/>
      <Option name=""draw_inside_polygon"" type=""QString"" value=""0""/>
      <Option name=""joinstyle"" type=""QString"" value=""bevel""/>
      <Option name=""line_color"" type=""QString"" value=""245,222,82,255,rgb:0.95883115892271309,0.8725413900968948,0.32156862745098042,1""/>
      <Option name=""line_style"" type=""QString"" value=""dash""/>
      <Option name=""line_width"" type=""QString"" value=""0.4""/>
      <Option name=""line_width_unit"" type=""QString"" value=""MM""/>
      <Option name=""offset"" type=""QString"" value=""0""/>
      <Option name=""offset_map_unit_scale"" type=""QString"" value=""3x:0,0,0,0,0,0""/>
      <Option name=""offset_unit"" type=""QString"" value=""MM""/>
      <Option name=""ring_filter"" type=""QString"" value=""0""/>
      <Option name=""trim_distance_end"" type=""QString"" value=""0""/>
      <Option name=""trim_distance_end_map_unit_scale"" type=""QString"" value=""3x:0,0,0,0,0,0""/>
      <Option name=""trim_distance_end_unit"" type=""QString"" value=""MM""/>
      <Option name=""trim_distance_start"" type=""QString"" value=""0""/>
      <Option name=""trim_distance_start_map_unit_scale"" type=""QString"" value=""3x:0,0,0,0,0,0""/>
      <Option name=""trim_distance_start_unit"" type=""QString"" value=""MM""/>
      <Option name=""tweak_dash_pattern_on_corners"" type=""QString"" value=""0""/>
      <Option name=""use_custom_dash"" type=""QString"" value=""0""/>
      <Option name=""width_map_unit_scale"" type=""QString"" value=""3x:0,0,0,0,0,0""/>
     </Option>
     <data_defined_properties>
      <Option type=""Map"">
       <Option name=""name"" type=""QString"" value=""""/>
       <Option name=""properties""/>
       <Option name=""type"" type=""QString"" value=""collection""/>
      </Option>
     </data_defined_properties>
    </layer>
   </symbol>
   <symbol name=""74"" type=""line"" alpha=""1"" is_animated=""0"" clip_to_extent=""1"" force_rhr=""0"" frame_rate=""10"">
    <data_defined_properties>
     <Option type=""Map"">
      <Option name=""name"" type=""QString"" value=""""/>
      <Option name=""properties""/>
      <Option name=""type"" type=""QString"" value=""collection""/>
     </Option>
    </data_defined_properties>
    <layer locked=""0"" enabled=""1"" id=""{0d5b3c1b-f07a-4de9-ab58-4fb7a8b243ef}"" class=""SimpleLine"" pass=""0"">
     <Option type=""Map"">
      <Option name=""align_dash_pattern"" type=""QString"" value=""0""/>
      <Option name=""capstyle"" type=""QString"" value=""square""/>
      <Option name=""customdash"" type=""QString"" value=""5;2""/>
      <Option name=""customdash_map_unit_scale"" type=""QString"" value=""3x:0,0,0,0,0,0""/>
      <Option name=""customdash_unit"" type=""QString"" value=""MM""/>
      <Option name=""dash_pattern_offset"" type=""QString"" value=""0""/>
      <Option name=""dash_pattern_offset_map_unit_scale"" type=""QString"" value=""3x:0,0,0,0,0,0""/>
      <Option name=""dash_pattern_offset_unit"" type=""QString"" value=""MM""/>
      <Option name=""draw_inside_polygon"" type=""QString"" value=""0""/>
      <Option name=""joinstyle"" type=""QString"" value=""bevel""/>
      <Option name=""line_color"" type=""QString"" value=""242,235,108,255,rgb:0.94901960784313721,0.92288090333409634,0.42484168764782176,1""/>
      <Option name=""line_style"" type=""QString"" value=""dash""/>
      <Option name=""line_width"" type=""QString"" value=""0.4""/>
      <Option name=""line_width_unit"" type=""QString"" value=""MM""/>
      <Option name=""offset"" type=""QString"" value=""0""/>
      <Option name=""offset_map_unit_scale"" type=""QString"" value=""3x:0,0,0,0,0,0""/>
      <Option name=""offset_unit"" type=""QString"" value=""MM""/>
      <Option name=""ring_filter"" type=""QString"" value=""0""/>
      <Option name=""trim_distance_end"" type=""QString"" value=""0""/>
      <Option name=""trim_distance_end_map_unit_scale"" type=""QString"" value=""3x:0,0,0,0,0,0""/>
      <Option name=""trim_distance_end_unit"" type=""QString"" value=""MM""/>
      <Option name=""trim_distance_start"" type=""QString"" value=""0""/>
      <Option name=""trim_distance_start_map_unit_scale"" type=""QString"" value=""3x:0,0,0,0,0,0""/>
      <Option name=""trim_distance_start_unit"" type=""QString"" value=""MM""/>
      <Option name=""tweak_dash_pattern_on_corners"" type=""QString"" value=""0""/>
      <Option name=""use_custom_dash"" type=""QString"" value=""0""/>
      <Option name=""width_map_unit_scale"" type=""QString"" value=""3x:0,0,0,0,0,0""/>
     </Option>
     <data_defined_properties>
      <Option type=""Map"">
       <Option name=""name"" type=""QString"" value=""""/>
       <Option name=""properties""/>
       <Option name=""type"" type=""QString"" value=""collection""/>
      </Option>
     </data_defined_properties>
    </layer>
   </symbol>
   <symbol name=""75"" type=""line"" alpha=""1"" is_animated=""0"" clip_to_extent=""1"" force_rhr=""0"" frame_rate=""10"">
    <data_defined_properties>
     <Option type=""Map"">
      <Option name=""name"" type=""QString"" value=""""/>
      <Option name=""properties""/>
      <Option name=""type"" type=""QString"" value=""collection""/>
     </Option>
    </data_defined_properties>
    <layer locked=""0"" enabled=""1"" id=""{0d5b3c1b-f07a-4de9-ab58-4fb7a8b243ef}"" class=""SimpleLine"" pass=""0"">
     <Option type=""Map"">
      <Option name=""align_dash_pattern"" type=""QString"" value=""0""/>
      <Option name=""capstyle"" type=""QString"" value=""square""/>
      <Option name=""customdash"" type=""QString"" value=""5;2""/>
      <Option name=""customdash_map_unit_scale"" type=""QString"" value=""3x:0,0,0,0,0,0""/>
      <Option name=""customdash_unit"" type=""QString"" value=""MM""/>
      <Option name=""dash_pattern_offset"" type=""QString"" value=""0""/>
      <Option name=""dash_pattern_offset_map_unit_scale"" type=""QString"" value=""3x:0,0,0,0,0,0""/>
      <Option name=""dash_pattern_offset_unit"" type=""QString"" value=""MM""/>
      <Option name=""draw_inside_polygon"" type=""QString"" value=""0""/>
      <Option name=""joinstyle"" type=""QString"" value=""bevel""/>
      <Option name=""line_color"" type=""QString"" value=""244,246,137,255,rgb:0.95588616769665069,0.96502632181277181,0.53823147936217286,1""/>
      <Option name=""line_style"" type=""QString"" value=""dash""/>
      <Option name=""line_width"" type=""QString"" value=""0.4""/>
      <Option name=""line_width_unit"" type=""QString"" value=""MM""/>
      <Option name=""offset"" type=""QString"" value=""0""/>
      <Option name=""offset_map_unit_scale"" type=""QString"" value=""3x:0,0,0,0,0,0""/>
      <Option name=""offset_unit"" type=""QString"" value=""MM""/>
      <Option name=""ring_filter"" type=""QString"" value=""0""/>
      <Option name=""trim_distance_end"" type=""QString"" value=""0""/>
      <Option name=""trim_distance_end_map_unit_scale"" type=""QString"" value=""3x:0,0,0,0,0,0""/>
      <Option name=""trim_distance_end_unit"" type=""QString"" value=""MM""/>
      <Option name=""trim_distance_start"" type=""QString"" value=""0""/>
      <Option name=""trim_distance_start_map_unit_scale"" type=""QString"" value=""3x:0,0,0,0,0,0""/>
      <Option name=""trim_distance_start_unit"" type=""QString"" value=""MM""/>
      <Option name=""tweak_dash_pattern_on_corners"" type=""QString"" value=""0""/>
      <Option name=""use_custom_dash"" type=""QString"" value=""0""/>
      <Option name=""width_map_unit_scale"" type=""QString"" value=""3x:0,0,0,0,0,0""/>
     </Option>
     <data_defined_properties>
      <Option type=""Map"">
       <Option name=""name"" type=""QString"" value=""""/>
       <Option name=""properties""/>
       <Option name=""type"" type=""QString"" value=""collection""/>
      </Option>
     </data_defined_properties>
    </layer>
   </symbol>
   <symbol name=""76"" type=""line"" alpha=""1"" is_animated=""0"" clip_to_extent=""1"" force_rhr=""0"" frame_rate=""10"">
    <data_defined_properties>
     <Option type=""Map"">
      <Option name=""name"" type=""QString"" value=""""/>
      <Option name=""properties""/>
      <Option name=""type"" type=""QString"" value=""collection""/>
     </Option>
    </data_defined_properties>
    <layer locked=""0"" enabled=""1"" id=""{0d5b3c1b-f07a-4de9-ab58-4fb7a8b243ef}"" class=""SimpleLine"" pass=""0"">
     <Option type=""Map"">
      <Option name=""align_dash_pattern"" type=""QString"" value=""0""/>
      <Option name=""capstyle"" type=""QString"" value=""square""/>
      <Option name=""customdash"" type=""QString"" value=""5;2""/>
      <Option name=""customdash_map_unit_scale"" type=""QString"" value=""3x:0,0,0,0,0,0""/>
      <Option name=""customdash_unit"" type=""QString"" value=""MM""/>
      <Option name=""dash_pattern_offset"" type=""QString"" value=""0""/>
      <Option name=""dash_pattern_offset_map_unit_scale"" type=""QString"" value=""3x:0,0,0,0,0,0""/>
      <Option name=""dash_pattern_offset_unit"" type=""QString"" value=""MM""/>
      <Option name=""draw_inside_polygon"" type=""QString"" value=""0""/>
      <Option name=""joinstyle"" type=""QString"" value=""bevel""/>
      <Option name=""line_color"" type=""QString"" value=""255,255,225,255,rgb:1,1,0.88235294117647056,1""/>
      <Option name=""line_style"" type=""QString"" value=""dash""/>
      <Option name=""line_width"" type=""QString"" value=""0.4""/>
      <Option name=""line_width_unit"" type=""QString"" value=""MM""/>
      <Option name=""offset"" type=""QString"" value=""0""/>
      <Option name=""offset_map_unit_scale"" type=""QString"" value=""3x:0,0,0,0,0,0""/>
      <Option name=""offset_unit"" type=""QString"" value=""MM""/>
      <Option name=""ring_filter"" type=""QString"" value=""0""/>
      <Option name=""trim_distance_end"" type=""QString"" value=""0""/>
      <Option name=""trim_distance_end_map_unit_scale"" type=""QString"" value=""3x:0,0,0,0,0,0""/>
      <Option name=""trim_distance_end_unit"" type=""QString"" value=""MM""/>
      <Option name=""trim_distance_start"" type=""QString"" value=""0""/>
      <Option name=""trim_distance_start_map_unit_scale"" type=""QString"" value=""3x:0,0,0,0,0,0""/>
      <Option name=""trim_distance_start_unit"" type=""QString"" value=""MM""/>
      <Option name=""tweak_dash_pattern_on_corners"" type=""QString"" value=""0""/>
      <Option name=""use_custom_dash"" type=""QString"" value=""0""/>
      <Option name=""width_map_unit_scale"" type=""QString"" value=""3x:0,0,0,0,0,0""/>
     </Option>
     <data_defined_properties>
      <Option type=""Map"">
       <Option name=""name"" type=""QString"" value=""""/>
       <Option name=""properties""/>
       <Option name=""type"" type=""QString"" value=""collection""/>
      </Option>
     </data_defined_properties>
    </layer>
   </symbol>
   <symbol name=""77"" type=""line"" alpha=""1"" is_animated=""0"" clip_to_extent=""1"" force_rhr=""0"" frame_rate=""10"">
    <data_defined_properties>
     <Option type=""Map"">
      <Option name=""name"" type=""QString"" value=""""/>
      <Option name=""properties""/>
      <Option name=""type"" type=""QString"" value=""collection""/>
     </Option>
    </data_defined_properties>
    <layer locked=""0"" enabled=""1"" id=""{0d5b3c1b-f07a-4de9-ab58-4fb7a8b243ef}"" class=""SimpleLine"" pass=""0"">
     <Option type=""Map"">
      <Option name=""align_dash_pattern"" type=""QString"" value=""0""/>
      <Option name=""capstyle"" type=""QString"" value=""square""/>
      <Option name=""customdash"" type=""QString"" value=""5;2""/>
      <Option name=""customdash_map_unit_scale"" type=""QString"" value=""3x:0,0,0,0,0,0""/>
      <Option name=""customdash_unit"" type=""QString"" value=""MM""/>
      <Option name=""dash_pattern_offset"" type=""QString"" value=""0""/>
      <Option name=""dash_pattern_offset_map_unit_scale"" type=""QString"" value=""3x:0,0,0,0,0,0""/>
      <Option name=""dash_pattern_offset_unit"" type=""QString"" value=""MM""/>
      <Option name=""draw_inside_polygon"" type=""QString"" value=""0""/>
      <Option name=""joinstyle"" type=""QString"" value=""bevel""/>
      <Option name=""line_color"" type=""QString"" value=""255,255,255,255,hsv:0.16666666666666666,0,1,1""/>
      <Option name=""line_style"" type=""QString"" value=""dash""/>
      <Option name=""line_width"" type=""QString"" value=""0.4""/>
      <Option name=""line_width_unit"" type=""QString"" value=""MM""/>
      <Option name=""offset"" type=""QString"" value=""0""/>
      <Option name=""offset_map_unit_scale"" type=""QString"" value=""3x:0,0,0,0,0,0""/>
      <Option name=""offset_unit"" type=""QString"" value=""MM""/>
      <Option name=""ring_filter"" type=""QString"" value=""0""/>
      <Option name=""trim_distance_end"" type=""QString"" value=""0""/>
      <Option name=""trim_distance_end_map_unit_scale"" type=""QString"" value=""3x:0,0,0,0,0,0""/>
      <Option name=""trim_distance_end_unit"" type=""QString"" value=""MM""/>
      <Option name=""trim_distance_start"" type=""QString"" value=""0""/>
      <Option name=""trim_distance_start_map_unit_scale"" type=""QString"" value=""3x:0,0,0,0,0,0""/>
      <Option name=""trim_distance_start_unit"" type=""QString"" value=""MM""/>
      <Option name=""tweak_dash_pattern_on_corners"" type=""QString"" value=""0""/>
      <Option name=""use_custom_dash"" type=""QString"" value=""0""/>
      <Option name=""width_map_unit_scale"" type=""QString"" value=""3x:0,0,0,0,0,0""/>
     </Option>
     <data_defined_properties>
      <Option type=""Map"">
       <Option name=""name"" type=""QString"" value=""""/>
       <Option name=""properties""/>
       <Option name=""type"" type=""QString"" value=""collection""/>
      </Option>
     </data_defined_properties>
    </layer>
   </symbol>
   <symbol name=""8"" type=""line"" alpha=""1"" is_animated=""0"" clip_to_extent=""1"" force_rhr=""0"" frame_rate=""10"">
    <data_defined_properties>
     <Option type=""Map"">
      <Option name=""name"" type=""QString"" value=""""/>
      <Option name=""properties""/>
      <Option name=""type"" type=""QString"" value=""collection""/>
     </Option>
    </data_defined_properties>
    <layer locked=""0"" enabled=""1"" id=""{023b196a-5f5e-4c61-a655-19c409bdaf95}"" class=""SimpleLine"" pass=""0"">
     <Option type=""Map"">
      <Option name=""align_dash_pattern"" type=""QString"" value=""0""/>
      <Option name=""capstyle"" type=""QString"" value=""square""/>
      <Option name=""customdash"" type=""QString"" value=""5;2""/>
      <Option name=""customdash_map_unit_scale"" type=""QString"" value=""3x:0,0,0,0,0,0""/>
      <Option name=""customdash_unit"" type=""QString"" value=""MM""/>
      <Option name=""dash_pattern_offset"" type=""QString"" value=""0""/>
      <Option name=""dash_pattern_offset_map_unit_scale"" type=""QString"" value=""3x:0,0,0,0,0,0""/>
      <Option name=""dash_pattern_offset_unit"" type=""QString"" value=""MM""/>
      <Option name=""draw_inside_polygon"" type=""QString"" value=""0""/>
      <Option name=""joinstyle"" type=""QString"" value=""bevel""/>
      <Option name=""line_color"" type=""QString"" value=""63,10,103,255,rgb:0.24837109941252766,0.03889524681467918,0.40228885328450448,1""/>
      <Option name=""line_style"" type=""QString"" value=""solid""/>
      <Option name=""line_width"" type=""QString"" value=""0.66""/>
      <Option name=""line_width_unit"" type=""QString"" value=""MM""/>
      <Option name=""offset"" type=""QString"" value=""0""/>
      <Option name=""offset_map_unit_scale"" type=""QString"" value=""3x:0,0,0,0,0,0""/>
      <Option name=""offset_unit"" type=""QString"" value=""MM""/>
      <Option name=""ring_filter"" type=""QString"" value=""0""/>
      <Option name=""trim_distance_end"" type=""QString"" value=""0""/>
      <Option name=""trim_distance_end_map_unit_scale"" type=""QString"" value=""3x:0,0,0,0,0,0""/>
      <Option name=""trim_distance_end_unit"" type=""QString"" value=""MM""/>
      <Option name=""trim_distance_start"" type=""QString"" value=""0""/>
      <Option name=""trim_distance_start_map_unit_scale"" type=""QString"" value=""3x:0,0,0,0,0,0""/>
      <Option name=""trim_distance_start_unit"" type=""QString"" value=""MM""/>
      <Option name=""tweak_dash_pattern_on_corners"" type=""QString"" value=""0""/>
      <Option name=""use_custom_dash"" type=""QString"" value=""0""/>
      <Option name=""width_map_unit_scale"" type=""QString"" value=""3x:0,0,0,0,0,0""/>
     </Option>
     <data_defined_properties>
      <Option type=""Map"">
       <Option name=""name"" type=""QString"" value=""""/>
       <Option name=""properties""/>
       <Option name=""type"" type=""QString"" value=""collection""/>
      </Option>
     </data_defined_properties>
    </layer>
   </symbol>
   <symbol name=""9"" type=""line"" alpha=""1"" is_animated=""0"" clip_to_extent=""1"" force_rhr=""0"" frame_rate=""10"">
    <data_defined_properties>
     <Option type=""Map"">
      <Option name=""name"" type=""QString"" value=""""/>
      <Option name=""properties""/>
      <Option name=""type"" type=""QString"" value=""collection""/>
     </Option>
    </data_defined_properties>
    <layer locked=""0"" enabled=""1"" id=""{023b196a-5f5e-4c61-a655-19c409bdaf95}"" class=""SimpleLine"" pass=""0"">
     <Option type=""Map"">
      <Option name=""align_dash_pattern"" type=""QString"" value=""0""/>
      <Option name=""capstyle"" type=""QString"" value=""square""/>
      <Option name=""customdash"" type=""QString"" value=""5;2""/>
      <Option name=""customdash_map_unit_scale"" type=""QString"" value=""3x:0,0,0,0,0,0""/>
      <Option name=""customdash_unit"" type=""QString"" value=""MM""/>
      <Option name=""dash_pattern_offset"" type=""QString"" value=""0""/>
      <Option name=""dash_pattern_offset_map_unit_scale"" type=""QString"" value=""3x:0,0,0,0,0,0""/>
      <Option name=""dash_pattern_offset_unit"" type=""QString"" value=""MM""/>
      <Option name=""draw_inside_polygon"" type=""QString"" value=""0""/>
      <Option name=""joinstyle"" type=""QString"" value=""bevel""/>
      <Option name=""line_color"" type=""QString"" value=""76,12,107,255,rgb:0.29672693980315862,0.04705882352941176,0.41829556725413902,1""/>
      <Option name=""line_style"" type=""QString"" value=""solid""/>
      <Option name=""line_width"" type=""QString"" value=""0.66""/>
      <Option name=""line_width_unit"" type=""QString"" value=""MM""/>
      <Option name=""offset"" type=""QString"" value=""0""/>
      <Option name=""offset_map_unit_scale"" type=""QString"" value=""3x:0,0,0,0,0,0""/>
      <Option name=""offset_unit"" type=""QString"" value=""MM""/>
      <Option name=""ring_filter"" type=""QString"" value=""0""/>
      <Option name=""trim_distance_end"" type=""QString"" value=""0""/>
      <Option name=""trim_distance_end_map_unit_scale"" type=""QString"" value=""3x:0,0,0,0,0,0""/>
      <Option name=""trim_distance_end_unit"" type=""QString"" value=""MM""/>
      <Option name=""trim_distance_start"" type=""QString"" value=""0""/>
      <Option name=""trim_distance_start_map_unit_scale"" type=""QString"" value=""3x:0,0,0,0,0,0""/>
      <Option name=""trim_distance_start_unit"" type=""QString"" value=""MM""/>
      <Option name=""tweak_dash_pattern_on_corners"" type=""QString"" value=""0""/>
      <Option name=""use_custom_dash"" type=""QString"" value=""0""/>
      <Option name=""width_map_unit_scale"" type=""QString"" value=""3x:0,0,0,0,0,0""/>
     </Option>
     <data_defined_properties>
      <Option type=""Map"">
       <Option name=""name"" type=""QString"" value=""""/>
       <Option name=""properties""/>
       <Option name=""type"" type=""QString"" value=""collection""/>
      </Option>
     </data_defined_properties>
    </layer>
   </symbol>
  </symbols>
  <data-defined-properties>
   <Option type=""Map"">
    <Option name=""name"" type=""QString"" value=""""/>
    <Option name=""properties""/>
    <Option name=""type"" type=""QString"" value=""collection""/>
   </Option>
  </data-defined-properties>
  <orderby>
   <orderByClause asc=""1"" nullsFirst=""1"">""year""</orderByClause>
  </orderby>
 </renderer-v2>
 <selection mode=""Default"">
  <selectionColor invalid=""1""/>
  <selectionSymbol>
   <symbol name="""" type=""line"" alpha=""1"" is_animated=""0"" clip_to_extent=""1"" force_rhr=""0"" frame_rate=""10"">
    <data_defined_properties>
     <Option type=""Map"">
      <Option name=""name"" type=""QString"" value=""""/>
      <Option name=""properties""/>
      <Option name=""type"" type=""QString"" value=""collection""/>
     </Option>
    </data_defined_properties>
    <layer locked=""0"" enabled=""1"" id=""{5680bb79-013b-4ff0-ad2b-0aea80bab707}"" class=""SimpleLine"" pass=""0"">
     <Option type=""Map"">
      <Option name=""align_dash_pattern"" type=""QString"" value=""0""/>
      <Option name=""capstyle"" type=""QString"" value=""square""/>
      <Option name=""customdash"" type=""QString"" value=""5;2""/>
      <Option name=""customdash_map_unit_scale"" type=""QString"" value=""3x:0,0,0,0,0,0""/>
      <Option name=""customdash_unit"" type=""QString"" value=""MM""/>
      <Option name=""dash_pattern_offset"" type=""QString"" value=""0""/>
      <Option name=""dash_pattern_offset_map_unit_scale"" type=""QString"" value=""3x:0,0,0,0,0,0""/>
      <Option name=""dash_pattern_offset_unit"" type=""QString"" value=""MM""/>
      <Option name=""draw_inside_polygon"" type=""QString"" value=""0""/>
      <Option name=""joinstyle"" type=""QString"" value=""bevel""/>
      <Option name=""line_color"" type=""QString"" value=""35,35,35,255,rgb:0.13725490196078433,0.13725490196078433,0.13725490196078433,1""/>
      <Option name=""line_style"" type=""QString"" value=""solid""/>
      <Option name=""line_width"" type=""QString"" value=""0.26""/>
      <Option name=""line_width_unit"" type=""QString"" value=""MM""/>
      <Option name=""offset"" type=""QString"" value=""0""/>
      <Option name=""offset_map_unit_scale"" type=""QString"" value=""3x:0,0,0,0,0,0""/>
      <Option name=""offset_unit"" type=""QString"" value=""MM""/>
      <Option name=""ring_filter"" type=""QString"" value=""0""/>
      <Option name=""trim_distance_end"" type=""QString"" value=""0""/>
      <Option name=""trim_distance_end_map_unit_scale"" type=""QString"" value=""3x:0,0,0,0,0,0""/>
      <Option name=""trim_distance_end_unit"" type=""QString"" value=""MM""/>
      <Option name=""trim_distance_start"" type=""QString"" value=""0""/>
      <Option name=""trim_distance_start_map_unit_scale"" type=""QString"" value=""3x:0,0,0,0,0,0""/>
      <Option name=""trim_distance_start_unit"" type=""QString"" value=""MM""/>
      <Option name=""tweak_dash_pattern_on_corners"" type=""QString"" value=""0""/>
      <Option name=""use_custom_dash"" type=""QString"" value=""0""/>
      <Option name=""width_map_unit_scale"" type=""QString"" value=""3x:0,0,0,0,0,0""/>
     </Option>
     <data_defined_properties>
      <Option type=""Map"">
       <Option name=""name"" type=""QString"" value=""""/>
       <Option name=""properties""/>
       <Option name=""type"" type=""QString"" value=""collection""/>
      </Option>
     </data_defined_properties>
    </layer>
   </symbol>
  </selectionSymbol>
 </selection>
 <labeling type=""simple"">
  <settings calloutType=""simple"">
   <text-style forcedBold=""0"" capitalization=""0"" fontItalic=""0"" fontLetterSpacing=""0"" fontStrikeout=""0"" forcedItalic=""0"" fontWeight=""50"" textColor=""255,255,255,255,rgb:1,1,1,1"" textOrientation=""horizontal"" fieldName=""year"" fontWordSpacing=""0"" multilineHeight=""2.5"" useSubstitutions=""0"" fontSizeMapUnitScale=""3x:0,0,0,0,0,0"" fontSizeUnit=""Point"" blendMode=""0"" fontSize=""10"" tabStopDistance=""80"" fontFamily=""MS Shell Dlg 2"" multilineHeightUnit=""Percentage"" stretchFactor=""100"" legendString=""Aa"" namedStyle=""Regular"" textOpacity=""1"" fontKerning=""1"" allowHtml=""0"" fontUnderline=""0"" tabStopDistanceMapUnitScale=""3x:0,0,0,0,0,0"" isExpression=""0"" tabStopDistanceUnit=""Point"" previewBkgrdColor=""0,0,0,255,rgb:0,0,0,1"">
    <families/>
    <text-buffer bufferNoFill=""1"" bufferSize=""1"" bufferColor=""0,0,0,255,rgb:0,0,0,1"" bufferSizeUnits=""MM"" bufferSizeMapUnitScale=""3x:0,0,0,0,0,0"" bufferOpacity=""0.47700000000000004"" bufferBlendMode=""0"" bufferJoinStyle=""128"" bufferDraw=""1""/>
    <text-mask maskSize2=""1.5"" maskOpacity=""1"" maskEnabled=""0"" maskSizeMapUnitScale=""3x:0,0,0,0,0,0"" maskedSymbolLayers="""" maskJoinStyle=""128"" maskType=""0"" maskSizeUnits=""MM"" maskSize=""1.5""/>
    <background shapeType=""0"" shapeRadiiY=""0"" shapeSizeType=""0"" shapeSizeY=""0"" shapeBlendMode=""0"" shapeRadiiX=""0"" shapeRadiiUnit=""MM"" shapeBorderColor=""128,128,128,255,rgb:0.50196078431372548,0.50196078431372548,0.50196078431372548,1"" shapeOffsetUnit=""MM"" shapeDraw=""0"" shapeRotation=""0"" shapeSizeX=""0"" shapeRotationType=""0"" shapeBorderWidthUnit=""MM"" shapeSizeUnit=""MM"" shapeBorderWidthMapUnitScale=""3x:0,0,0,0,0,0"" shapeOffsetMapUnitScale=""3x:0,0,0,0,0,0"" shapeJoinStyle=""64"" shapeSVGFile="""" shapeFillColor=""255,255,255,255,rgb:1,1,1,1"" shapeOffsetY=""0"" shapeOffsetX=""0"" shapeSizeMapUnitScale=""3x:0,0,0,0,0,0"" shapeOpacity=""1"" shapeRadiiMapUnitScale=""3x:0,0,0,0,0,0"" shapeBorderWidth=""0"">
     <symbol name=""markerSymbol"" type=""marker"" alpha=""1"" is_animated=""0"" clip_to_extent=""1"" force_rhr=""0"" frame_rate=""10"">
      <data_defined_properties>
       <Option type=""Map"">
        <Option name=""name"" type=""QString"" value=""""/>
        <Option name=""properties""/>
        <Option name=""type"" type=""QString"" value=""collection""/>
       </Option>
      </data_defined_properties>
      <layer locked=""0"" enabled=""1"" id="""" class=""SimpleMarker"" pass=""0"">
       <Option type=""Map"">
        <Option name=""angle"" type=""QString"" value=""0""/>
        <Option name=""cap_style"" type=""QString"" value=""square""/>
        <Option name=""color"" type=""QString"" value=""229,182,54,255,rgb:0.89803921568627454,0.71372549019607845,0.21176470588235294,1""/>
        <Option name=""horizontal_anchor_point"" type=""QString"" value=""1""/>
        <Option name=""joinstyle"" type=""QString"" value=""bevel""/>
        <Option name=""name"" type=""QString"" value=""circle""/>
        <Option name=""offset"" type=""QString"" value=""0,0""/>
        <Option name=""offset_map_unit_scale"" type=""QString"" value=""3x:0,0,0,0,0,0""/>
        <Option name=""offset_unit"" type=""QString"" value=""MM""/>
        <Option name=""outline_color"" type=""QString"" value=""35,35,35,255,rgb:0.13725490196078433,0.13725490196078433,0.13725490196078433,1""/>
        <Option name=""outline_style"" type=""QString"" value=""solid""/>
        <Option name=""outline_width"" type=""QString"" value=""0""/>
        <Option name=""outline_width_map_unit_scale"" type=""QString"" value=""3x:0,0,0,0,0,0""/>
        <Option name=""outline_width_unit"" type=""QString"" value=""MM""/>
        <Option name=""scale_method"" type=""QString"" value=""diameter""/>
        <Option name=""size"" type=""QString"" value=""2""/>
        <Option name=""size_map_unit_scale"" type=""QString"" value=""3x:0,0,0,0,0,0""/>
        <Option name=""size_unit"" type=""QString"" value=""MM""/>
        <Option name=""vertical_anchor_point"" type=""QString"" value=""1""/>
       </Option>
       <data_defined_properties>
        <Option type=""Map"">
         <Option name=""name"" type=""QString"" value=""""/>
         <Option name=""properties""/>
         <Option name=""type"" type=""QString"" value=""collection""/>
        </Option>
       </data_defined_properties>
      </layer>
     </symbol>
     <symbol name=""fillSymbol"" type=""fill"" alpha=""1"" is_animated=""0"" clip_to_extent=""1"" force_rhr=""0"" frame_rate=""10"">
      <data_defined_properties>
       <Option type=""Map"">
        <Option name=""name"" type=""QString"" value=""""/>
        <Option name=""properties""/>
        <Option name=""type"" type=""QString"" value=""collection""/>
       </Option>
      </data_defined_properties>
      <layer locked=""0"" enabled=""1"" id="""" class=""SimpleFill"" pass=""0"">
       <Option type=""Map"">
        <Option name=""border_width_map_unit_scale"" type=""QString"" value=""3x:0,0,0,0,0,0""/>
        <Option name=""color"" type=""QString"" value=""255,255,255,255,rgb:1,1,1,1""/>
        <Option name=""joinstyle"" type=""QString"" value=""bevel""/>
        <Option name=""offset"" type=""QString"" value=""0,0""/>
        <Option name=""offset_map_unit_scale"" type=""QString"" value=""3x:0,0,0,0,0,0""/>
        <Option name=""offset_unit"" type=""QString"" value=""MM""/>
        <Option name=""outline_color"" type=""QString"" value=""128,128,128,255,rgb:0.50196078431372548,0.50196078431372548,0.50196078431372548,1""/>
        <Option name=""outline_style"" type=""QString"" value=""no""/>
        <Option name=""outline_width"" type=""QString"" value=""0""/>
        <Option name=""outline_width_unit"" type=""QString"" value=""MM""/>
        <Option name=""style"" type=""QString"" value=""solid""/>
       </Option>
       <data_defined_properties>
        <Option type=""Map"">
         <Option name=""name"" type=""QString"" value=""""/>
         <Option name=""properties""/>
         <Option name=""type"" type=""QString"" value=""collection""/>
        </Option>
       </data_defined_properties>
      </layer>
     </symbol>
    </background>
    <shadow shadowOpacity=""0.69999999999999996"" shadowScale=""100"" shadowDraw=""0"" shadowOffsetGlobal=""1"" shadowRadius=""1.5"" shadowRadiusUnit=""MM"" shadowOffsetUnit=""MM"" shadowRadiusAlphaOnly=""0"" shadowOffsetAngle=""135"" shadowColor=""0,0,0,255,rgb:0,0,0,1"" shadowUnder=""0"" shadowOffsetDist=""1"" shadowBlendMode=""6"" shadowOffsetMapUnitScale=""3x:0,0,0,0,0,0"" shadowRadiusMapUnitScale=""3x:0,0,0,0,0,0""/>
    <dd_properties>
     <Option type=""Map"">
      <Option name=""name"" type=""QString"" value=""""/>
      <Option name=""properties""/>
      <Option name=""type"" type=""QString"" value=""collection""/>
     </Option>
    </dd_properties>
    <substitutions/>
   </text-style>
   <text-format reverseDirectionSymbol=""0"" leftDirectionSymbol=""&lt;"" plussign=""0"" wrapChar="""" multilineAlign=""2"" placeDirectionSymbol=""0"" addDirectionSymbol=""0"" useMaxLineLengthForAutoWrap=""1"" formatNumbers=""0"" decimals=""1"" autoWrapLength=""0"" rightDirectionSymbol="">""/>
   <placement priority=""5"" yOffset=""0"" repeatDistanceUnits=""MM"" polygonPlacementFlags=""2"" lineAnchorType=""0"" maxCurvedCharAngleOut=""-25"" quadOffset=""4"" labelOffsetMapUnitScale=""3x:0,0,0,0,0,0"" centroidWhole=""0"" lineAnchorTextPoint=""CenterOfText"" rotationUnit=""AngleDegrees"" xOffset=""0"" predefinedPositionOrder=""TR,TL,BR,BL,R,L,TSR,BSR"" prioritization=""PreferCloser"" overrunDistance=""0"" placementFlags=""9"" distUnits=""MM"" offsetType=""0"" maximumDistance=""0"" placement=""2"" allowDegraded=""0"" dist=""0"" offsetUnits=""MM"" centroidInside=""0"" lineAnchorPercent=""0.5"" geometryGenerator="""" layerType=""LineGeometry"" repeatDistance=""0"" overlapHandling=""PreventOverlap"" repeatDistanceMapUnitScale=""3x:0,0,0,0,0,0"" rotationAngle=""0"" overrunDistanceMapUnitScale=""3x:0,0,0,0,0,0"" fitInPolygonOnly=""0"" preserveRotation=""1"" geometryGeneratorType=""PointGeometry"" maxCurvedCharAngleIn=""25"" geometryGeneratorEnabled=""0"" overrunDistanceUnit=""MM"" maximumDistanceUnit=""MM"" lineAnchorClipping=""0"" distMapUnitScale=""3x:0,0,0,0,0,0"" maximumDistanceMapUnitScale=""3x:0,0,0,0,0,0""/>
   <rendering minFeatureSize=""0"" obstacleType=""0"" limitNumLabels=""0"" zIndex=""0"" mergeLines=""0"" unplacedVisibility=""0"" labelPerPart=""0"" upsidedownLabels=""0"" scaleMin=""0"" fontLimitPixelSize=""0"" scaleVisibility=""1"" scaleMax=""10000"" obstacleFactor=""1"" fontMinPixelSize=""3"" obstacle=""1"" drawLabels=""1"" fontMaxPixelSize=""10000"" maxNumLabels=""2000""/>
   <dd_properties>
    <Option type=""Map"">
     <Option name=""name"" type=""QString"" value=""""/>
     <Option name=""properties""/>
     <Option name=""type"" type=""QString"" value=""collection""/>
    </Option>
   </dd_properties>
   <callout type=""simple"">
    <Option type=""Map"">
     <Option name=""anchorPoint"" type=""QString"" value=""pole_of_inaccessibility""/>
     <Option name=""blendMode"" type=""int"" value=""0""/>
     <Option name=""ddProperties"" type=""Map"">
      <Option name=""name"" type=""QString"" value=""""/>
      <Option name=""properties""/>
      <Option name=""type"" type=""QString"" value=""collection""/>
     </Option>
     <Option name=""drawToAllParts"" type=""bool"" value=""false""/>
     <Option name=""enabled"" type=""QString"" value=""0""/>
     <Option name=""labelAnchorPoint"" type=""QString"" value=""point_on_exterior""/>
     <Option name=""lineSymbol"" type=""QString"" value=""&lt;symbol name=&quot;symbol&quot; type=&quot;line&quot; alpha=&quot;1&quot; is_animated=&quot;0&quot; clip_to_extent=&quot;1&quot; force_rhr=&quot;0&quot; frame_rate=&quot;10&quot;>&lt;data_defined_properties>&lt;Option type=&quot;Map&quot;>&lt;Option name=&quot;name&quot; type=&quot;QString&quot; value=&quot;&quot;/>&lt;Option name=&quot;properties&quot;/>&lt;Option name=&quot;type&quot; type=&quot;QString&quot; value=&quot;collection&quot;/>&lt;/Option>&lt;/data_defined_properties>&lt;layer locked=&quot;0&quot; enabled=&quot;1&quot; id=&quot;{1f39cb25-eda0-45d3-b495-b272cbe2df47}&quot; class=&quot;SimpleLine&quot; pass=&quot;0&quot;>&lt;Option type=&quot;Map&quot;>&lt;Option name=&quot;align_dash_pattern&quot; type=&quot;QString&quot; value=&quot;0&quot;/>&lt;Option name=&quot;capstyle&quot; type=&quot;QString&quot; value=&quot;square&quot;/>&lt;Option name=&quot;customdash&quot; type=&quot;QString&quot; value=&quot;5;2&quot;/>&lt;Option name=&quot;customdash_map_unit_scale&quot; type=&quot;QString&quot; value=&quot;3x:0,0,0,0,0,0&quot;/>&lt;Option name=&quot;customdash_unit&quot; type=&quot;QString&quot; value=&quot;MM&quot;/>&lt;Option name=&quot;dash_pattern_offset&quot; type=&quot;QString&quot; value=&quot;0&quot;/>&lt;Option name=&quot;dash_pattern_offset_map_unit_scale&quot; type=&quot;QString&quot; value=&quot;3x:0,0,0,0,0,0&quot;/>&lt;Option name=&quot;dash_pattern_offset_unit&quot; type=&quot;QString&quot; value=&quot;MM&quot;/>&lt;Option name=&quot;draw_inside_polygon&quot; type=&quot;QString&quot; value=&quot;0&quot;/>&lt;Option name=&quot;joinstyle&quot; type=&quot;QString&quot; value=&quot;bevel&quot;/>&lt;Option name=&quot;line_color&quot; type=&quot;QString&quot; value=&quot;60,60,60,255,rgb:0.23529411764705882,0.23529411764705882,0.23529411764705882,1&quot;/>&lt;Option name=&quot;line_style&quot; type=&quot;QString&quot; value=&quot;solid&quot;/>&lt;Option name=&quot;line_width&quot; type=&quot;QString&quot; value=&quot;0.3&quot;/>&lt;Option name=&quot;line_width_unit&quot; type=&quot;QString&quot; value=&quot;MM&quot;/>&lt;Option name=&quot;offset&quot; type=&quot;QString&quot; value=&quot;0&quot;/>&lt;Option name=&quot;offset_map_unit_scale&quot; type=&quot;QString&quot; value=&quot;3x:0,0,0,0,0,0&quot;/>&lt;Option name=&quot;offset_unit&quot; type=&quot;QString&quot; value=&quot;MM&quot;/>&lt;Option name=&quot;ring_filter&quot; type=&quot;QString&quot; value=&quot;0&quot;/>&lt;Option name=&quot;trim_distance_end&quot; type=&quot;QString&quot; value=&quot;0&quot;/>&lt;Option name=&quot;trim_distance_end_map_unit_scale&quot; type=&quot;QString&quot; value=&quot;3x:0,0,0,0,0,0&quot;/>&lt;Option name=&quot;trim_distance_end_unit&quot; type=&quot;QString&quot; value=&quot;MM&quot;/>&lt;Option name=&quot;trim_distance_start&quot; type=&quot;QString&quot; value=&quot;0&quot;/>&lt;Option name=&quot;trim_distance_start_map_unit_scale&quot; type=&quot;QString&quot; value=&quot;3x:0,0,0,0,0,0&quot;/>&lt;Option name=&quot;trim_distance_start_unit&quot; type=&quot;QString&quot; value=&quot;MM&quot;/>&lt;Option name=&quot;tweak_dash_pattern_on_corners&quot; type=&quot;QString&quot; value=&quot;0&quot;/>&lt;Option name=&quot;use_custom_dash&quot; type=&quot;QString&quot; value=&quot;0&quot;/>&lt;Option name=&quot;width_map_unit_scale&quot; type=&quot;QString&quot; value=&quot;3x:0,0,0,0,0,0&quot;/>&lt;/Option>&lt;data_defined_properties>&lt;Option type=&quot;Map&quot;>&lt;Option name=&quot;name&quot; type=&quot;QString&quot; value=&quot;&quot;/>&lt;Option name=&quot;properties&quot;/>&lt;Option name=&quot;type&quot; type=&quot;QString&quot; value=&quot;collection&quot;/>&lt;/Option>&lt;/data_defined_properties>&lt;/layer>&lt;/symbol>""/>
     <Option name=""minLength"" type=""double"" value=""0""/>
     <Option name=""minLengthMapUnitScale"" type=""QString"" value=""3x:0,0,0,0,0,0""/>
     <Option name=""minLengthUnit"" type=""QString"" value=""MM""/>
     <Option name=""offsetFromAnchor"" type=""double"" value=""0""/>
     <Option name=""offsetFromAnchorMapUnitScale"" type=""QString"" value=""3x:0,0,0,0,0,0""/>
     <Option name=""offsetFromAnchorUnit"" type=""QString"" value=""MM""/>
     <Option name=""offsetFromLabel"" type=""double"" value=""0""/>
     <Option name=""offsetFromLabelMapUnitScale"" type=""QString"" value=""3x:0,0,0,0,0,0""/>
     <Option name=""offsetFromLabelUnit"" type=""QString"" value=""MM""/>
    </Option>
   </callout>
  </settings>
 </labeling>
 <customproperties>
  <Option type=""Map"">
   <Option name=""dualview/previewExpressions"" type=""List"">
    <Option type=""QString"" value=""&quot;certainty&quot;""/>
   </Option>
   <Option name=""embeddedWidgets/count"" type=""QString"" value=""0""/>
   <Option name=""variableNames""/>
   <Option name=""variableValues""/>
  </Option>
 </customproperties>
 <blendMode>0</blendMode>
 <featureBlendMode>0</featureBlendMode>
 <layerOpacity>1</layerOpacity>
 <LinearlyInterpolatedDiagramRenderer upperWidth=""5"" diagramType=""Histogram"" upperValue=""0"" lowerHeight=""0"" classificationAttributeExpression="""" lowerValue=""0"" lowerWidth=""0"" attributeLegend=""1"" upperHeight=""5"">
  <DiagramCategory scaleBasedVisibility=""0"" minScaleDenominator=""0"" labelPlacementMethod=""XHeight"" backgroundColor=""#ffffff"" diagramOrientation=""Up"" penColor=""#000000"" barWidth=""5"" spacingUnit=""MM"" stackedDiagramSpacing=""0"" stackedDiagramSpacingUnit=""MM"" direction=""1"" sizeType=""MM"" lineSizeType=""MM"" backgroundAlpha=""255"" maxScaleDenominator=""1e+08"" opacity=""1"" minimumSize=""0"" penWidth=""0"" spacing=""0"" lineSizeScale=""3x:0,0,0,0,0,0"" enabled=""0"" sizeScale=""3x:0,0,0,0,0,0"" scaleDependency=""Area"" rotationOffset=""270"" stackedDiagramSpacingUnitScale=""3x:0,0,0,0,0,0"" width=""15"" height=""15"" stackedDiagramMode=""Horizontal"" spacingUnitScale=""3x:0,0,0,0,0,0"" penAlpha=""255"" showAxis=""0"">
   <fontProperties bold=""0"" description=""Cantarell,11,-1,5,50,0,0,0,0,0"" style="""" strikethrough=""0"" italic=""0"" underline=""0""/>
   <attribute colorOpacity=""1"" label="""" field="""" color=""#000000""/>
   <axisSymbol>
    <symbol name="""" type=""line"" alpha=""1"" is_animated=""0"" clip_to_extent=""1"" force_rhr=""0"" frame_rate=""10"">
     <data_defined_properties>
      <Option type=""Map"">
       <Option name=""name"" type=""QString"" value=""""/>
       <Option name=""properties""/>
       <Option name=""type"" type=""QString"" value=""collection""/>
      </Option>
     </data_defined_properties>
     <layer locked=""0"" enabled=""1"" id=""{5ce7c1ce-3771-4790-8977-a2f1732873c3}"" class=""SimpleLine"" pass=""0"">
      <Option type=""Map"">
       <Option name=""align_dash_pattern"" type=""QString"" value=""0""/>
       <Option name=""capstyle"" type=""QString"" value=""square""/>
       <Option name=""customdash"" type=""QString"" value=""5;2""/>
       <Option name=""customdash_map_unit_scale"" type=""QString"" value=""3x:0,0,0,0,0,0""/>
       <Option name=""customdash_unit"" type=""QString"" value=""MM""/>
       <Option name=""dash_pattern_offset"" type=""QString"" value=""0""/>
       <Option name=""dash_pattern_offset_map_unit_scale"" type=""QString"" value=""3x:0,0,0,0,0,0""/>
       <Option name=""dash_pattern_offset_unit"" type=""QString"" value=""MM""/>
       <Option name=""draw_inside_polygon"" type=""QString"" value=""0""/>
       <Option name=""joinstyle"" type=""QString"" value=""bevel""/>
       <Option name=""line_color"" type=""QString"" value=""35,35,35,255,rgb:0.13725490196078433,0.13725490196078433,0.13725490196078433,1""/>
       <Option name=""line_style"" type=""QString"" value=""solid""/>
       <Option name=""line_width"" type=""QString"" value=""0.26""/>
       <Option name=""line_width_unit"" type=""QString"" value=""MM""/>
       <Option name=""offset"" type=""QString"" value=""0""/>
       <Option name=""offset_map_unit_scale"" type=""QString"" value=""3x:0,0,0,0,0,0""/>
       <Option name=""offset_unit"" type=""QString"" value=""MM""/>
       <Option name=""ring_filter"" type=""QString"" value=""0""/>
       <Option name=""trim_distance_end"" type=""QString"" value=""0""/>
       <Option name=""trim_distance_end_map_unit_scale"" type=""QString"" value=""3x:0,0,0,0,0,0""/>
       <Option name=""trim_distance_end_unit"" type=""QString"" value=""MM""/>
       <Option name=""trim_distance_start"" type=""QString"" value=""0""/>
       <Option name=""trim_distance_start_map_unit_scale"" type=""QString"" value=""3x:0,0,0,0,0,0""/>
       <Option name=""trim_distance_start_unit"" type=""QString"" value=""MM""/>
       <Option name=""tweak_dash_pattern_on_corners"" type=""QString"" value=""0""/>
       <Option name=""use_custom_dash"" type=""QString"" value=""0""/>
       <Option name=""width_map_unit_scale"" type=""QString"" value=""3x:0,0,0,0,0,0""/>
      </Option>
      <data_defined_properties>
       <Option type=""Map"">
        <Option name=""name"" type=""QString"" value=""""/>
        <Option name=""properties""/>
        <Option name=""type"" type=""QString"" value=""collection""/>
       </Option>
      </data_defined_properties>
     </layer>
    </symbol>
   </axisSymbol>
  </DiagramCategory>
 </LinearlyInterpolatedDiagramRenderer>
 <DiagramLayerSettings obstacle=""0"" placement=""2"" priority=""0"" zIndex=""0"" showAll=""1"" linePlacementFlags=""18"" dist=""0"">
  <properties>
   <Option type=""Map"">
    <Option name=""name"" type=""QString"" value=""""/>
    <Option name=""properties""/>
    <Option name=""type"" type=""QString"" value=""collection""/>
   </Option>
  </properties>
 </DiagramLayerSettings>
 <geometryOptions geometryPrecision=""0"" removeDuplicateNodes=""0"">
  <activeChecks/>
  <checkConfiguration/>
 </geometryOptions>
 <legend type=""default-vector"" showLabelLegend=""0""/>
 <referencedLayers/>
 <fieldConfiguration>
  <field name=""fid"" configurationFlags=""NoFlag"">
   <editWidget type=""TextEdit"">
    <config>
     <Option/>
    </config>
   </editWidget>
  </field>
  <field name=""year"" configurationFlags=""NoFlag"">
   <editWidget type=""TextEdit"">
    <config>
     <Option/>
    </config>
   </editWidget>
  </field>
  <field name=""certainty"" configurationFlags=""NoFlag"">
   <editWidget type=""TextEdit"">
    <config>
     <Option/>
    </config>
   </editWidget>
  </field>
  <field name=""tide_datum"" configurationFlags=""NoFlag"">
   <editWidget type=""TextEdit"">
    <config>
     <Option/>
    </config>
   </editWidget>
  </field>
  <field name=""id_primary"" configurationFlags=""NoFlag"">
   <editWidget type=""TextEdit"">
    <config>
     <Option/>
    </config>
   </editWidget>
  </field>
 </fieldConfiguration>
 <aliases>
  <alias name="""" field=""fid"" index=""0""/>
  <alias name="""" field=""year"" index=""1""/>
  <alias name="""" field=""certainty"" index=""2""/>
  <alias name="""" field=""tide_datum"" index=""3""/>
  <alias name="""" field=""id_primary"" index=""4""/>
 </aliases>
 <splitPolicies>
  <policy field=""fid"" policy=""Duplicate""/>
  <policy field=""year"" policy=""Duplicate""/>
  <policy field=""certainty"" policy=""Duplicate""/>
  <policy field=""tide_datum"" policy=""Duplicate""/>
  <policy field=""id_primary"" policy=""Duplicate""/>
 </splitPolicies>
 <duplicatePolicies>
  <policy field=""fid"" policy=""Duplicate""/>
  <policy field=""year"" policy=""Duplicate""/>
  <policy field=""certainty"" policy=""Duplicate""/>
  <policy field=""tide_datum"" policy=""Duplicate""/>
  <policy field=""id_primary"" policy=""Duplicate""/>
 </duplicatePolicies>
 <defaults>
  <default field=""fid"" expression="""" applyOnUpdate=""0""/>
  <default field=""year"" expression="""" applyOnUpdate=""0""/>
  <default field=""certainty"" expression="""" applyOnUpdate=""0""/>
  <default field=""tide_datum"" expression="""" applyOnUpdate=""0""/>
  <default field=""id_primary"" expression="""" applyOnUpdate=""0""/>
 </defaults>
 <constraints>
  <constraint field=""fid"" exp_strength=""1"" constraints=""7"" notnull_strength=""1"" unique_strength=""1""/>
  <constraint field=""year"" exp_strength=""0"" constraints=""0"" notnull_strength=""0"" unique_strength=""0""/>
  <constraint field=""certainty"" exp_strength=""0"" constraints=""0"" notnull_strength=""0"" unique_strength=""0""/>
  <constraint field=""tide_datum"" exp_strength=""0"" constraints=""0"" notnull_strength=""0"" unique_strength=""0""/>
  <constraint field=""id_primary"" exp_strength=""0"" constraints=""0"" notnull_strength=""0"" unique_strength=""0""/>
 </constraints>
 <constraintExpressions>
  <constraint desc="""" field=""fid"" exp=""""/>
  <constraint desc="""" field=""year"" exp=""""/>
  <constraint desc="""" field=""certainty"" exp=""""/>
  <constraint desc="""" field=""tide_datum"" exp=""""/>
  <constraint desc="""" field=""id_primary"" exp=""""/>
 </constraintExpressions>
 <expressionfields/>
 <attributeactions>
  <defaultAction value=""{00000000-0000-0000-0000-000000000000}"" key=""Canvas""/>
 </attributeactions>
 <attributetableconfig actionWidgetStyle=""dropDown"" sortExpression="""" sortOrder=""0"">
  <columns>
   <column name=""year"" hidden=""0"" type=""field"" width=""-1""/>
   <column hidden=""1"" type=""actions"" width=""-1""/>
   <column name=""certainty"" hidden=""0"" type=""field"" width=""-1""/>
   <column name=""fid"" hidden=""0"" type=""field"" width=""-1""/>
   <column name=""tide_datum"" hidden=""0"" type=""field"" width=""-1""/>
   <column name=""id_primary"" hidden=""0"" type=""field"" width=""-1""/>
  </columns>
 </attributetableconfig>
 <conditionalstyles>
  <rowstyles/>
  <fieldstyles/>
 </conditionalstyles>
 <storedexpressions/>
 <editform tolerant=""1""></editform>
 <editforminit/>
 <editforminitcodesource>0</editforminitcodesource>
 <editforminitfilepath></editforminitfilepath>
 <editforminitcode><![CDATA[# -*- coding: utf-8 -*-
""""""
QGIS forms can have a Python function that is called when the form is
opened.

Use this function to add extra logic to your forms.

Enter the name of the function in the ""Python Init function""
field.
An example follows:
""""""
from qgis.PyQt.QtWidgets import QWidget

def my_form_open(dialog, layer, feature):
	geom = feature.geometry()
	control = dialog.findChild(QWidget, ""MyLineEdit"")
]]></editforminitcode>
 <featformsuppress>0</featformsuppress>
 <editorlayout>generatedlayout</editorlayout>
 <editable>
  <field editable=""1"" name=""certaint_1""/>
  <field editable=""1"" name=""certainty""/>
  <field editable=""1"" name=""certainty_""/>
  <field editable=""1"" name=""fid""/>
  <field editable=""1"" name=""id_primary""/>
  <field editable=""1"" name=""index""/>
  <field editable=""1"" name=""maturity""/>
  <field editable=""1"" name=""tide_datum""/>
  <field editable=""1"" name=""wms_aero""/>
  <field editable=""1"" name=""wms_good""/>
  <field editable=""1"" name=""wms_inter""/>
  <field editable=""1"" name=""wms_nodata""/>
  <field editable=""1"" name=""wms_tidal""/>
  <field editable=""1"" name=""year""/>
 </editable>
 <labelOnTop>
  <field name=""certaint_1"" labelOnTop=""0""/>
  <field name=""certainty"" labelOnTop=""0""/>
  <field name=""certainty_"" labelOnTop=""0""/>
  <field name=""fid"" labelOnTop=""0""/>
  <field name=""id_primary"" labelOnTop=""0""/>
  <field name=""index"" labelOnTop=""0""/>
  <field name=""maturity"" labelOnTop=""0""/>
  <field name=""tide_datum"" labelOnTop=""0""/>
  <field name=""wms_aero"" labelOnTop=""0""/>
  <field name=""wms_good"" labelOnTop=""0""/>
  <field name=""wms_inter"" labelOnTop=""0""/>
  <field name=""wms_nodata"" labelOnTop=""0""/>
  <field name=""wms_tidal"" labelOnTop=""0""/>
  <field name=""year"" labelOnTop=""0""/>
 </labelOnTop>
 <reuseLastValue>
  <field name=""certainty"" reuseLastValue=""0""/>
  <field name=""fid"" reuseLastValue=""0""/>
  <field name=""id_primary"" reuseLastValue=""0""/>
  <field name=""tide_datum"" reuseLastValue=""0""/>
  <field name=""year"" reuseLastValue=""0""/>
 </reuseLastValue>
 <dataDefinedFieldProperties/>
 <widgets/>
 <previewExpression>""certainty""</previewExpression>
 <mapTip enabled=""1""></mapTip>
 <layerGeometryType>1</layerGeometryType>
</qgis>
","<?xml version=""1.0"" encoding=""UTF-8""?>
<StyledLayerDescriptor xmlns=""http://www.opengis.net/sld"" xmlns:xlink=""http://www.w3.org/1999/xlink"" xsi:schemaLocation=""http://www.opengis.net/sld http://schemas.opengis.net/sld/1.1.0/StyledLayerDescriptor.xsd"" xmlns:xsi=""http://www.w3.org/2001/XMLSchema-instance"" xmlns:ogc=""http://www.opengis.net/ogc"" version=""1.1.0"" xmlns:se=""http://www.opengis.net/se"">
 <NamedLayer>
  <se:Name>shorelines_annual</se:Name>
  <UserStyle>
   <se:Name>shorelines_annual</se:Name>
   <se:FeatureTypeStyle>
    <se:Rule>
     <se:Name>Good quality shorelines</se:Name>
     <se:Description>
      <se:Title>Good quality shorelines</se:Title>
     </se:Description>
     <ogc:Filter xmlns:ogc=""http://www.opengis.net/ogc"">
      <ogc:PropertyIsEqualTo>
       <ogc:PropertyName>certainty</ogc:PropertyName>
       <ogc:Literal>good</ogc:Literal>
      </ogc:PropertyIsEqualTo>
     </ogc:Filter>
     <se:MinScaleDenominator>0</se:MinScaleDenominator>
     <se:MaxScaleDenominator>25000</se:MaxScaleDenominator>
     <se:LineSymbolizer>
      <se:Stroke>
       <se:SvgParameter name=""stroke"">#000000</se:SvgParameter>
       <se:SvgParameter name=""stroke-width"">2</se:SvgParameter>
       <se:SvgParameter name=""stroke-linejoin"">bevel</se:SvgParameter>
       <se:SvgParameter name=""stroke-linecap"">square</se:SvgParameter>
      </se:Stroke>
     </se:LineSymbolizer>
    </se:Rule>
    <se:Rule>
     <se:Name>1988</se:Name>
     <se:Description>
      <se:Title>1988</se:Title>
     </se:Description>
     <ogc:Filter xmlns:ogc=""http://www.opengis.net/ogc"">
      <ogc:And>
       <ogc:PropertyIsEqualTo>
        <ogc:PropertyName>certainty</ogc:PropertyName>
        <ogc:Literal>good</ogc:Literal>
       </ogc:PropertyIsEqualTo>
       <ogc:PropertyIsEqualTo>
        <ogc:PropertyName>year</ogc:PropertyName>
        <ogc:Literal>1988</ogc:Literal>
       </ogc:PropertyIsEqualTo>
      </ogc:And>
     </ogc:Filter>
     <se:MinScaleDenominator>0</se:MinScaleDenominator>
     <se:MaxScaleDenominator>25000</se:MaxScaleDenominator>
     <se:LineSymbolizer>
      <se:Stroke>
       <se:SvgParameter name=""stroke"">#000004</se:SvgParameter>
       <se:SvgParameter name=""stroke-width"">2</se:SvgParameter>
       <se:SvgParameter name=""stroke-linejoin"">bevel</se:SvgParameter>
       <se:SvgParameter name=""stroke-linecap"">square</se:SvgParameter>
      </se:Stroke>
     </se:LineSymbolizer>
    </se:Rule>
    <se:Rule>
     <se:Name>1989</se:Name>
     <se:Description>
      <se:Title>1989</se:Title>
     </se:Description>
     <ogc:Filter xmlns:ogc=""http://www.opengis.net/ogc"">
      <ogc:And>
       <ogc:PropertyIsEqualTo>
        <ogc:PropertyName>certainty</ogc:PropertyName>
        <ogc:Literal>good</ogc:Literal>
       </ogc:PropertyIsEqualTo>
       <ogc:PropertyIsEqualTo>
        <ogc:PropertyName>year</ogc:PropertyName>
        <ogc:Literal>1989</ogc:Literal>
       </ogc:PropertyIsEqualTo>
      </ogc:And>
     </ogc:Filter>
     <se:MinScaleDenominator>0</se:MinScaleDenominator>
     <se:MaxScaleDenominator>25000</se:MaxScaleDenominator>
     <se:LineSymbolizer>
      <se:Stroke>
       <se:SvgParameter name=""stroke"">#030311</se:SvgParameter>
       <se:SvgParameter name=""stroke-width"">2</se:SvgParameter>
       <se:SvgParameter name=""stroke-linejoin"">bevel</se:SvgParameter>
       <se:SvgParameter name=""stroke-linecap"">square</se:SvgParameter>
      </se:Stroke>
     </se:LineSymbolizer>
    </se:Rule>
    <se:Rule>
     <se:Name>1990</se:Name>
     <se:Description>
      <se:Title>1990</se:Title>
     </se:Description>
     <ogc:Filter xmlns:ogc=""http://www.opengis.net/ogc"">
      <ogc:And>
       <ogc:PropertyIsEqualTo>
        <ogc:PropertyName>certainty</ogc:PropertyName>
        <ogc:Literal>good</ogc:Literal>
       </ogc:PropertyIsEqualTo>
       <ogc:PropertyIsEqualTo>
        <ogc:PropertyName>year</ogc:PropertyName>
        <ogc:Literal>1990</ogc:Literal>
       </ogc:PropertyIsEqualTo>
      </ogc:And>
     </ogc:Filter>
     <se:MinScaleDenominator>0</se:MinScaleDenominator>
     <se:MaxScaleDenominator>25000</se:MaxScaleDenominator>
     <se:LineSymbolizer>
      <se:Stroke>
       <se:SvgParameter name=""stroke"">#090720</se:SvgParameter>
       <se:SvgParameter name=""stroke-width"">2</se:SvgParameter>
       <se:SvgParameter name=""stroke-linejoin"">bevel</se:SvgParameter>
       <se:SvgParameter name=""stroke-linecap"">square</se:SvgParameter>
      </se:Stroke>
     </se:LineSymbolizer>
    </se:Rule>
    <se:Rule>
     <se:Name>1991</se:Name>
     <se:Description>
      <se:Title>1991</se:Title>
     </se:Description>
     <ogc:Filter xmlns:ogc=""http://www.opengis.net/ogc"">
      <ogc:And>
       <ogc:PropertyIsEqualTo>
        <ogc:PropertyName>certainty</ogc:PropertyName>
        <ogc:Literal>good</ogc:Literal>
       </ogc:PropertyIsEqualTo>
       <ogc:PropertyIsEqualTo>
        <ogc:PropertyName>year</ogc:PropertyName>
        <ogc:Literal>1991</ogc:Literal>
       </ogc:PropertyIsEqualTo>
      </ogc:And>
     </ogc:Filter>
     <se:MinScaleDenominator>0</se:MinScaleDenominator>
     <se:MaxScaleDenominator>25000</se:MaxScaleDenominator>
     <se:LineSymbolizer>
      <se:Stroke>
       <se:SvgParameter name=""stroke"">#110930</se:SvgParameter>
       <se:SvgParameter name=""stroke-width"">2</se:SvgParameter>
       <se:SvgParameter name=""stroke-linejoin"">bevel</se:SvgParameter>
       <se:SvgParameter name=""stroke-linecap"">square</se:SvgParameter>
      </se:Stroke>
     </se:LineSymbolizer>
    </se:Rule>
    <se:Rule>
     <se:Name>1992</se:Name>
     <se:Description>
      <se:Title>1992</se:Title>
     </se:Description>
     <ogc:Filter xmlns:ogc=""http://www.opengis.net/ogc"">
      <ogc:And>
       <ogc:PropertyIsEqualTo>
        <ogc:PropertyName>certainty</ogc:PropertyName>
        <ogc:Literal>good</ogc:Literal>
       </ogc:PropertyIsEqualTo>
       <ogc:PropertyIsEqualTo>
        <ogc:PropertyName>year</ogc:PropertyName>
        <ogc:Literal>1992</ogc:Literal>
       </ogc:PropertyIsEqualTo>
      </ogc:And>
     </ogc:Filter>
     <se:MinScaleDenominator>0</se:MinScaleDenominator>
     <se:MaxScaleDenominator>25000</se:MaxScaleDenominator>
     <se:LineSymbolizer>
      <se:Stroke>
       <se:SvgParameter name=""stroke"">#1b0c41</se:SvgParameter>
       <se:SvgParameter name=""stroke-width"">2</se:SvgParameter>
       <se:SvgParameter name=""stroke-linejoin"">bevel</se:SvgParameter>
       <se:SvgParameter name=""stroke-linecap"">square</se:SvgParameter>
      </se:Stroke>
     </se:LineSymbolizer>
    </se:Rule>
    <se:Rule>
     <se:Name>1993</se:Name>
     <se:Description>
      <se:Title>1993</se:Title>
     </se:Description>
     <ogc:Filter xmlns:ogc=""http://www.opengis.net/ogc"">
      <ogc:And>
       <ogc:PropertyIsEqualTo>
        <ogc:PropertyName>certainty</ogc:PropertyName>
        <ogc:Literal>good</ogc:Literal>
       </ogc:PropertyIsEqualTo>
       <ogc:PropertyIsEqualTo>
        <ogc:PropertyName>year</ogc:PropertyName>
        <ogc:Literal>1993</ogc:Literal>
       </ogc:PropertyIsEqualTo>
      </ogc:And>
     </ogc:Filter>
     <se:MinScaleDenominator>0</se:MinScaleDenominator>
     <se:MaxScaleDenominator>25000</se:MaxScaleDenominator>
     <se:LineSymbolizer>
      <se:Stroke>
       <se:SvgParameter name=""stroke"">#270c52</se:SvgParameter>
       <se:SvgParameter name=""stroke-width"">2</se:SvgParameter>
       <se:SvgParameter name=""stroke-linejoin"">bevel</se:SvgParameter>
       <se:SvgParameter name=""stroke-linecap"">square</se:SvgParameter>
      </se:Stroke>
     </se:LineSymbolizer>
    </se:Rule>
    <se:Rule>
     <se:Name>1994</se:Name>
     <se:Description>
      <se:Title>1994</se:Title>
     </se:Description>
     <ogc:Filter xmlns:ogc=""http://www.opengis.net/ogc"">
      <ogc:And>
       <ogc:PropertyIsEqualTo>
        <ogc:PropertyName>certainty</ogc:PropertyName>
        <ogc:Literal>good</ogc:Literal>
       </ogc:PropertyIsEqualTo>
       <ogc:PropertyIsEqualTo>
        <ogc:PropertyName>year</ogc:PropertyName>
        <ogc:Literal>1994</ogc:Literal>
       </ogc:PropertyIsEqualTo>
      </ogc:And>
     </ogc:Filter>
     <se:MinScaleDenominator>0</se:MinScaleDenominator>
     <se:MaxScaleDenominator>25000</se:MaxScaleDenominator>
     <se:LineSymbolizer>
      <se:Stroke>
       <se:SvgParameter name=""stroke"">#330a5e</se:SvgParameter>
       <se:SvgParameter name=""stroke-width"">2</se:SvgParameter>
       <se:SvgParameter name=""stroke-linejoin"">bevel</se:SvgParameter>
       <se:SvgParameter name=""stroke-linecap"">square</se:SvgParameter>
      </se:Stroke>
     </se:LineSymbolizer>
    </se:Rule>
    <se:Rule>
     <se:Name>1995</se:Name>
     <se:Description>
      <se:Title>1995</se:Title>
     </se:Description>
     <ogc:Filter xmlns:ogc=""http://www.opengis.net/ogc"">
      <ogc:And>
       <ogc:PropertyIsEqualTo>
        <ogc:PropertyName>certainty</ogc:PropertyName>
        <ogc:Literal>good</ogc:Literal>
       </ogc:PropertyIsEqualTo>
       <ogc:PropertyIsEqualTo>
        <ogc:PropertyName>year</ogc:PropertyName>
        <ogc:Literal>1995</ogc:Literal>
       </ogc:PropertyIsEqualTo>
      </ogc:And>
     </ogc:Filter>
     <se:MinScaleDenominator>0</se:MinScaleDenominator>
     <se:MaxScaleDenominator>25000</se:MaxScaleDenominator>
     <se:LineSymbolizer>
      <se:Stroke>
       <se:SvgParameter name=""stroke"">#3f0a67</se:SvgParameter>
       <se:SvgParameter name=""stroke-width"">2</se:SvgParameter>
       <se:SvgParameter name=""stroke-linejoin"">bevel</se:SvgParameter>
       <se:SvgParameter name=""stroke-linecap"">square</se:SvgParameter>
      </se:Stroke>
     </se:LineSymbolizer>
    </se:Rule>
    <se:Rule>
     <se:Name>1996</se:Name>
     <se:Description>
      <se:Title>1996</se:Title>
     </se:Description>
     <ogc:Filter xmlns:ogc=""http://www.opengis.net/ogc"">
      <ogc:And>
       <ogc:PropertyIsEqualTo>
        <ogc:PropertyName>certainty</ogc:PropertyName>
        <ogc:Literal>good</ogc:Literal>
       </ogc:PropertyIsEqualTo>
       <ogc:PropertyIsEqualTo>
        <ogc:PropertyName>year</ogc:PropertyName>
        <ogc:Literal>1996</ogc:Literal>
       </ogc:PropertyIsEqualTo>
      </ogc:And>
     </ogc:Filter>
     <se:MinScaleDenominator>0</se:MinScaleDenominator>
     <se:MaxScaleDenominator>25000</se:MaxScaleDenominator>
     <se:LineSymbolizer>
      <se:Stroke>
       <se:SvgParameter name=""stroke"">#4c0c6b</se:SvgParameter>
       <se:SvgParameter name=""stroke-width"">2</se:SvgParameter>
       <se:SvgParameter name=""stroke-linejoin"">bevel</se:SvgParameter>
       <se:SvgParameter name=""stroke-linecap"">square</se:SvgParameter>
      </se:Stroke>
     </se:LineSymbolizer>
    </se:Rule>
    <se:Rule>
     <se:Name>1997</se:Name>
     <se:Description>
      <se:Title>1997</se:Title>
     </se:Description>
     <ogc:Filter xmlns:ogc=""http://www.opengis.net/ogc"">
      <ogc:And>
       <ogc:PropertyIsEqualTo>
        <ogc:PropertyName>certainty</ogc:PropertyName>
        <ogc:Literal>good</ogc:Literal>
       </ogc:PropertyIsEqualTo>
       <ogc:PropertyIsEqualTo>
        <ogc:PropertyName>year</ogc:PropertyName>
        <ogc:Literal>1997</ogc:Literal>
       </ogc:PropertyIsEqualTo>
      </ogc:And>
     </ogc:Filter>
     <se:MinScaleDenominator>0</se:MinScaleDenominator>
     <se:MaxScaleDenominator>25000</se:MaxScaleDenominator>
     <se:LineSymbolizer>
      <se:Stroke>
       <se:SvgParameter name=""stroke"">#570f6e</se:SvgParameter>
       <se:SvgParameter name=""stroke-width"">2</se:SvgParameter>
       <se:SvgParameter name=""stroke-linejoin"">bevel</se:SvgParameter>
       <se:SvgParameter name=""stroke-linecap"">square</se:SvgParameter>
      </se:Stroke>
     </se:LineSymbolizer>
    </se:Rule>
    <se:Rule>
     <se:Name>1998</se:Name>
     <se:Description>
      <se:Title>1998</se:Title>
     </se:Description>
     <ogc:Filter xmlns:ogc=""http://www.opengis.net/ogc"">
      <ogc:And>
       <ogc:PropertyIsEqualTo>
        <ogc:PropertyName>certainty</ogc:PropertyName>
        <ogc:Literal>good</ogc:Literal>
       </ogc:PropertyIsEqualTo>
       <ogc:PropertyIsEqualTo>
        <ogc:PropertyName>year</ogc:PropertyName>
        <ogc:Literal>1998</ogc:Literal>
       </ogc:PropertyIsEqualTo>
      </ogc:And>
     </ogc:Filter>
     <se:MinScaleDenominator>0</se:MinScaleDenominator>
     <se:MaxScaleDenominator>25000</se:MaxScaleDenominator>
     <se:LineSymbolizer>
      <se:Stroke>
       <se:SvgParameter name=""stroke"">#62136e</se:SvgParameter>
       <se:SvgParameter name=""stroke-width"">2</se:SvgParameter>
       <se:SvgParameter name=""stroke-linejoin"">bevel</se:SvgParameter>
       <se:SvgParameter name=""stroke-linecap"">square</se:SvgParameter>
      </se:Stroke>
     </se:LineSymbolizer>
    </se:Rule>
    <se:Rule>
     <se:Name>1999</se:Name>
     <se:Description>
      <se:Title>1999</se:Title>
     </se:Description>
     <ogc:Filter xmlns:ogc=""http://www.opengis.net/ogc"">
      <ogc:And>
       <ogc:PropertyIsEqualTo>
        <ogc:PropertyName>certainty</ogc:PropertyName>
        <ogc:Literal>good</ogc:Literal>
       </ogc:PropertyIsEqualTo>
       <ogc:PropertyIsEqualTo>
        <ogc:PropertyName>year</ogc:PropertyName>
        <ogc:Literal>1999</ogc:Literal>
       </ogc:PropertyIsEqualTo>
      </ogc:And>
     </ogc:Filter>
     <se:MinScaleDenominator>0</se:MinScaleDenominator>
     <se:MaxScaleDenominator>25000</se:MaxScaleDenominator>
     <se:LineSymbolizer>
      <se:Stroke>
       <se:SvgParameter name=""stroke"">#6e186e</se:SvgParameter>
       <se:SvgParameter name=""stroke-width"">2</se:SvgParameter>
       <se:SvgParameter name=""stroke-linejoin"">bevel</se:SvgParameter>
       <se:SvgParameter name=""stroke-linecap"">square</se:SvgParameter>
      </se:Stroke>
     </se:LineSymbolizer>
    </se:Rule>
    <se:Rule>
     <se:Name>2000</se:Name>
     <se:Description>
      <se:Title>2000</se:Title>
     </se:Description>
     <ogc:Filter xmlns:ogc=""http://www.opengis.net/ogc"">
      <ogc:And>
       <ogc:PropertyIsEqualTo>
        <ogc:PropertyName>certainty</ogc:PropertyName>
        <ogc:Literal>good</ogc:Literal>
       </ogc:PropertyIsEqualTo>
       <ogc:PropertyIsEqualTo>
        <ogc:PropertyName>year</ogc:PropertyName>
        <ogc:Literal>2000</ogc:Literal>
       </ogc:PropertyIsEqualTo>
      </ogc:And>
     </ogc:Filter>
     <se:MinScaleDenominator>0</se:MinScaleDenominator>
     <se:MaxScaleDenominator>25000</se:MaxScaleDenominator>
     <se:LineSymbolizer>
      <se:Stroke>
       <se:SvgParameter name=""stroke"">#781c6d</se:SvgParameter>
       <se:SvgParameter name=""stroke-width"">2</se:SvgParameter>
       <se:SvgParameter name=""stroke-linejoin"">bevel</se:SvgParameter>
       <se:SvgParameter name=""stroke-linecap"">square</se:SvgParameter>
      </se:Stroke>
     </se:LineSymbolizer>
    </se:Rule>
    <se:Rule>
     <se:Name>2001</se:Name>
     <se:Description>
      <se:Title>2001</se:Title>
     </se:Description>
     <ogc:Filter xmlns:ogc=""http://www.opengis.net/ogc"">
      <ogc:And>
       <ogc:PropertyIsEqualTo>
        <ogc:PropertyName>certainty</ogc:PropertyName>
        <ogc:Literal>good</ogc:Literal>
       </ogc:PropertyIsEqualTo>
       <ogc:PropertyIsEqualTo>
        <ogc:PropertyName>year</ogc:PropertyName>
        <ogc:Literal>2001</ogc:Literal>
       </ogc:PropertyIsEqualTo>
      </ogc:And>
     </ogc:Filter>
     <se:MinScaleDenominator>0</se:MinScaleDenominator>
     <se:MaxScaleDenominator>25000</se:MaxScaleDenominator>
     <se:LineSymbolizer>
      <se:Stroke>
       <se:SvgParameter name=""stroke"">#83206b</se:SvgParameter>
       <se:SvgParameter name=""stroke-width"">2</se:SvgParameter>
       <se:SvgParameter name=""stroke-linejoin"">bevel</se:SvgParameter>
       <se:SvgParameter name=""stroke-linecap"">square</se:SvgParameter>
      </se:Stroke>
     </se:LineSymbolizer>
    </se:Rule>
    <se:Rule>
     <se:Name>2002</se:Name>
     <se:Description>
      <se:Title>2002</se:Title>
     </se:Description>
     <ogc:Filter xmlns:ogc=""http://www.opengis.net/ogc"">
      <ogc:And>
       <ogc:PropertyIsEqualTo>
        <ogc:PropertyName>certainty</ogc:PropertyName>
        <ogc:Literal>good</ogc:Literal>
       </ogc:PropertyIsEqualTo>
       <ogc:PropertyIsEqualTo>
        <ogc:PropertyName>year</ogc:PropertyName>
        <ogc:Literal>2002</ogc:Literal>
       </ogc:PropertyIsEqualTo>
      </ogc:And>
     </ogc:Filter>
     <se:MinScaleDenominator>0</se:MinScaleDenominator>
     <se:MaxScaleDenominator>25000</se:MaxScaleDenominator>
     <se:LineSymbolizer>
      <se:Stroke>
       <se:SvgParameter name=""stroke"">#8f2468</se:SvgParameter>
       <se:SvgParameter name=""stroke-width"">2</se:SvgParameter>
       <se:SvgParameter name=""stroke-linejoin"">bevel</se:SvgParameter>
       <se:SvgParameter name=""stroke-linecap"">square</se:SvgParameter>
      </se:Stroke>
     </se:LineSymbolizer>
    </se:Rule>
    <se:Rule>
     <se:Name>2003</se:Name>
     <se:Description>
      <se:Title>2003</se:Title>
     </se:Description>
     <ogc:Filter xmlns:ogc=""http://www.opengis.net/ogc"">
      <ogc:And>
       <ogc:PropertyIsEqualTo>
        <ogc:PropertyName>certainty</ogc:PropertyName>
        <ogc:Literal>good</ogc:Literal>
       </ogc:PropertyIsEqualTo>
       <ogc:PropertyIsEqualTo>
        <ogc:PropertyName>year</ogc:PropertyName>
        <ogc:Literal>2003</ogc:Literal>
       </ogc:PropertyIsEqualTo>
      </ogc:And>
     </ogc:Filter>
     <se:MinScaleDenominator>0</se:MinScaleDenominator>
     <se:MaxScaleDenominator>25000</se:MaxScaleDenominator>
     <se:LineSymbolizer>
      <se:Stroke>
       <se:SvgParameter name=""stroke"">#9a2865</se:SvgParameter>
       <se:SvgParameter name=""stroke-width"">2</se:SvgParameter>
       <se:SvgParameter name=""stroke-linejoin"">bevel</se:SvgParameter>
       <se:SvgParameter name=""stroke-linecap"">square</se:SvgParameter>
      </se:Stroke>
     </se:LineSymbolizer>
    </se:Rule>
    <se:Rule>
     <se:Name>2004</se:Name>
     <se:Description>
      <se:Title>2004</se:Title>
     </se:Description>
     <ogc:Filter xmlns:ogc=""http://www.opengis.net/ogc"">
      <ogc:And>
       <ogc:PropertyIsEqualTo>
        <ogc:PropertyName>certainty</ogc:PropertyName>
        <ogc:Literal>good</ogc:Literal>
       </ogc:PropertyIsEqualTo>
       <ogc:PropertyIsEqualTo>
        <ogc:PropertyName>year</ogc:PropertyName>
        <ogc:Literal>2004</ogc:Literal>
       </ogc:PropertyIsEqualTo>
      </ogc:And>
     </ogc:Filter>
     <se:MinScaleDenominator>0</se:MinScaleDenominator>
     <se:MaxScaleDenominator>25000</se:MaxScaleDenominator>
     <se:LineSymbolizer>
      <se:Stroke>
       <se:SvgParameter name=""stroke"">#a52d60</se:SvgParameter>
       <se:SvgParameter name=""stroke-width"">2</se:SvgParameter>
       <se:SvgParameter name=""stroke-linejoin"">bevel</se:SvgParameter>
       <se:SvgParameter name=""stroke-linecap"">square</se:SvgParameter>
      </se:Stroke>
     </se:LineSymbolizer>
    </se:Rule>
    <se:Rule>
     <se:Name>2005</se:Name>
     <se:Description>
      <se:Title>2005</se:Title>
     </se:Description>
     <ogc:Filter xmlns:ogc=""http://www.opengis.net/ogc"">
      <ogc:And>
       <ogc:PropertyIsEqualTo>
        <ogc:PropertyName>certainty</ogc:PropertyName>
        <ogc:Literal>good</ogc:Literal>
       </ogc:PropertyIsEqualTo>
       <ogc:PropertyIsEqualTo>
        <ogc:PropertyName>year</ogc:PropertyName>
        <ogc:Literal>2005</ogc:Literal>
       </ogc:PropertyIsEqualTo>
      </ogc:And>
     </ogc:Filter>
     <se:MinScaleDenominator>0</se:MinScaleDenominator>
     <se:MaxScaleDenominator>25000</se:MaxScaleDenominator>
     <se:LineSymbolizer>
      <se:Stroke>
       <se:SvgParameter name=""stroke"">#b1315b</se:SvgParameter>
       <se:SvgParameter name=""stroke-width"">2</se:SvgParameter>
       <se:SvgParameter name=""stroke-linejoin"">bevel</se:SvgParameter>
       <se:SvgParameter name=""stroke-linecap"">square</se:SvgParameter>
      </se:Stroke>
     </se:LineSymbolizer>
    </se:Rule>
    <se:Rule>
     <se:Name>2006</se:Name>
     <se:Description>
      <se:Title>2006</se:Title>
     </se:Description>
     <ogc:Filter xmlns:ogc=""http://www.opengis.net/ogc"">
      <ogc:And>
       <ogc:PropertyIsEqualTo>
        <ogc:PropertyName>certainty</ogc:PropertyName>
        <ogc:Literal>good</ogc:Literal>
       </ogc:PropertyIsEqualTo>
       <ogc:PropertyIsEqualTo>
        <ogc:PropertyName>year</ogc:PropertyName>
        <ogc:Literal>2006</ogc:Literal>
       </ogc:PropertyIsEqualTo>
      </ogc:And>
     </ogc:Filter>
     <se:MinScaleDenominator>0</se:MinScaleDenominator>
     <se:MaxScaleDenominator>25000</se:MaxScaleDenominator>
     <se:LineSymbolizer>
      <se:Stroke>
       <se:SvgParameter name=""stroke"">#bb3755</se:SvgParameter>
       <se:SvgParameter name=""stroke-width"">2</se:SvgParameter>
       <se:SvgParameter name=""stroke-linejoin"">bevel</se:SvgParameter>
       <se:SvgParameter name=""stroke-linecap"">square</se:SvgParameter>
      </se:Stroke>
     </se:LineSymbolizer>
    </se:Rule>
    <se:Rule>
     <se:Name>2007</se:Name>
     <se:Description>
      <se:Title>2007</se:Title>
     </se:Description>
     <ogc:Filter xmlns:ogc=""http://www.opengis.net/ogc"">
      <ogc:And>
       <ogc:PropertyIsEqualTo>
        <ogc:PropertyName>certainty</ogc:PropertyName>
        <ogc:Literal>good</ogc:Literal>
       </ogc:PropertyIsEqualTo>
       <ogc:PropertyIsEqualTo>
        <ogc:PropertyName>year</ogc:PropertyName>
        <ogc:Literal>2007</ogc:Literal>
       </ogc:PropertyIsEqualTo>
      </ogc:And>
     </ogc:Filter>
     <se:MinScaleDenominator>0</se:MinScaleDenominator>
     <se:MaxScaleDenominator>25000</se:MaxScaleDenominator>
     <se:LineSymbolizer>
      <se:Stroke>
       <se:SvgParameter name=""stroke"">#c53d4d</se:SvgParameter>
       <se:SvgParameter name=""stroke-width"">2</se:SvgParameter>
       <se:SvgParameter name=""stroke-linejoin"">bevel</se:SvgParameter>
       <se:SvgParameter name=""stroke-linecap"">square</se:SvgParameter>
      </se:Stroke>
     </se:LineSymbolizer>
    </se:Rule>
    <se:Rule>
     <se:Name>2008</se:Name>
     <se:Description>
      <se:Title>2008</se:Title>
     </se:Description>
     <ogc:Filter xmlns:ogc=""http://www.opengis.net/ogc"">
      <ogc:And>
       <ogc:PropertyIsEqualTo>
        <ogc:PropertyName>certainty</ogc:PropertyName>
        <ogc:Literal>good</ogc:Literal>
       </ogc:PropertyIsEqualTo>
       <ogc:PropertyIsEqualTo>
        <ogc:PropertyName>year</ogc:PropertyName>
        <ogc:Literal>2008</ogc:Literal>
       </ogc:PropertyIsEqualTo>
      </ogc:And>
     </ogc:Filter>
     <se:MinScaleDenominator>0</se:MinScaleDenominator>
     <se:MaxScaleDenominator>25000</se:MaxScaleDenominator>
     <se:LineSymbolizer>
      <se:Stroke>
       <se:SvgParameter name=""stroke"">#ce4446</se:SvgParameter>
       <se:SvgParameter name=""stroke-width"">2</se:SvgParameter>
       <se:SvgParameter name=""stroke-linejoin"">bevel</se:SvgParameter>
       <se:SvgParameter name=""stroke-linecap"">square</se:SvgParameter>
      </se:Stroke>
     </se:LineSymbolizer>
    </se:Rule>
    <se:Rule>
     <se:Name>2009</se:Name>
     <se:Description>
      <se:Title>2009</se:Title>
     </se:Description>
     <ogc:Filter xmlns:ogc=""http://www.opengis.net/ogc"">
      <ogc:And>
       <ogc:PropertyIsEqualTo>
        <ogc:PropertyName>certainty</ogc:PropertyName>
        <ogc:Literal>good</ogc:Literal>
       </ogc:PropertyIsEqualTo>
       <ogc:PropertyIsEqualTo>
        <ogc:PropertyName>year</ogc:PropertyName>
        <ogc:Literal>2009</ogc:Literal>
       </ogc:PropertyIsEqualTo>
      </ogc:And>
     </ogc:Filter>
     <se:MinScaleDenominator>0</se:MinScaleDenominator>
     <se:MaxScaleDenominator>25000</se:MaxScaleDenominator>
     <se:LineSymbolizer>
      <se:Stroke>
       <se:SvgParameter name=""stroke"">#d84c3e</se:SvgParameter>
       <se:SvgParameter name=""stroke-width"">2</se:SvgParameter>
       <se:SvgParameter name=""stroke-linejoin"">bevel</se:SvgParameter>
       <se:SvgParameter name=""stroke-linecap"">square</se:SvgParameter>
      </se:Stroke>
     </se:LineSymbolizer>
    </se:Rule>
    <se:Rule>
     <se:Name>2010</se:Name>
     <se:Description>
      <se:Title>2010</se:Title>
     </se:Description>
     <ogc:Filter xmlns:ogc=""http://www.opengis.net/ogc"">
      <ogc:And>
       <ogc:PropertyIsEqualTo>
        <ogc:PropertyName>certainty</ogc:PropertyName>
        <ogc:Literal>good</ogc:Literal>
       </ogc:PropertyIsEqualTo>
       <ogc:PropertyIsEqualTo>
        <ogc:PropertyName>year</ogc:PropertyName>
        <ogc:Literal>2010</ogc:Literal>
       </ogc:PropertyIsEqualTo>
      </ogc:And>
     </ogc:Filter>
     <se:MinScaleDenominator>0</se:MinScaleDenominator>
     <se:MaxScaleDenominator>25000</se:MaxScaleDenominator>
     <se:LineSymbolizer>
      <se:Stroke>
       <se:SvgParameter name=""stroke"">#e05436</se:SvgParameter>
       <se:SvgParameter name=""stroke-width"">2</se:SvgParameter>
       <se:SvgParameter name=""stroke-linejoin"">bevel</se:SvgParameter>
       <se:SvgParameter name=""stroke-linecap"">square</se:SvgParameter>
      </se:Stroke>
     </se:LineSymbolizer>
    </se:Rule>
    <se:Rule>
     <se:Name>2011</se:Name>
     <se:Description>
      <se:Title>2011</se:Title>
     </se:Description>
     <ogc:Filter xmlns:ogc=""http://www.opengis.net/ogc"">
      <ogc:And>
       <ogc:PropertyIsEqualTo>
        <ogc:PropertyName>certainty</ogc:PropertyName>
        <ogc:Literal>good</ogc:Literal>
       </ogc:PropertyIsEqualTo>
       <ogc:PropertyIsEqualTo>
        <ogc:PropertyName>year</ogc:PropertyName>
        <ogc:Literal>2011</ogc:Literal>
       </ogc:PropertyIsEqualTo>
      </ogc:And>
     </ogc:Filter>
     <se:MinScaleDenominator>0</se:MinScaleDenominator>
     <se:MaxScaleDenominator>25000</se:MaxScaleDenominator>
     <se:LineSymbolizer>
      <se:Stroke>
       <se:SvgParameter name=""stroke"">#e75e2e</se:SvgParameter>
       <se:SvgParameter name=""stroke-width"">2</se:SvgParameter>
       <se:SvgParameter name=""stroke-linejoin"">bevel</se:SvgParameter>
       <se:SvgParameter name=""stroke-linecap"">square</se:SvgParameter>
      </se:Stroke>
     </se:LineSymbolizer>
    </se:Rule>
    <se:Rule>
     <se:Name>2012</se:Name>
     <se:Description>
      <se:Title>2012</se:Title>
     </se:Description>
     <ogc:Filter xmlns:ogc=""http://www.opengis.net/ogc"">
      <ogc:And>
       <ogc:PropertyIsEqualTo>
        <ogc:PropertyName>certainty</ogc:PropertyName>
        <ogc:Literal>good</ogc:Literal>
       </ogc:PropertyIsEqualTo>
       <ogc:PropertyIsEqualTo>
        <ogc:PropertyName>year</ogc:PropertyName>
        <ogc:Literal>2012</ogc:Literal>
       </ogc:PropertyIsEqualTo>
      </ogc:And>
     </ogc:Filter>
     <se:MinScaleDenominator>0</se:MinScaleDenominator>
     <se:MaxScaleDenominator>25000</se:MaxScaleDenominator>
     <se:LineSymbolizer>
      <se:Stroke>
       <se:SvgParameter name=""stroke"">#ed6925</se:SvgParameter>
       <se:SvgParameter name=""stroke-width"">2</se:SvgParameter>
       <se:SvgParameter name=""stroke-linejoin"">bevel</se:SvgParameter>
       <se:SvgParameter name=""stroke-linecap"">square</se:SvgParameter>
      </se:Stroke>
     </se:LineSymbolizer>
    </se:Rule>
    <se:Rule>
     <se:Name>2013</se:Name>
     <se:Description>
      <se:Title>2013</se:Title>
     </se:Description>
     <ogc:Filter xmlns:ogc=""http://www.opengis.net/ogc"">
      <ogc:And>
       <ogc:PropertyIsEqualTo>
        <ogc:PropertyName>certainty</ogc:PropertyName>
        <ogc:Literal>good</ogc:Literal>
       </ogc:PropertyIsEqualTo>
       <ogc:PropertyIsEqualTo>
        <ogc:PropertyName>year</ogc:PropertyName>
        <ogc:Literal>2013</ogc:Literal>
       </ogc:PropertyIsEqualTo>
      </ogc:And>
     </ogc:Filter>
     <se:MinScaleDenominator>0</se:MinScaleDenominator>
     <se:MaxScaleDenominator>25000</se:MaxScaleDenominator>
     <se:LineSymbolizer>
      <se:Stroke>
       <se:SvgParameter name=""stroke"">#f2741c</se:SvgParameter>
       <se:SvgParameter name=""stroke-width"">2</se:SvgParameter>
       <se:SvgParameter name=""stroke-linejoin"">bevel</se:SvgParameter>
       <se:SvgParameter name=""stroke-linecap"">square</se:SvgParameter>
      </se:Stroke>
     </se:LineSymbolizer>
    </se:Rule>
    <se:Rule>
     <se:Name>2014</se:Name>
     <se:Description>
      <se:Title>2014</se:Title>
     </se:Description>
     <ogc:Filter xmlns:ogc=""http://www.opengis.net/ogc"">
      <ogc:And>
       <ogc:PropertyIsEqualTo>
        <ogc:PropertyName>certainty</ogc:PropertyName>
        <ogc:Literal>good</ogc:Literal>
       </ogc:PropertyIsEqualTo>
       <ogc:PropertyIsEqualTo>
        <ogc:PropertyName>year</ogc:PropertyName>
        <ogc:Literal>2014</ogc:Literal>
       </ogc:PropertyIsEqualTo>
      </ogc:And>
     </ogc:Filter>
     <se:MinScaleDenominator>0</se:MinScaleDenominator>
     <se:MaxScaleDenominator>25000</se:MaxScaleDenominator>
     <se:LineSymbolizer>
      <se:Stroke>
       <se:SvgParameter name=""stroke"">#f78113</se:SvgParameter>
       <se:SvgParameter name=""stroke-width"">2</se:SvgParameter>
       <se:SvgParameter name=""stroke-linejoin"">bevel</se:SvgParameter>
       <se:SvgParameter name=""stroke-linecap"">square</se:SvgParameter>
      </se:Stroke>
     </se:LineSymbolizer>
    </se:Rule>
    <se:Rule>
     <se:Name>2015</se:Name>
     <se:Description>
      <se:Title>2015</se:Title>
     </se:Description>
     <ogc:Filter xmlns:ogc=""http://www.opengis.net/ogc"">
      <ogc:And>
       <ogc:PropertyIsEqualTo>
        <ogc:PropertyName>certainty</ogc:PropertyName>
        <ogc:Literal>good</ogc:Literal>
       </ogc:PropertyIsEqualTo>
       <ogc:PropertyIsEqualTo>
        <ogc:PropertyName>year</ogc:PropertyName>
        <ogc:Literal>2015</ogc:Literal>
       </ogc:PropertyIsEqualTo>
      </ogc:And>
     </ogc:Filter>
     <se:MinScaleDenominator>0</se:MinScaleDenominator>
     <se:MaxScaleDenominator>25000</se:MaxScaleDenominator>
     <se:LineSymbolizer>
      <se:Stroke>
       <se:SvgParameter name=""stroke"">#f98d0a</se:SvgParameter>
       <se:SvgParameter name=""stroke-width"">2</se:SvgParameter>
       <se:SvgParameter name=""stroke-linejoin"">bevel</se:SvgParameter>
       <se:SvgParameter name=""stroke-linecap"">square</se:SvgParameter>
      </se:Stroke>
     </se:LineSymbolizer>
    </se:Rule>
    <se:Rule>
     <se:Name>2016</se:Name>
     <se:Description>
      <se:Title>2016</se:Title>
     </se:Description>
     <ogc:Filter xmlns:ogc=""http://www.opengis.net/ogc"">
      <ogc:And>
       <ogc:PropertyIsEqualTo>
        <ogc:PropertyName>certainty</ogc:PropertyName>
        <ogc:Literal>good</ogc:Literal>
       </ogc:PropertyIsEqualTo>
       <ogc:PropertyIsEqualTo>
        <ogc:PropertyName>year</ogc:PropertyName>
        <ogc:Literal>2016</ogc:Literal>
       </ogc:PropertyIsEqualTo>
      </ogc:And>
     </ogc:Filter>
     <se:MinScaleDenominator>0</se:MinScaleDenominator>
     <se:MaxScaleDenominator>25000</se:MaxScaleDenominator>
     <se:LineSymbolizer>
      <se:Stroke>
       <se:SvgParameter name=""stroke"">#fb9a07</se:SvgParameter>
       <se:SvgParameter name=""stroke-width"">2</se:SvgParameter>
       <se:SvgParameter name=""stroke-linejoin"">bevel</se:SvgParameter>
       <se:SvgParameter name=""stroke-linecap"">square</se:SvgParameter>
      </se:Stroke>
     </se:LineSymbolizer>
    </se:Rule>
    <se:Rule>
     <se:Name>2017</se:Name>
     <se:Description>
      <se:Title>2017</se:Title>
     </se:Description>
     <ogc:Filter xmlns:ogc=""http://www.opengis.net/ogc"">
      <ogc:And>
       <ogc:PropertyIsEqualTo>
        <ogc:PropertyName>certainty</ogc:PropertyName>
        <ogc:Literal>good</ogc:Literal>
       </ogc:PropertyIsEqualTo>
       <ogc:PropertyIsEqualTo>
        <ogc:PropertyName>year</ogc:PropertyName>
        <ogc:Literal>2017</ogc:Literal>
       </ogc:PropertyIsEqualTo>
      </ogc:And>
     </ogc:Filter>
     <se:MinScaleDenominator>0</se:MinScaleDenominator>
     <se:MaxScaleDenominator>25000</se:MaxScaleDenominator>
     <se:LineSymbolizer>
      <se:Stroke>
       <se:SvgParameter name=""stroke"">#fca70d</se:SvgParameter>
       <se:SvgParameter name=""stroke-width"">2</se:SvgParameter>
       <se:SvgParameter name=""stroke-linejoin"">bevel</se:SvgParameter>
       <se:SvgParameter name=""stroke-linecap"">square</se:SvgParameter>
      </se:Stroke>
     </se:LineSymbolizer>
    </se:Rule>
    <se:Rule>
     <se:Name>2018</se:Name>
     <se:Description>
      <se:Title>2018</se:Title>
     </se:Description>
     <ogc:Filter xmlns:ogc=""http://www.opengis.net/ogc"">
      <ogc:And>
       <ogc:PropertyIsEqualTo>
        <ogc:PropertyName>certainty</ogc:PropertyName>
        <ogc:Literal>good</ogc:Literal>
       </ogc:PropertyIsEqualTo>
       <ogc:PropertyIsEqualTo>
        <ogc:PropertyName>year</ogc:PropertyName>
        <ogc:Literal>2018</ogc:Literal>
       </ogc:PropertyIsEqualTo>
      </ogc:And>
     </ogc:Filter>
     <se:MinScaleDenominator>0</se:MinScaleDenominator>
     <se:MaxScaleDenominator>25000</se:MaxScaleDenominator>
     <se:LineSymbolizer>
      <se:Stroke>
       <se:SvgParameter name=""stroke"">#fbb51a</se:SvgParameter>
       <se:SvgParameter name=""stroke-width"">2</se:SvgParameter>
       <se:SvgParameter name=""stroke-linejoin"">bevel</se:SvgParameter>
       <se:SvgParameter name=""stroke-linecap"">square</se:SvgParameter>
      </se:Stroke>
     </se:LineSymbolizer>
    </se:Rule>
    <se:Rule>
     <se:Name>2019</se:Name>
     <se:Description>
      <se:Title>2019</se:Title>
     </se:Description>
     <ogc:Filter xmlns:ogc=""http://www.opengis.net/ogc"">
      <ogc:And>
       <ogc:PropertyIsEqualTo>
        <ogc:PropertyName>certainty</ogc:PropertyName>
        <ogc:Literal>good</ogc:Literal>
       </ogc:PropertyIsEqualTo>
       <ogc:PropertyIsEqualTo>
        <ogc:PropertyName>year</ogc:PropertyName>
        <ogc:Literal>2019</ogc:Literal>
       </ogc:PropertyIsEqualTo>
      </ogc:And>
     </ogc:Filter>
     <se:MinScaleDenominator>0</se:MinScaleDenominator>
     <se:MaxScaleDenominator>25000</se:MaxScaleDenominator>
     <se:LineSymbolizer>
      <se:Stroke>
       <se:SvgParameter name=""stroke"">#fac329</se:SvgParameter>
       <se:SvgParameter name=""stroke-width"">2</se:SvgParameter>
       <se:SvgParameter name=""stroke-linejoin"">bevel</se:SvgParameter>
       <se:SvgParameter name=""stroke-linecap"">square</se:SvgParameter>
      </se:Stroke>
     </se:LineSymbolizer>
    </se:Rule>
    <se:Rule>
     <se:Name>2020</se:Name>
     <se:Description>
      <se:Title>2020</se:Title>
     </se:Description>
     <ogc:Filter xmlns:ogc=""http://www.opengis.net/ogc"">
      <ogc:And>
       <ogc:PropertyIsEqualTo>
        <ogc:PropertyName>certainty</ogc:PropertyName>
        <ogc:Literal>good</ogc:Literal>
       </ogc:PropertyIsEqualTo>
       <ogc:PropertyIsEqualTo>
        <ogc:PropertyName>year</ogc:PropertyName>
        <ogc:Literal>2020</ogc:Literal>
       </ogc:PropertyIsEqualTo>
      </ogc:And>
     </ogc:Filter>
     <se:MinScaleDenominator>0</se:MinScaleDenominator>
     <se:MaxScaleDenominator>25000</se:MaxScaleDenominator>
     <se:LineSymbolizer>
      <se:Stroke>
       <se:SvgParameter name=""stroke"">#f7d03c</se:SvgParameter>
       <se:SvgParameter name=""stroke-width"">2</se:SvgParameter>
       <se:SvgParameter name=""stroke-linejoin"">bevel</se:SvgParameter>
       <se:SvgParameter name=""stroke-linecap"">square</se:SvgParameter>
      </se:Stroke>
     </se:LineSymbolizer>
    </se:Rule>
    <se:Rule>
     <se:Name>2021</se:Name>
     <se:Description>
      <se:Title>2021</se:Title>
     </se:Description>
     <ogc:Filter xmlns:ogc=""http://www.opengis.net/ogc"">
      <ogc:And>
       <ogc:PropertyIsEqualTo>
        <ogc:PropertyName>certainty</ogc:PropertyName>
        <ogc:Literal>good</ogc:Literal>
       </ogc:PropertyIsEqualTo>
       <ogc:PropertyIsEqualTo>
        <ogc:PropertyName>year</ogc:PropertyName>
        <ogc:Literal>2021</ogc:Literal>
       </ogc:PropertyIsEqualTo>
      </ogc:And>
     </ogc:Filter>
     <se:MinScaleDenominator>0</se:MinScaleDenominator>
     <se:MaxScaleDenominator>25000</se:MaxScaleDenominator>
     <se:LineSymbolizer>
      <se:Stroke>
       <se:SvgParameter name=""stroke"">#f5de52</se:SvgParameter>
       <se:SvgParameter name=""stroke-width"">2</se:SvgParameter>
       <se:SvgParameter name=""stroke-linejoin"">bevel</se:SvgParameter>
       <se:SvgParameter name=""stroke-linecap"">square</se:SvgParameter>
      </se:Stroke>
     </se:LineSymbolizer>
    </se:Rule>
    <se:Rule>
     <se:Name>2022</se:Name>
     <se:Description>
      <se:Title>2022</se:Title>
     </se:Description>
     <ogc:Filter xmlns:ogc=""http://www.opengis.net/ogc"">
      <ogc:And>
       <ogc:PropertyIsEqualTo>
        <ogc:PropertyName>certainty</ogc:PropertyName>
        <ogc:Literal>good</ogc:Literal>
       </ogc:PropertyIsEqualTo>
       <ogc:PropertyIsEqualTo>
        <ogc:PropertyName>year</ogc:PropertyName>
        <ogc:Literal>2022</ogc:Literal>
       </ogc:PropertyIsEqualTo>
      </ogc:And>
     </ogc:Filter>
     <se:MinScaleDenominator>0</se:MinScaleDenominator>
     <se:MaxScaleDenominator>25000</se:MaxScaleDenominator>
     <se:LineSymbolizer>
      <se:Stroke>
       <se:SvgParameter name=""stroke"">#f2eb6c</se:SvgParameter>
       <se:SvgParameter name=""stroke-width"">2</se:SvgParameter>
       <se:SvgParameter name=""stroke-linejoin"">bevel</se:SvgParameter>
       <se:SvgParameter name=""stroke-linecap"">square</se:SvgParameter>
      </se:Stroke>
     </se:LineSymbolizer>
    </se:Rule>
    <se:Rule>
     <se:Name>2023</se:Name>
     <se:Description>
      <se:Title>2023</se:Title>
     </se:Description>
     <ogc:Filter xmlns:ogc=""http://www.opengis.net/ogc"">
      <ogc:And>
       <ogc:PropertyIsEqualTo>
        <ogc:PropertyName>certainty</ogc:PropertyName>
        <ogc:Literal>good</ogc:Literal>
       </ogc:PropertyIsEqualTo>
       <ogc:PropertyIsEqualTo>
        <ogc:PropertyName>year</ogc:PropertyName>
        <ogc:Literal>2023</ogc:Literal>
       </ogc:PropertyIsEqualTo>
      </ogc:And>
     </ogc:Filter>
     <se:MinScaleDenominator>0</se:MinScaleDenominator>
     <se:MaxScaleDenominator>25000</se:MaxScaleDenominator>
     <se:LineSymbolizer>
      <se:Stroke>
       <se:SvgParameter name=""stroke"">#f4f689</se:SvgParameter>
       <se:SvgParameter name=""stroke-width"">2</se:SvgParameter>
       <se:SvgParameter name=""stroke-linejoin"">bevel</se:SvgParameter>
       <se:SvgParameter name=""stroke-linecap"">square</se:SvgParameter>
      </se:Stroke>
     </se:LineSymbolizer>
    </se:Rule>
    <se:Rule>
     <se:Name>2024</se:Name>
     <se:Description>
      <se:Title>2024</se:Title>
     </se:Description>
     <ogc:Filter xmlns:ogc=""http://www.opengis.net/ogc"">
      <ogc:And>
       <ogc:PropertyIsEqualTo>
        <ogc:PropertyName>certainty</ogc:PropertyName>
        <ogc:Literal>good</ogc:Literal>
       </ogc:PropertyIsEqualTo>
       <ogc:PropertyIsEqualTo>
        <ogc:PropertyName>year</ogc:PropertyName>
        <ogc:Literal>2024</ogc:Literal>
       </ogc:PropertyIsEqualTo>
      </ogc:And>
     </ogc:Filter>
     <se:MinScaleDenominator>0</se:MinScaleDenominator>
     <se:MaxScaleDenominator>25000</se:MaxScaleDenominator>
     <se:LineSymbolizer>
      <se:Stroke>
       <se:SvgParameter name=""stroke"">#ffffe1</se:SvgParameter>
       <se:SvgParameter name=""stroke-width"">2</se:SvgParameter>
       <se:SvgParameter name=""stroke-linejoin"">bevel</se:SvgParameter>
       <se:SvgParameter name=""stroke-linecap"">square</se:SvgParameter>
      </se:Stroke>
     </se:LineSymbolizer>
    </se:Rule>
    <se:Rule>
     <se:Name>2025</se:Name>
     <se:Description>
      <se:Title>2025</se:Title>
     </se:Description>
     <ogc:Filter xmlns:ogc=""http://www.opengis.net/ogc"">
      <ogc:And>
       <ogc:PropertyIsEqualTo>
        <ogc:PropertyName>certainty</ogc:PropertyName>
        <ogc:Literal>good</ogc:Literal>
       </ogc:PropertyIsEqualTo>
       <ogc:PropertyIsEqualTo>
        <ogc:PropertyName>year</ogc:PropertyName>
        <ogc:Literal>2025</ogc:Literal>
       </ogc:PropertyIsEqualTo>
      </ogc:And>
     </ogc:Filter>
     <se:MinScaleDenominator>0</se:MinScaleDenominator>
     <se:MaxScaleDenominator>25000</se:MaxScaleDenominator>
     <se:LineSymbolizer>
      <se:Stroke>
       <se:SvgParameter name=""stroke"">#ffffff</se:SvgParameter>
       <se:SvgParameter name=""stroke-width"">2</se:SvgParameter>
       <se:SvgParameter name=""stroke-linejoin"">bevel</se:SvgParameter>
       <se:SvgParameter name=""stroke-linecap"">square</se:SvgParameter>
      </se:Stroke>
     </se:LineSymbolizer>
    </se:Rule>
    <se:Rule>
     <se:Name>Low quality shorelines</se:Name>
     <se:Description>
      <se:Title>Low quality shorelines</se:Title>
     </se:Description>
     <ogc:Filter xmlns:ogc=""http://www.opengis.net/ogc"">
      <ogc:PropertyIsNotEqualTo>
       <ogc:PropertyName>certainty</ogc:PropertyName>
       <ogc:Literal>good</ogc:Literal>
      </ogc:PropertyIsNotEqualTo>
     </ogc:Filter>
     <se:MinScaleDenominator>0</se:MinScaleDenominator>
     <se:MaxScaleDenominator>25000</se:MaxScaleDenominator>
     <se:LineSymbolizer>
      <se:Stroke>
       <se:SvgParameter name=""stroke"">#000000</se:SvgParameter>
       <se:SvgParameter name=""stroke-width"">1</se:SvgParameter>
       <se:SvgParameter name=""stroke-linejoin"">bevel</se:SvgParameter>
       <se:SvgParameter name=""stroke-linecap"">square</se:SvgParameter>
       <se:SvgParameter name=""stroke-dasharray"">4 2</se:SvgParameter>
      </se:Stroke>
     </se:LineSymbolizer>
    </se:Rule>
    <se:Rule>
     <se:Name>1988</se:Name>
     <se:Description>
      <se:Title>1988</se:Title>
     </se:Description>
     <ogc:Filter xmlns:ogc=""http://www.opengis.net/ogc"">
      <ogc:And>
       <ogc:PropertyIsNotEqualTo>
        <ogc:PropertyName>certainty</ogc:PropertyName>
        <ogc:Literal>good</ogc:Literal>
       </ogc:PropertyIsNotEqualTo>
       <ogc:PropertyIsEqualTo>
        <ogc:PropertyName>year</ogc:PropertyName>
        <ogc:Literal>1988</ogc:Literal>
       </ogc:PropertyIsEqualTo>
      </ogc:And>
     </ogc:Filter>
     <se:MinScaleDenominator>0</se:MinScaleDenominator>
     <se:MaxScaleDenominator>25000</se:MaxScaleDenominator>
     <se:LineSymbolizer>
      <se:Stroke>
       <se:SvgParameter name=""stroke"">#000004</se:SvgParameter>
       <se:SvgParameter name=""stroke-width"">1</se:SvgParameter>
       <se:SvgParameter name=""stroke-linejoin"">bevel</se:SvgParameter>
       <se:SvgParameter name=""stroke-linecap"">square</se:SvgParameter>
       <se:SvgParameter name=""stroke-dasharray"">4 2</se:SvgParameter>
      </se:Stroke>
     </se:LineSymbolizer>
    </se:Rule>
    <se:Rule>
     <se:Name>1989</se:Name>
     <se:Description>
      <se:Title>1989</se:Title>
     </se:Description>
     <ogc:Filter xmlns:ogc=""http://www.opengis.net/ogc"">
      <ogc:And>
       <ogc:PropertyIsNotEqualTo>
        <ogc:PropertyName>certainty</ogc:PropertyName>
        <ogc:Literal>good</ogc:Literal>
       </ogc:PropertyIsNotEqualTo>
       <ogc:PropertyIsEqualTo>
        <ogc:PropertyName>year</ogc:PropertyName>
        <ogc:Literal>1989</ogc:Literal>
       </ogc:PropertyIsEqualTo>
      </ogc:And>
     </ogc:Filter>
     <se:MinScaleDenominator>0</se:MinScaleDenominator>
     <se:MaxScaleDenominator>25000</se:MaxScaleDenominator>
     <se:LineSymbolizer>
      <se:Stroke>
       <se:SvgParameter name=""stroke"">#030311</se:SvgParameter>
       <se:SvgParameter name=""stroke-width"">1</se:SvgParameter>
       <se:SvgParameter name=""stroke-linejoin"">bevel</se:SvgParameter>
       <se:SvgParameter name=""stroke-linecap"">square</se:SvgParameter>
       <se:SvgParameter name=""stroke-dasharray"">4 2</se:SvgParameter>
      </se:Stroke>
     </se:LineSymbolizer>
    </se:Rule>
    <se:Rule>
     <se:Name>1990</se:Name>
     <se:Description>
      <se:Title>1990</se:Title>
     </se:Description>
     <ogc:Filter xmlns:ogc=""http://www.opengis.net/ogc"">
      <ogc:And>
       <ogc:PropertyIsNotEqualTo>
        <ogc:PropertyName>certainty</ogc:PropertyName>
        <ogc:Literal>good</ogc:Literal>
       </ogc:PropertyIsNotEqualTo>
       <ogc:PropertyIsEqualTo>
        <ogc:PropertyName>year</ogc:PropertyName>
        <ogc:Literal>1990</ogc:Literal>
       </ogc:PropertyIsEqualTo>
      </ogc:And>
     </ogc:Filter>
     <se:MinScaleDenominator>0</se:MinScaleDenominator>
     <se:MaxScaleDenominator>25000</se:MaxScaleDenominator>
     <se:LineSymbolizer>
      <se:Stroke>
       <se:SvgParameter name=""stroke"">#090720</se:SvgParameter>
       <se:SvgParameter name=""stroke-width"">1</se:SvgParameter>
       <se:SvgParameter name=""stroke-linejoin"">bevel</se:SvgParameter>
       <se:SvgParameter name=""stroke-linecap"">square</se:SvgParameter>
       <se:SvgParameter name=""stroke-dasharray"">4 2</se:SvgParameter>
      </se:Stroke>
     </se:LineSymbolizer>
    </se:Rule>
    <se:Rule>
     <se:Name>1991</se:Name>
     <se:Description>
      <se:Title>1991</se:Title>
     </se:Description>
     <ogc:Filter xmlns:ogc=""http://www.opengis.net/ogc"">
      <ogc:And>
       <ogc:PropertyIsNotEqualTo>
        <ogc:PropertyName>certainty</ogc:PropertyName>
        <ogc:Literal>good</ogc:Literal>
       </ogc:PropertyIsNotEqualTo>
       <ogc:PropertyIsEqualTo>
        <ogc:PropertyName>year</ogc:PropertyName>
        <ogc:Literal>1991</ogc:Literal>
       </ogc:PropertyIsEqualTo>
      </ogc:And>
     </ogc:Filter>
     <se:MinScaleDenominator>0</se:MinScaleDenominator>
     <se:MaxScaleDenominator>25000</se:MaxScaleDenominator>
     <se:LineSymbolizer>
      <se:Stroke>
       <se:SvgParameter name=""stroke"">#110930</se:SvgParameter>
       <se:SvgParameter name=""stroke-width"">1</se:SvgParameter>
       <se:SvgParameter name=""stroke-linejoin"">bevel</se:SvgParameter>
       <se:SvgParameter name=""stroke-linecap"">square</se:SvgParameter>
       <se:SvgParameter name=""stroke-dasharray"">4 2</se:SvgParameter>
      </se:Stroke>
     </se:LineSymbolizer>
    </se:Rule>
    <se:Rule>
     <se:Name>1992</se:Name>
     <se:Description>
      <se:Title>1992</se:Title>
     </se:Description>
     <ogc:Filter xmlns:ogc=""http://www.opengis.net/ogc"">
      <ogc:And>
       <ogc:PropertyIsNotEqualTo>
        <ogc:PropertyName>certainty</ogc:PropertyName>
        <ogc:Literal>good</ogc:Literal>
       </ogc:PropertyIsNotEqualTo>
       <ogc:PropertyIsEqualTo>
        <ogc:PropertyName>year</ogc:PropertyName>
        <ogc:Literal>1992</ogc:Literal>
       </ogc:PropertyIsEqualTo>
      </ogc:And>
     </ogc:Filter>
     <se:MinScaleDenominator>0</se:MinScaleDenominator>
     <se:MaxScaleDenominator>25000</se:MaxScaleDenominator>
     <se:LineSymbolizer>
      <se:Stroke>
       <se:SvgParameter name=""stroke"">#1b0c41</se:SvgParameter>
       <se:SvgParameter name=""stroke-width"">1</se:SvgParameter>
       <se:SvgParameter name=""stroke-linejoin"">bevel</se:SvgParameter>
       <se:SvgParameter name=""stroke-linecap"">square</se:SvgParameter>
       <se:SvgParameter name=""stroke-dasharray"">4 2</se:SvgParameter>
      </se:Stroke>
     </se:LineSymbolizer>
    </se:Rule>
    <se:Rule>
     <se:Name>1993</se:Name>
     <se:Description>
      <se:Title>1993</se:Title>
     </se:Description>
     <ogc:Filter xmlns:ogc=""http://www.opengis.net/ogc"">
      <ogc:And>
       <ogc:PropertyIsNotEqualTo>
        <ogc:PropertyName>certainty</ogc:PropertyName>
        <ogc:Literal>good</ogc:Literal>
       </ogc:PropertyIsNotEqualTo>
       <ogc:PropertyIsEqualTo>
        <ogc:PropertyName>year</ogc:PropertyName>
        <ogc:Literal>1993</ogc:Literal>
       </ogc:PropertyIsEqualTo>
      </ogc:And>
     </ogc:Filter>
     <se:MinScaleDenominator>0</se:MinScaleDenominator>
     <se:MaxScaleDenominator>25000</se:MaxScaleDenominator>
     <se:LineSymbolizer>
      <se:Stroke>
       <se:SvgParameter name=""stroke"">#270c52</se:SvgParameter>
       <se:SvgParameter name=""stroke-width"">1</se:SvgParameter>
       <se:SvgParameter name=""stroke-linejoin"">bevel</se:SvgParameter>
       <se:SvgParameter name=""stroke-linecap"">square</se:SvgParameter>
       <se:SvgParameter name=""stroke-dasharray"">4 2</se:SvgParameter>
      </se:Stroke>
     </se:LineSymbolizer>
    </se:Rule>
    <se:Rule>
     <se:Name>1994</se:Name>
     <se:Description>
      <se:Title>1994</se:Title>
     </se:Description>
     <ogc:Filter xmlns:ogc=""http://www.opengis.net/ogc"">
      <ogc:And>
       <ogc:PropertyIsNotEqualTo>
        <ogc:PropertyName>certainty</ogc:PropertyName>
        <ogc:Literal>good</ogc:Literal>
       </ogc:PropertyIsNotEqualTo>
       <ogc:PropertyIsEqualTo>
        <ogc:PropertyName>year</ogc:PropertyName>
        <ogc:Literal>1994</ogc:Literal>
       </ogc:PropertyIsEqualTo>
      </ogc:And>
     </ogc:Filter>
     <se:MinScaleDenominator>0</se:MinScaleDenominator>
     <se:MaxScaleDenominator>25000</se:MaxScaleDenominator>
     <se:LineSymbolizer>
      <se:Stroke>
       <se:SvgParameter name=""stroke"">#330a5e</se:SvgParameter>
       <se:SvgParameter name=""stroke-width"">1</se:SvgParameter>
       <se:SvgParameter name=""stroke-linejoin"">bevel</se:SvgParameter>
       <se:SvgParameter name=""stroke-linecap"">square</se:SvgParameter>
       <se:SvgParameter name=""stroke-dasharray"">4 2</se:SvgParameter>
      </se:Stroke>
     </se:LineSymbolizer>
    </se:Rule>
    <se:Rule>
     <se:Name>1995</se:Name>
     <se:Description>
      <se:Title>1995</se:Title>
     </se:Description>
     <ogc:Filter xmlns:ogc=""http://www.opengis.net/ogc"">
      <ogc:And>
       <ogc:PropertyIsNotEqualTo>
        <ogc:PropertyName>certainty</ogc:PropertyName>
        <ogc:Literal>good</ogc:Literal>
       </ogc:PropertyIsNotEqualTo>
       <ogc:PropertyIsEqualTo>
        <ogc:PropertyName>year</ogc:PropertyName>
        <ogc:Literal>1995</ogc:Literal>
       </ogc:PropertyIsEqualTo>
      </ogc:And>
     </ogc:Filter>
     <se:MinScaleDenominator>0</se:MinScaleDenominator>
     <se:MaxScaleDenominator>25000</se:MaxScaleDenominator>
     <se:LineSymbolizer>
      <se:Stroke>
       <se:SvgParameter name=""stroke"">#3f0a67</se:SvgParameter>
       <se:SvgParameter name=""stroke-width"">1</se:SvgParameter>
       <se:SvgParameter name=""stroke-linejoin"">bevel</se:SvgParameter>
       <se:SvgParameter name=""stroke-linecap"">square</se:SvgParameter>
       <se:SvgParameter name=""stroke-dasharray"">4 2</se:SvgParameter>
      </se:Stroke>
     </se:LineSymbolizer>
    </se:Rule>
    <se:Rule>
     <se:Name>1996</se:Name>
     <se:Description>
      <se:Title>1996</se:Title>
     </se:Description>
     <ogc:Filter xmlns:ogc=""http://www.opengis.net/ogc"">
      <ogc:And>
       <ogc:PropertyIsNotEqualTo>
        <ogc:PropertyName>certainty</ogc:PropertyName>
        <ogc:Literal>good</ogc:Literal>
       </ogc:PropertyIsNotEqualTo>
       <ogc:PropertyIsEqualTo>
        <ogc:PropertyName>year</ogc:PropertyName>
        <ogc:Literal>1996</ogc:Literal>
       </ogc:PropertyIsEqualTo>
      </ogc:And>
     </ogc:Filter>
     <se:MinScaleDenominator>0</se:MinScaleDenominator>
     <se:MaxScaleDenominator>25000</se:MaxScaleDenominator>
     <se:LineSymbolizer>
      <se:Stroke>
       <se:SvgParameter name=""stroke"">#4c0c6b</se:SvgParameter>
       <se:SvgParameter name=""stroke-width"">1</se:SvgParameter>
       <se:SvgParameter name=""stroke-linejoin"">bevel</se:SvgParameter>
       <se:SvgParameter name=""stroke-linecap"">square</se:SvgParameter>
       <se:SvgParameter name=""stroke-dasharray"">4 2</se:SvgParameter>
      </se:Stroke>
     </se:LineSymbolizer>
    </se:Rule>
    <se:Rule>
     <se:Name>1997</se:Name>
     <se:Description>
      <se:Title>1997</se:Title>
     </se:Description>
     <ogc:Filter xmlns:ogc=""http://www.opengis.net/ogc"">
      <ogc:And>
       <ogc:PropertyIsNotEqualTo>
        <ogc:PropertyName>certainty</ogc:PropertyName>
        <ogc:Literal>good</ogc:Literal>
       </ogc:PropertyIsNotEqualTo>
       <ogc:PropertyIsEqualTo>
        <ogc:PropertyName>year</ogc:PropertyName>
        <ogc:Literal>1997</ogc:Literal>
       </ogc:PropertyIsEqualTo>
      </ogc:And>
     </ogc:Filter>
     <se:MinScaleDenominator>0</se:MinScaleDenominator>
     <se:MaxScaleDenominator>25000</se:MaxScaleDenominator>
     <se:LineSymbolizer>
      <se:Stroke>
       <se:SvgParameter name=""stroke"">#570f6e</se:SvgParameter>
       <se:SvgParameter name=""stroke-width"">1</se:SvgParameter>
       <se:SvgParameter name=""stroke-linejoin"">bevel</se:SvgParameter>
       <se:SvgParameter name=""stroke-linecap"">square</se:SvgParameter>
       <se:SvgParameter name=""stroke-dasharray"">4 2</se:SvgParameter>
      </se:Stroke>
     </se:LineSymbolizer>
    </se:Rule>
    <se:Rule>
     <se:Name>1998</se:Name>
     <se:Description>
      <se:Title>1998</se:Title>
     </se:Description>
     <ogc:Filter xmlns:ogc=""http://www.opengis.net/ogc"">
      <ogc:And>
       <ogc:PropertyIsNotEqualTo>
        <ogc:PropertyName>certainty</ogc:PropertyName>
        <ogc:Literal>good</ogc:Literal>
       </ogc:PropertyIsNotEqualTo>
       <ogc:PropertyIsEqualTo>
        <ogc:PropertyName>year</ogc:PropertyName>
        <ogc:Literal>1998</ogc:Literal>
       </ogc:PropertyIsEqualTo>
      </ogc:And>
     </ogc:Filter>
     <se:MinScaleDenominator>0</se:MinScaleDenominator>
     <se:MaxScaleDenominator>25000</se:MaxScaleDenominator>
     <se:LineSymbolizer>
      <se:Stroke>
       <se:SvgParameter name=""stroke"">#62136e</se:SvgParameter>
       <se:SvgParameter name=""stroke-width"">1</se:SvgParameter>
       <se:SvgParameter name=""stroke-linejoin"">bevel</se:SvgParameter>
       <se:SvgParameter name=""stroke-linecap"">square</se:SvgParameter>
       <se:SvgParameter name=""stroke-dasharray"">4 2</se:SvgParameter>
      </se:Stroke>
     </se:LineSymbolizer>
    </se:Rule>
    <se:Rule>
     <se:Name>1999</se:Name>
     <se:Description>
      <se:Title>1999</se:Title>
     </se:Description>
     <ogc:Filter xmlns:ogc=""http://www.opengis.net/ogc"">
      <ogc:And>
       <ogc:PropertyIsNotEqualTo>
        <ogc:PropertyName>certainty</ogc:PropertyName>
        <ogc:Literal>good</ogc:Literal>
       </ogc:PropertyIsNotEqualTo>
       <ogc:PropertyIsEqualTo>
        <ogc:PropertyName>year</ogc:PropertyName>
        <ogc:Literal>1999</ogc:Literal>
       </ogc:PropertyIsEqualTo>
      </ogc:And>
     </ogc:Filter>
     <se:MinScaleDenominator>0</se:MinScaleDenominator>
     <se:MaxScaleDenominator>25000</se:MaxScaleDenominator>
     <se:LineSymbolizer>
      <se:Stroke>
       <se:SvgParameter name=""stroke"">#6e186e</se:SvgParameter>
       <se:SvgParameter name=""stroke-width"">1</se:SvgParameter>
       <se:SvgParameter name=""stroke-linejoin"">bevel</se:SvgParameter>
       <se:SvgParameter name=""stroke-linecap"">square</se:SvgParameter>
       <se:SvgParameter name=""stroke-dasharray"">4 2</se:SvgParameter>
      </se:Stroke>
     </se:LineSymbolizer>
    </se:Rule>
    <se:Rule>
     <se:Name>2000</se:Name>
     <se:Description>
      <se:Title>2000</se:Title>
     </se:Description>
     <ogc:Filter xmlns:ogc=""http://www.opengis.net/ogc"">
      <ogc:And>
       <ogc:PropertyIsNotEqualTo>
        <ogc:PropertyName>certainty</ogc:PropertyName>
        <ogc:Literal>good</ogc:Literal>
       </ogc:PropertyIsNotEqualTo>
       <ogc:PropertyIsEqualTo>
        <ogc:PropertyName>year</ogc:PropertyName>
        <ogc:Literal>2000</ogc:Literal>
       </ogc:PropertyIsEqualTo>
      </ogc:And>
     </ogc:Filter>
     <se:MinScaleDenominator>0</se:MinScaleDenominator>
     <se:MaxScaleDenominator>25000</se:MaxScaleDenominator>
     <se:LineSymbolizer>
      <se:Stroke>
       <se:SvgParameter name=""stroke"">#781c6d</se:SvgParameter>
       <se:SvgParameter name=""stroke-width"">1</se:SvgParameter>
       <se:SvgParameter name=""stroke-linejoin"">bevel</se:SvgParameter>
       <se:SvgParameter name=""stroke-linecap"">square</se:SvgParameter>
       <se:SvgParameter name=""stroke-dasharray"">4 2</se:SvgParameter>
      </se:Stroke>
     </se:LineSymbolizer>
    </se:Rule>
    <se:Rule>
     <se:Name>2001</se:Name>
     <se:Description>
      <se:Title>2001</se:Title>
     </se:Description>
     <ogc:Filter xmlns:ogc=""http://www.opengis.net/ogc"">
      <ogc:And>
       <ogc:PropertyIsNotEqualTo>
        <ogc:PropertyName>certainty</ogc:PropertyName>
        <ogc:Literal>good</ogc:Literal>
       </ogc:PropertyIsNotEqualTo>
       <ogc:PropertyIsEqualTo>
        <ogc:PropertyName>year</ogc:PropertyName>
        <ogc:Literal>2001</ogc:Literal>
       </ogc:PropertyIsEqualTo>
      </ogc:And>
     </ogc:Filter>
     <se:MinScaleDenominator>0</se:MinScaleDenominator>
     <se:MaxScaleDenominator>25000</se:MaxScaleDenominator>
     <se:LineSymbolizer>
      <se:Stroke>
       <se:SvgParameter name=""stroke"">#83206b</se:SvgParameter>
       <se:SvgParameter name=""stroke-width"">1</se:SvgParameter>
       <se:SvgParameter name=""stroke-linejoin"">bevel</se:SvgParameter>
       <se:SvgParameter name=""stroke-linecap"">square</se:SvgParameter>
       <se:SvgParameter name=""stroke-dasharray"">4 2</se:SvgParameter>
      </se:Stroke>
     </se:LineSymbolizer>
    </se:Rule>
    <se:Rule>
     <se:Name>2002</se:Name>
     <se:Description>
      <se:Title>2002</se:Title>
     </se:Description>
     <ogc:Filter xmlns:ogc=""http://www.opengis.net/ogc"">
      <ogc:And>
       <ogc:PropertyIsNotEqualTo>
        <ogc:PropertyName>certainty</ogc:PropertyName>
        <ogc:Literal>good</ogc:Literal>
       </ogc:PropertyIsNotEqualTo>
       <ogc:PropertyIsEqualTo>
        <ogc:PropertyName>year</ogc:PropertyName>
        <ogc:Literal>2002</ogc:Literal>
       </ogc:PropertyIsEqualTo>
      </ogc:And>
     </ogc:Filter>
     <se:MinScaleDenominator>0</se:MinScaleDenominator>
     <se:MaxScaleDenominator>25000</se:MaxScaleDenominator>
     <se:LineSymbolizer>
      <se:Stroke>
       <se:SvgParameter name=""stroke"">#8f2468</se:SvgParameter>
       <se:SvgParameter name=""stroke-width"">1</se:SvgParameter>
       <se:SvgParameter name=""stroke-linejoin"">bevel</se:SvgParameter>
       <se:SvgParameter name=""stroke-linecap"">square</se:SvgParameter>
       <se:SvgParameter name=""stroke-dasharray"">4 2</se:SvgParameter>
      </se:Stroke>
     </se:LineSymbolizer>
    </se:Rule>
    <se:Rule>
     <se:Name>2003</se:Name>
     <se:Description>
      <se:Title>2003</se:Title>
     </se:Description>
     <ogc:Filter xmlns:ogc=""http://www.opengis.net/ogc"">
      <ogc:And>
       <ogc:PropertyIsNotEqualTo>
        <ogc:PropertyName>certainty</ogc:PropertyName>
        <ogc:Literal>good</ogc:Literal>
       </ogc:PropertyIsNotEqualTo>
       <ogc:PropertyIsEqualTo>
        <ogc:PropertyName>year</ogc:PropertyName>
        <ogc:Literal>2003</ogc:Literal>
       </ogc:PropertyIsEqualTo>
      </ogc:And>
     </ogc:Filter>
     <se:MinScaleDenominator>0</se:MinScaleDenominator>
     <se:MaxScaleDenominator>25000</se:MaxScaleDenominator>
     <se:LineSymbolizer>
      <se:Stroke>
       <se:SvgParameter name=""stroke"">#9a2865</se:SvgParameter>
       <se:SvgParameter name=""stroke-width"">1</se:SvgParameter>
       <se:SvgParameter name=""stroke-linejoin"">bevel</se:SvgParameter>
       <se:SvgParameter name=""stroke-linecap"">square</se:SvgParameter>
       <se:SvgParameter name=""stroke-dasharray"">4 2</se:SvgParameter>
      </se:Stroke>
     </se:LineSymbolizer>
    </se:Rule>
    <se:Rule>
     <se:Name>2004</se:Name>
     <se:Description>
      <se:Title>2004</se:Title>
     </se:Description>
     <ogc:Filter xmlns:ogc=""http://www.opengis.net/ogc"">
      <ogc:And>
       <ogc:PropertyIsNotEqualTo>
        <ogc:PropertyName>certainty</ogc:PropertyName>
        <ogc:Literal>good</ogc:Literal>
       </ogc:PropertyIsNotEqualTo>
       <ogc:PropertyIsEqualTo>
        <ogc:PropertyName>year</ogc:PropertyName>
        <ogc:Literal>2004</ogc:Literal>
       </ogc:PropertyIsEqualTo>
      </ogc:And>
     </ogc:Filter>
     <se:MinScaleDenominator>0</se:MinScaleDenominator>
     <se:MaxScaleDenominator>25000</se:MaxScaleDenominator>
     <se:LineSymbolizer>
      <se:Stroke>
       <se:SvgParameter name=""stroke"">#a52d60</se:SvgParameter>
       <se:SvgParameter name=""stroke-width"">1</se:SvgParameter>
       <se:SvgParameter name=""stroke-linejoin"">bevel</se:SvgParameter>
       <se:SvgParameter name=""stroke-linecap"">square</se:SvgParameter>
       <se:SvgParameter name=""stroke-dasharray"">4 2</se:SvgParameter>
      </se:Stroke>
     </se:LineSymbolizer>
    </se:Rule>
    <se:Rule>
     <se:Name>2005</se:Name>
     <se:Description>
      <se:Title>2005</se:Title>
     </se:Description>
     <ogc:Filter xmlns:ogc=""http://www.opengis.net/ogc"">
      <ogc:And>
       <ogc:PropertyIsNotEqualTo>
        <ogc:PropertyName>certainty</ogc:PropertyName>
        <ogc:Literal>good</ogc:Literal>
       </ogc:PropertyIsNotEqualTo>
       <ogc:PropertyIsEqualTo>
        <ogc:PropertyName>year</ogc:PropertyName>
        <ogc:Literal>2005</ogc:Literal>
       </ogc:PropertyIsEqualTo>
      </ogc:And>
     </ogc:Filter>
     <se:MinScaleDenominator>0</se:MinScaleDenominator>
     <se:MaxScaleDenominator>25000</se:MaxScaleDenominator>
     <se:LineSymbolizer>
      <se:Stroke>
       <se:SvgParameter name=""stroke"">#b1315b</se:SvgParameter>
       <se:SvgParameter name=""stroke-width"">1</se:SvgParameter>
       <se:SvgParameter name=""stroke-linejoin"">bevel</se:SvgParameter>
       <se:SvgParameter name=""stroke-linecap"">square</se:SvgParameter>
       <se:SvgParameter name=""stroke-dasharray"">4 2</se:SvgParameter>
      </se:Stroke>
     </se:LineSymbolizer>
    </se:Rule>
    <se:Rule>
     <se:Name>2006</se:Name>
     <se:Description>
      <se:Title>2006</se:Title>
     </se:Description>
     <ogc:Filter xmlns:ogc=""http://www.opengis.net/ogc"">
      <ogc:And>
       <ogc:PropertyIsNotEqualTo>
        <ogc:PropertyName>certainty</ogc:PropertyName>
        <ogc:Literal>good</ogc:Literal>
       </ogc:PropertyIsNotEqualTo>
       <ogc:PropertyIsEqualTo>
        <ogc:PropertyName>year</ogc:PropertyName>
        <ogc:Literal>2006</ogc:Literal>
       </ogc:PropertyIsEqualTo>
      </ogc:And>
     </ogc:Filter>
     <se:MinScaleDenominator>0</se:MinScaleDenominator>
     <se:MaxScaleDenominator>25000</se:MaxScaleDenominator>
     <se:LineSymbolizer>
      <se:Stroke>
       <se:SvgParameter name=""stroke"">#bb3755</se:SvgParameter>
       <se:SvgParameter name=""stroke-width"">1</se:SvgParameter>
       <se:SvgParameter name=""stroke-linejoin"">bevel</se:SvgParameter>
       <se:SvgParameter name=""stroke-linecap"">square</se:SvgParameter>
       <se:SvgParameter name=""stroke-dasharray"">4 2</se:SvgParameter>
      </se:Stroke>
     </se:LineSymbolizer>
    </se:Rule>
    <se:Rule>
     <se:Name>2007</se:Name>
     <se:Description>
      <se:Title>2007</se:Title>
     </se:Description>
     <ogc:Filter xmlns:ogc=""http://www.opengis.net/ogc"">
      <ogc:And>
       <ogc:PropertyIsNotEqualTo>
        <ogc:PropertyName>certainty</ogc:PropertyName>
        <ogc:Literal>good</ogc:Literal>
       </ogc:PropertyIsNotEqualTo>
       <ogc:PropertyIsEqualTo>
        <ogc:PropertyName>year</ogc:PropertyName>
        <ogc:Literal>2007</ogc:Literal>
       </ogc:PropertyIsEqualTo>
      </ogc:And>
     </ogc:Filter>
     <se:MinScaleDenominator>0</se:MinScaleDenominator>
     <se:MaxScaleDenominator>25000</se:MaxScaleDenominator>
     <se:LineSymbolizer>
      <se:Stroke>
       <se:SvgParameter name=""stroke"">#c53d4d</se:SvgParameter>
       <se:SvgParameter name=""stroke-width"">1</se:SvgParameter>
       <se:SvgParameter name=""stroke-linejoin"">bevel</se:SvgParameter>
       <se:SvgParameter name=""stroke-linecap"">square</se:SvgParameter>
       <se:SvgParameter name=""stroke-dasharray"">4 2</se:SvgParameter>
      </se:Stroke>
     </se:LineSymbolizer>
    </se:Rule>
    <se:Rule>
     <se:Name>2008</se:Name>
     <se:Description>
      <se:Title>2008</se:Title>
     </se:Description>
     <ogc:Filter xmlns:ogc=""http://www.opengis.net/ogc"">
      <ogc:And>
       <ogc:PropertyIsNotEqualTo>
        <ogc:PropertyName>certainty</ogc:PropertyName>
        <ogc:Literal>good</ogc:Literal>
       </ogc:PropertyIsNotEqualTo>
       <ogc:PropertyIsEqualTo>
        <ogc:PropertyName>year</ogc:PropertyName>
        <ogc:Literal>2008</ogc:Literal>
       </ogc:PropertyIsEqualTo>
      </ogc:And>
     </ogc:Filter>
     <se:MinScaleDenominator>0</se:MinScaleDenominator>
     <se:MaxScaleDenominator>25000</se:MaxScaleDenominator>
     <se:LineSymbolizer>
      <se:Stroke>
       <se:SvgParameter name=""stroke"">#ce4446</se:SvgParameter>
       <se:SvgParameter name=""stroke-width"">1</se:SvgParameter>
       <se:SvgParameter name=""stroke-linejoin"">bevel</se:SvgParameter>
       <se:SvgParameter name=""stroke-linecap"">square</se:SvgParameter>
       <se:SvgParameter name=""stroke-dasharray"">4 2</se:SvgParameter>
      </se:Stroke>
     </se:LineSymbolizer>
    </se:Rule>
    <se:Rule>
     <se:Name>2009</se:Name>
     <se:Description>
      <se:Title>2009</se:Title>
     </se:Description>
     <ogc:Filter xmlns:ogc=""http://www.opengis.net/ogc"">
      <ogc:And>
       <ogc:PropertyIsNotEqualTo>
        <ogc:PropertyName>certainty</ogc:PropertyName>
        <ogc:Literal>good</ogc:Literal>
       </ogc:PropertyIsNotEqualTo>
       <ogc:PropertyIsEqualTo>
        <ogc:PropertyName>year</ogc:PropertyName>
        <ogc:Literal>2009</ogc:Literal>
       </ogc:PropertyIsEqualTo>
      </ogc:And>
     </ogc:Filter>
     <se:MinScaleDenominator>0</se:MinScaleDenominator>
     <se:MaxScaleDenominator>25000</se:MaxScaleDenominator>
     <se:LineSymbolizer>
      <se:Stroke>
       <se:SvgParameter name=""stroke"">#d84c3e</se:SvgParameter>
       <se:SvgParameter name=""stroke-width"">1</se:SvgParameter>
       <se:SvgParameter name=""stroke-linejoin"">bevel</se:SvgParameter>
       <se:SvgParameter name=""stroke-linecap"">square</se:SvgParameter>
       <se:SvgParameter name=""stroke-dasharray"">4 2</se:SvgParameter>
      </se:Stroke>
     </se:LineSymbolizer>
    </se:Rule>
    <se:Rule>
     <se:Name>2010</se:Name>
     <se:Description>
      <se:Title>2010</se:Title>
     </se:Description>
     <ogc:Filter xmlns:ogc=""http://www.opengis.net/ogc"">
      <ogc:And>
       <ogc:PropertyIsNotEqualTo>
        <ogc:PropertyName>certainty</ogc:PropertyName>
        <ogc:Literal>good</ogc:Literal>
       </ogc:PropertyIsNotEqualTo>
       <ogc:PropertyIsEqualTo>
        <ogc:PropertyName>year</ogc:PropertyName>
        <ogc:Literal>2010</ogc:Literal>
       </ogc:PropertyIsEqualTo>
      </ogc:And>
     </ogc:Filter>
     <se:MinScaleDenominator>0</se:MinScaleDenominator>
     <se:MaxScaleDenominator>25000</se:MaxScaleDenominator>
     <se:LineSymbolizer>
      <se:Stroke>
       <se:SvgParameter name=""stroke"">#e05436</se:SvgParameter>
       <se:SvgParameter name=""stroke-width"">1</se:SvgParameter>
       <se:SvgParameter name=""stroke-linejoin"">bevel</se:SvgParameter>
       <se:SvgParameter name=""stroke-linecap"">square</se:SvgParameter>
       <se:SvgParameter name=""stroke-dasharray"">4 2</se:SvgParameter>
      </se:Stroke>
     </se:LineSymbolizer>
    </se:Rule>
    <se:Rule>
     <se:Name>2011</se:Name>
     <se:Description>
      <se:Title>2011</se:Title>
     </se:Description>
     <ogc:Filter xmlns:ogc=""http://www.opengis.net/ogc"">
      <ogc:And>
       <ogc:PropertyIsNotEqualTo>
        <ogc:PropertyName>certainty</ogc:PropertyName>
        <ogc:Literal>good</ogc:Literal>
       </ogc:PropertyIsNotEqualTo>
       <ogc:PropertyIsEqualTo>
        <ogc:PropertyName>year</ogc:PropertyName>
        <ogc:Literal>2011</ogc:Literal>
       </ogc:PropertyIsEqualTo>
      </ogc:And>
     </ogc:Filter>
     <se:MinScaleDenominator>0</se:MinScaleDenominator>
     <se:MaxScaleDenominator>25000</se:MaxScaleDenominator>
     <se:LineSymbolizer>
      <se:Stroke>
       <se:SvgParameter name=""stroke"">#e75e2e</se:SvgParameter>
       <se:SvgParameter name=""stroke-width"">1</se:SvgParameter>
       <se:SvgParameter name=""stroke-linejoin"">bevel</se:SvgParameter>
       <se:SvgParameter name=""stroke-linecap"">square</se:SvgParameter>
       <se:SvgParameter name=""stroke-dasharray"">4 2</se:SvgParameter>
      </se:Stroke>
     </se:LineSymbolizer>
    </se:Rule>
    <se:Rule>
     <se:Name>2012</se:Name>
     <se:Description>
      <se:Title>2012</se:Title>
     </se:Description>
     <ogc:Filter xmlns:ogc=""http://www.opengis.net/ogc"">
      <ogc:And>
       <ogc:PropertyIsNotEqualTo>
        <ogc:PropertyName>certainty</ogc:PropertyName>
        <ogc:Literal>good</ogc:Literal>
       </ogc:PropertyIsNotEqualTo>
       <ogc:PropertyIsEqualTo>
        <ogc:PropertyName>year</ogc:PropertyName>
        <ogc:Literal>2012</ogc:Literal>
       </ogc:PropertyIsEqualTo>
      </ogc:And>
     </ogc:Filter>
     <se:MinScaleDenominator>0</se:MinScaleDenominator>
     <se:MaxScaleDenominator>25000</se:MaxScaleDenominator>
     <se:LineSymbolizer>
      <se:Stroke>
       <se:SvgParameter name=""stroke"">#ed6925</se:SvgParameter>
       <se:SvgParameter name=""stroke-width"">1</se:SvgParameter>
       <se:SvgParameter name=""stroke-linejoin"">bevel</se:SvgParameter>
       <se:SvgParameter name=""stroke-linecap"">square</se:SvgParameter>
       <se:SvgParameter name=""stroke-dasharray"">4 2</se:SvgParameter>
      </se:Stroke>
     </se:LineSymbolizer>
    </se:Rule>
    <se:Rule>
     <se:Name>2013</se:Name>
     <se:Description>
      <se:Title>2013</se:Title>
     </se:Description>
     <ogc:Filter xmlns:ogc=""http://www.opengis.net/ogc"">
      <ogc:And>
       <ogc:PropertyIsNotEqualTo>
        <ogc:PropertyName>certainty</ogc:PropertyName>
        <ogc:Literal>good</ogc:Literal>
       </ogc:PropertyIsNotEqualTo>
       <ogc:PropertyIsEqualTo>
        <ogc:PropertyName>year</ogc:PropertyName>
        <ogc:Literal>2013</ogc:Literal>
       </ogc:PropertyIsEqualTo>
      </ogc:And>
     </ogc:Filter>
     <se:MinScaleDenominator>0</se:MinScaleDenominator>
     <se:MaxScaleDenominator>25000</se:MaxScaleDenominator>
     <se:LineSymbolizer>
      <se:Stroke>
       <se:SvgParameter name=""stroke"">#f2741c</se:SvgParameter>
       <se:SvgParameter name=""stroke-width"">1</se:SvgParameter>
       <se:SvgParameter name=""stroke-linejoin"">bevel</se:SvgParameter>
       <se:SvgParameter name=""stroke-linecap"">square</se:SvgParameter>
       <se:SvgParameter name=""stroke-dasharray"">4 2</se:SvgParameter>
      </se:Stroke>
     </se:LineSymbolizer>
    </se:Rule>
    <se:Rule>
     <se:Name>2014</se:Name>
     <se:Description>
      <se:Title>2014</se:Title>
     </se:Description>
     <ogc:Filter xmlns:ogc=""http://www.opengis.net/ogc"">
      <ogc:And>
       <ogc:PropertyIsNotEqualTo>
        <ogc:PropertyName>certainty</ogc:PropertyName>
        <ogc:Literal>good</ogc:Literal>
       </ogc:PropertyIsNotEqualTo>
       <ogc:PropertyIsEqualTo>
        <ogc:PropertyName>year</ogc:PropertyName>
        <ogc:Literal>2014</ogc:Literal>
       </ogc:PropertyIsEqualTo>
      </ogc:And>
     </ogc:Filter>
     <se:MinScaleDenominator>0</se:MinScaleDenominator>
     <se:MaxScaleDenominator>25000</se:MaxScaleDenominator>
     <se:LineSymbolizer>
      <se:Stroke>
       <se:SvgParameter name=""stroke"">#f78113</se:SvgParameter>
       <se:SvgParameter name=""stroke-width"">1</se:SvgParameter>
       <se:SvgParameter name=""stroke-linejoin"">bevel</se:SvgParameter>
       <se:SvgParameter name=""stroke-linecap"">square</se:SvgParameter>
       <se:SvgParameter name=""stroke-dasharray"">4 2</se:SvgParameter>
      </se:Stroke>
     </se:LineSymbolizer>
    </se:Rule>
    <se:Rule>
     <se:Name>2015</se:Name>
     <se:Description>
      <se:Title>2015</se:Title>
     </se:Description>
     <ogc:Filter xmlns:ogc=""http://www.opengis.net/ogc"">
      <ogc:And>
       <ogc:PropertyIsNotEqualTo>
        <ogc:PropertyName>certainty</ogc:PropertyName>
        <ogc:Literal>good</ogc:Literal>
       </ogc:PropertyIsNotEqualTo>
       <ogc:PropertyIsEqualTo>
        <ogc:PropertyName>year</ogc:PropertyName>
        <ogc:Literal>2015</ogc:Literal>
       </ogc:PropertyIsEqualTo>
      </ogc:And>
     </ogc:Filter>
     <se:MinScaleDenominator>0</se:MinScaleDenominator>
     <se:MaxScaleDenominator>25000</se:MaxScaleDenominator>
     <se:LineSymbolizer>
      <se:Stroke>
       <se:SvgParameter name=""stroke"">#f98d0a</se:SvgParameter>
       <se:SvgParameter name=""stroke-width"">1</se:SvgParameter>
       <se:SvgParameter name=""stroke-linejoin"">bevel</se:SvgParameter>
       <se:SvgParameter name=""stroke-linecap"">square</se:SvgParameter>
       <se:SvgParameter name=""stroke-dasharray"">4 2</se:SvgParameter>
      </se:Stroke>
     </se:LineSymbolizer>
    </se:Rule>
    <se:Rule>
     <se:Name>2016</se:Name>
     <se:Description>
      <se:Title>2016</se:Title>
     </se:Description>
     <ogc:Filter xmlns:ogc=""http://www.opengis.net/ogc"">
      <ogc:And>
       <ogc:PropertyIsNotEqualTo>
        <ogc:PropertyName>certainty</ogc:PropertyName>
        <ogc:Literal>good</ogc:Literal>
       </ogc:PropertyIsNotEqualTo>
       <ogc:PropertyIsEqualTo>
        <ogc:PropertyName>year</ogc:PropertyName>
        <ogc:Literal>2016</ogc:Literal>
       </ogc:PropertyIsEqualTo>
      </ogc:And>
     </ogc:Filter>
     <se:MinScaleDenominator>0</se:MinScaleDenominator>
     <se:MaxScaleDenominator>25000</se:MaxScaleDenominator>
     <se:LineSymbolizer>
      <se:Stroke>
       <se:SvgParameter name=""stroke"">#fb9a07</se:SvgParameter>
       <se:SvgParameter name=""stroke-width"">1</se:SvgParameter>
       <se:SvgParameter name=""stroke-linejoin"">bevel</se:SvgParameter>
       <se:SvgParameter name=""stroke-linecap"">square</se:SvgParameter>
       <se:SvgParameter name=""stroke-dasharray"">4 2</se:SvgParameter>
      </se:Stroke>
     </se:LineSymbolizer>
    </se:Rule>
    <se:Rule>
     <se:Name>2017</se:Name>
     <se:Description>
      <se:Title>2017</se:Title>
     </se:Description>
     <ogc:Filter xmlns:ogc=""http://www.opengis.net/ogc"">
      <ogc:And>
       <ogc:PropertyIsNotEqualTo>
        <ogc:PropertyName>certainty</ogc:PropertyName>
        <ogc:Literal>good</ogc:Literal>
       </ogc:PropertyIsNotEqualTo>
       <ogc:PropertyIsEqualTo>
        <ogc:PropertyName>year</ogc:PropertyName>
        <ogc:Literal>2017</ogc:Literal>
       </ogc:PropertyIsEqualTo>
      </ogc:And>
     </ogc:Filter>
     <se:MinScaleDenominator>0</se:MinScaleDenominator>
     <se:MaxScaleDenominator>25000</se:MaxScaleDenominator>
     <se:LineSymbolizer>
      <se:Stroke>
       <se:SvgParameter name=""stroke"">#fca70d</se:SvgParameter>
       <se:SvgParameter name=""stroke-width"">1</se:SvgParameter>
       <se:SvgParameter name=""stroke-linejoin"">bevel</se:SvgParameter>
       <se:SvgParameter name=""stroke-linecap"">square</se:SvgParameter>
       <se:SvgParameter name=""stroke-dasharray"">4 2</se:SvgParameter>
      </se:Stroke>
     </se:LineSymbolizer>
    </se:Rule>
    <se:Rule>
     <se:Name>2018</se:Name>
     <se:Description>
      <se:Title>2018</se:Title>
     </se:Description>
     <ogc:Filter xmlns:ogc=""http://www.opengis.net/ogc"">
      <ogc:And>
       <ogc:PropertyIsNotEqualTo>
        <ogc:PropertyName>certainty</ogc:PropertyName>
        <ogc:Literal>good</ogc:Literal>
       </ogc:PropertyIsNotEqualTo>
       <ogc:PropertyIsEqualTo>
        <ogc:PropertyName>year</ogc:PropertyName>
        <ogc:Literal>2018</ogc:Literal>
       </ogc:PropertyIsEqualTo>
      </ogc:And>
     </ogc:Filter>
     <se:MinScaleDenominator>0</se:MinScaleDenominator>
     <se:MaxScaleDenominator>25000</se:MaxScaleDenominator>
     <se:LineSymbolizer>
      <se:Stroke>
       <se:SvgParameter name=""stroke"">#fbb51a</se:SvgParameter>
       <se:SvgParameter name=""stroke-width"">1</se:SvgParameter>
       <se:SvgParameter name=""stroke-linejoin"">bevel</se:SvgParameter>
       <se:SvgParameter name=""stroke-linecap"">square</se:SvgParameter>
       <se:SvgParameter name=""stroke-dasharray"">4 2</se:SvgParameter>
      </se:Stroke>
     </se:LineSymbolizer>
    </se:Rule>
    <se:Rule>
     <se:Name>2019</se:Name>
     <se:Description>
      <se:Title>2019</se:Title>
     </se:Description>
     <ogc:Filter xmlns:ogc=""http://www.opengis.net/ogc"">
      <ogc:And>
       <ogc:PropertyIsNotEqualTo>
        <ogc:PropertyName>certainty</ogc:PropertyName>
        <ogc:Literal>good</ogc:Literal>
       </ogc:PropertyIsNotEqualTo>
       <ogc:PropertyIsEqualTo>
        <ogc:PropertyName>year</ogc:PropertyName>
        <ogc:Literal>2019</ogc:Literal>
       </ogc:PropertyIsEqualTo>
      </ogc:And>
     </ogc:Filter>
     <se:MinScaleDenominator>0</se:MinScaleDenominator>
     <se:MaxScaleDenominator>25000</se:MaxScaleDenominator>
     <se:LineSymbolizer>
      <se:Stroke>
       <se:SvgParameter name=""stroke"">#fac329</se:SvgParameter>
       <se:SvgParameter name=""stroke-width"">1</se:SvgParameter>
       <se:SvgParameter name=""stroke-linejoin"">bevel</se:SvgParameter>
       <se:SvgParameter name=""stroke-linecap"">square</se:SvgParameter>
       <se:SvgParameter name=""stroke-dasharray"">4 2</se:SvgParameter>
      </se:Stroke>
     </se:LineSymbolizer>
    </se:Rule>
    <se:Rule>
     <se:Name>2020</se:Name>
     <se:Description>
      <se:Title>2020</se:Title>
     </se:Description>
     <ogc:Filter xmlns:ogc=""http://www.opengis.net/ogc"">
      <ogc:And>
       <ogc:PropertyIsNotEqualTo>
        <ogc:PropertyName>certainty</ogc:PropertyName>
        <ogc:Literal>good</ogc:Literal>
       </ogc:PropertyIsNotEqualTo>
       <ogc:PropertyIsEqualTo>
        <ogc:PropertyName>year</ogc:PropertyName>
        <ogc:Literal>2020</ogc:Literal>
       </ogc:PropertyIsEqualTo>
      </ogc:And>
     </ogc:Filter>
     <se:MinScaleDenominator>0</se:MinScaleDenominator>
     <se:MaxScaleDenominator>25000</se:MaxScaleDenominator>
     <se:LineSymbolizer>
      <se:Stroke>
       <se:SvgParameter name=""stroke"">#f7d03c</se:SvgParameter>
       <se:SvgParameter name=""stroke-width"">1</se:SvgParameter>
       <se:SvgParameter name=""stroke-linejoin"">bevel</se:SvgParameter>
       <se:SvgParameter name=""stroke-linecap"">square</se:SvgParameter>
       <se:SvgParameter name=""stroke-dasharray"">4 2</se:SvgParameter>
      </se:Stroke>
     </se:LineSymbolizer>
    </se:Rule>
    <se:Rule>
     <se:Name>2021</se:Name>
     <se:Description>
      <se:Title>2021</se:Title>
     </se:Description>
     <ogc:Filter xmlns:ogc=""http://www.opengis.net/ogc"">
      <ogc:And>
       <ogc:PropertyIsNotEqualTo>
        <ogc:PropertyName>certainty</ogc:PropertyName>
        <ogc:Literal>good</ogc:Literal>
       </ogc:PropertyIsNotEqualTo>
       <ogc:PropertyIsEqualTo>
        <ogc:PropertyName>year</ogc:PropertyName>
        <ogc:Literal>2021</ogc:Literal>
       </ogc:PropertyIsEqualTo>
      </ogc:And>
     </ogc:Filter>
     <se:MinScaleDenominator>0</se:MinScaleDenominator>
     <se:MaxScaleDenominator>25000</se:MaxScaleDenominator>
     <se:LineSymbolizer>
      <se:Stroke>
       <se:SvgParameter name=""stroke"">#f5de52</se:SvgParameter>
       <se:SvgParameter name=""stroke-width"">1</se:SvgParameter>
       <se:SvgParameter name=""stroke-linejoin"">bevel</se:SvgParameter>
       <se:SvgParameter name=""stroke-linecap"">square</se:SvgParameter>
       <se:SvgParameter name=""stroke-dasharray"">4 2</se:SvgParameter>
      </se:Stroke>
     </se:LineSymbolizer>
    </se:Rule>
    <se:Rule>
     <se:Name>2022</se:Name>
     <se:Description>
      <se:Title>2022</se:Title>
     </se:Description>
     <ogc:Filter xmlns:ogc=""http://www.opengis.net/ogc"">
      <ogc:And>
       <ogc:PropertyIsNotEqualTo>
        <ogc:PropertyName>certainty</ogc:PropertyName>
        <ogc:Literal>good</ogc:Literal>
       </ogc:PropertyIsNotEqualTo>
       <ogc:PropertyIsEqualTo>
        <ogc:PropertyName>year</ogc:PropertyName>
        <ogc:Literal>2022</ogc:Literal>
       </ogc:PropertyIsEqualTo>
      </ogc:And>
     </ogc:Filter>
     <se:MinScaleDenominator>0</se:MinScaleDenominator>
     <se:MaxScaleDenominator>25000</se:MaxScaleDenominator>
     <se:LineSymbolizer>
      <se:Stroke>
       <se:SvgParameter name=""stroke"">#f2eb6c</se:SvgParameter>
       <se:SvgParameter name=""stroke-width"">1</se:SvgParameter>
       <se:SvgParameter name=""stroke-linejoin"">bevel</se:SvgParameter>
       <se:SvgParameter name=""stroke-linecap"">square</se:SvgParameter>
       <se:SvgParameter name=""stroke-dasharray"">4 2</se:SvgParameter>
      </se:Stroke>
     </se:LineSymbolizer>
    </se:Rule>
    <se:Rule>
     <se:Name>2023</se:Name>
     <se:Description>
      <se:Title>2023</se:Title>
     </se:Description>
     <ogc:Filter xmlns:ogc=""http://www.opengis.net/ogc"">
      <ogc:And>
       <ogc:PropertyIsNotEqualTo>
        <ogc:PropertyName>certainty</ogc:PropertyName>
        <ogc:Literal>good</ogc:Literal>
       </ogc:PropertyIsNotEqualTo>
       <ogc:PropertyIsEqualTo>
        <ogc:PropertyName>year</ogc:PropertyName>
        <ogc:Literal>2023</ogc:Literal>
       </ogc:PropertyIsEqualTo>
      </ogc:And>
     </ogc:Filter>
     <se:MinScaleDenominator>0</se:MinScaleDenominator>
     <se:MaxScaleDenominator>25000</se:MaxScaleDenominator>
     <se:LineSymbolizer>
      <se:Stroke>
       <se:SvgParameter name=""stroke"">#f4f689</se:SvgParameter>
       <se:SvgParameter name=""stroke-width"">1</se:SvgParameter>
       <se:SvgParameter name=""stroke-linejoin"">bevel</se:SvgParameter>
       <se:SvgParameter name=""stroke-linecap"">square</se:SvgParameter>
       <se:SvgParameter name=""stroke-dasharray"">4 2</se:SvgParameter>
      </se:Stroke>
     </se:LineSymbolizer>
    </se:Rule>
    <se:Rule>
     <se:Name>2024</se:Name>
     <se:Description>
      <se:Title>2024</se:Title>
     </se:Description>
     <ogc:Filter xmlns:ogc=""http://www.opengis.net/ogc"">
      <ogc:And>
       <ogc:PropertyIsNotEqualTo>
        <ogc:PropertyName>certainty</ogc:PropertyName>
        <ogc:Literal>good</ogc:Literal>
       </ogc:PropertyIsNotEqualTo>
       <ogc:PropertyIsEqualTo>
        <ogc:PropertyName>year</ogc:PropertyName>
        <ogc:Literal>2024</ogc:Literal>
       </ogc:PropertyIsEqualTo>
      </ogc:And>
     </ogc:Filter>
     <se:MinScaleDenominator>0</se:MinScaleDenominator>
     <se:MaxScaleDenominator>25000</se:MaxScaleDenominator>
     <se:LineSymbolizer>
      <se:Stroke>
       <se:SvgParameter name=""stroke"">#ffffe1</se:SvgParameter>
       <se:SvgParameter name=""stroke-width"">1</se:SvgParameter>
       <se:SvgParameter name=""stroke-linejoin"">bevel</se:SvgParameter>
       <se:SvgParameter name=""stroke-linecap"">square</se:SvgParameter>
       <se:SvgParameter name=""stroke-dasharray"">4 2</se:SvgParameter>
      </se:Stroke>
     </se:LineSymbolizer>
    </se:Rule>
    <se:Rule>
     <se:Name>2025</se:Name>
     <se:Description>
      <se:Title>2025</se:Title>
     </se:Description>
     <ogc:Filter xmlns:ogc=""http://www.opengis.net/ogc"">
      <ogc:And>
       <ogc:PropertyIsNotEqualTo>
        <ogc:PropertyName>certainty</ogc:PropertyName>
        <ogc:Literal>good</ogc:Literal>
       </ogc:PropertyIsNotEqualTo>
       <ogc:PropertyIsEqualTo>
        <ogc:PropertyName>year</ogc:PropertyName>
        <ogc:Literal>2025</ogc:Literal>
       </ogc:PropertyIsEqualTo>
      </ogc:And>
     </ogc:Filter>
     <se:MinScaleDenominator>0</se:MinScaleDenominator>
     <se:MaxScaleDenominator>25000</se:MaxScaleDenominator>
     <se:LineSymbolizer>
      <se:Stroke>
       <se:SvgParameter name=""stroke"">#ffffff</se:SvgParameter>
       <se:SvgParameter name=""stroke-width"">1</se:SvgParameter>
       <se:SvgParameter name=""stroke-linejoin"">bevel</se:SvgParameter>
       <se:SvgParameter name=""stroke-linecap"">square</se:SvgParameter>
       <se:SvgParameter name=""stroke-dasharray"">4 2</se:SvgParameter>
      </se:Stroke>
     </se:LineSymbolizer>
    </se:Rule>
    <se:Rule>
     <se:MinScaleDenominator>0</se:MinScaleDenominator>
     <se:MaxScaleDenominator>10000</se:MaxScaleDenominator>
     <se:TextSymbolizer>
      <se:Label>
       <ogc:PropertyName>year</ogc:PropertyName>
      </se:Label>
      <se:Font>
       <se:SvgParameter name=""font-family"">MS Shell Dlg 2</se:SvgParameter>
       <se:SvgParameter name=""font-size"">13</se:SvgParameter>
      </se:Font>
      <se:LabelPlacement>
       <se:LinePlacement>
        <se:GeneralizeLine>true</se:GeneralizeLine>
       </se:LinePlacement>
      </se:LabelPlacement>
      <se:Halo>
       <se:Radius>2</se:Radius>
       <se:Fill>
        <se:SvgParameter name=""fill"">#000000</se:SvgParameter>
        <se:SvgParameter name=""fill-opacity"">0.477</se:SvgParameter>
       </se:Fill>
      </se:Halo>
      <se:Fill>
       <se:SvgParameter name=""fill"">#ffffff</se:SvgParameter>
      </se:Fill>
     </se:TextSymbolizer>
    </se:Rule>
   </se:FeatureTypeStyle>
  </UserStyle>
 </NamedLayer>
</StyledLayerDescriptor>
",1,Thu Feb 5 09:45:50 2026,,,2022-06-02T07:16:19+00:00
